,Original_SMILES,QED,SA_score
0,Cc1cc(-c2csc(N=C(N)N)n2)cn1C,0.6087812067669083,3.048473999823856
4,Brc1cccc(Nc2ncnc3ccncc23)c1NCCN1CCOCC1,0.6231140863863042,2.5951846156841754
5,COc1c(O)cc(O)c(C(=N)Cc2ccc(O)cc2)c1O,0.5531499784487034,2.6586290455333845
6,CCOC(=O)c1cc2cc(C(=O)O)ccc2[nH]1,0.7948748727748411,1.951981475457579
8,C[C@H](NC(=O)OCc1ccccc1)C(=O)N[C@@H](C)C(=O)NN(CC(N)=O)C(=O)/C=C/C(=O)N(Cc1ccco1)Cc1ccco1,0.14987187338635805,3.746987182494471
10,COc1ccc2c(c1OC)C(CC1(C)C=Cc3c(c4cccc(OC)c4n(C)c3=O)O1)N(C)c1c-2ccc2cc3c(cc12)OCO3,0.2114928668736641,4.227592275517933
14,COc1cccc(CNC2(CCC(C)(C)C)C(=O)C(C3=NS(=O)(=O)c4cc(NS(C)(=O)=O)ccc4N3)=C(O)c3ccccc32)c1,0.2506869238863889,3.8377148117495263
16,C[C@H]1CN(CCC(=O)N[C@@H](CCc2ccccc2)C(=O)O)CC[C@@]1(C)c1cccc(O)c1,0.5567814389703877,3.288909422696192
17,O=C(NO)c1ccc(I)cc1,0.45694306234739984,1.9019941824510767
18,C=CCc1ccc(OC(=O)C23CC4CC(CC(C4)C2)C3)c(OC)c1,0.4524013777813292,3.5957431109970814
19,Cc1cccc(N2CCN(CCCON3C(=O)c4ccccc4C3=O)CC2)c1,0.570641703375708,2.231489595944714
20,N=c1sc2ccccc2n1CCN1CCC(c2ccc(F)cc2)CC1,0.747225104740126,2.3208851666297505
21,CCCCCCCCCCCCCC(=O)NCc1ccc(C(=O)N[C@H](C(=O)O)[C@@H](C)CC)cc1,0.20701685494347077,2.8307339228445727
22,O=C(Nc1ncc(F)s1)[C@H](CC1CCOCC1)c1ccc(S(=O)(=O)C2CC2)cc1,0.7115082020895332,3.1981912569809223
23,Oc1ccc(/N=C(/Cc2ccc(Cl)cc2)c2ccc(O)c(O)c2O)cc1,0.40136496314557774,2.5299938730253047
27,COc1cc(C(O)C(COC(=O)/C=C/c2ccc(O)cc2)Oc2c(OC)cc(/C=C/COC(=O)/C=C/c3ccc(O)cc3)cc2OC)ccc1O,0.08161599727860268,3.9020500290379463
28,COc1cc(O)c(-c2cc(-c3cc(-c4c(O)cc(O)c5c4C[C@@H](C)N[C@@H]5C)c4cc(C)cc(OC)c4c3O)c(O)c3c(OC)cc(C)cc23)c2c1C(C)=N[C@H](C)C2,0.09729316711578358,4.909194795954532
30,COC(=O)C[C@H]1C(C)(C)[C@H](OC(C)=O)[C@H]2C(=O)[C@]1(C)[C@H]1CC[C@]3(C)[C@@H](CC(=O)O[C@H]3c3ccoc3)[C@]13O[C@H]23,0.32627183808951227,6.449437777045388
31,CC(C)=CCC/C(C)=C/Cc1c2c(c3oc4c(c(=O)c3c1O)CC1c3c(c(O)cc(O)c3-4)OC1(C)C)C=CC(C)(C)O2,0.268484824915668,4.401192762837738
32,CC(C)(C)OC(=O)[C@H](Cc1ccccc1)NC(=O)[C@H](Cc1ccccc1)NC(=O)[C@@H]1CCCN1C(=O)[C@@H](N)Cc1ccc(O)cc1,0.22522693036479294,3.582570154754313
33,COc1ccccc1OCCN1CCN(c2ccc(=O)n(Cn3nc(N4CCN(CCOc5ccccc5OC)CC4)ccc3=O)n2)CC1,0.19415021700136464,2.8402408844678515
35,CCCCCC[C@H](N)C(=O)N[C@@H](Cc1ccc(O)cc1)C(=O)N1CCC[C@H]1C(=O)N[C@@H](Cc1c[nH]c2ccccc12)C(=O)N[C@@H](Cc1ccccc1)C(N)=O,0.07110063937676175,4.08808473875551
39,O=S(=O)(CCO)c1no[n+]([O-])c1-c1ccccc1,0.7668883574167434,2.978610502914991
44,CCCCCCCCCCCC[C@@H](O)[C@H]1CC[C@H]([C@H](O)CCC(O)CCCC(O)CCC[C@@H](O)CC2=C[C@H](C)OC2=O)O1,0.05898947905020491,4.819569212621002
45,CNc1nc2sc(SC)nc2c2c1ncn2C,0.7207553955989293,3.0561233126097864
46,O=C(NO)[C@H]1C[C@]1(Cc1ccc(OCc2cc(-c3ccccc3)nc3ccccc23)cc1)C(=O)N1CCC[C@H]1CO,0.20840246151373443,3.677503595932696
47,CC(=O)OC[C@]12[C@H](OC(C)=O)C(=O)[C@@H]3[C@@H](O)[C@]1(OC3(C)C)[C@](C)(O)C[C@H](OC(C)=O)[C@@H]2OC(C)=O,0.36979954106004265,6.098175414091122
49,CCCC1(C)CC(=O)N(CCCCN2CCN(c3nsc4ccccc34)CC2)C(=O)C1.Cl,0.4104035856841526,2.8755678962420905
52,CCCCCC(O)/C=C/[C@@H]1[C@@H](C/C=C\CCCC(N)=O)[C@@H]2C[C@H]1OC(=O)O2,0.3064271995152934,5.082220483074179
56,Cl.O=C(Nc1ccc2c(c1)c1ccccc1n2CCCCN1CCN(C/C=C/c2ccccc2)CC1)c1ccccc1,0.1736492914354588,2.4707565815504857
57,CC(C)=CCC/C(C)=C/C=C/C(=O)N1CCCC1,0.4102515909436522,2.619092349068838
60,CNC(=O)c1cc(C(O)CNC(C)CCc2ccc3c(c2)OCO3)ccc1O.Cl,0.5213923042983464,3.1887893511330656
61,CNC(=O)[C@H](CCCNC(=O)OC(C)(C)C)NC(=O)[C@H](CCCc1ccccc1)[C@@](C)(O)C(=O)NO,0.13310348542683673,3.70249822354627
62,COc1ccccc1N1CCN(CCCNC(=O)c2ccccc2I)CC1.O=C(O)C(=O)O,0.26448013546065685,2.1913228712645605
63,Cc1cc(NC(=O)c2cc(Cl)cc(Cl)c2O)ccc1Sc1nc2ccccc2s1,0.3428761544993762,2.3377986926281658
64,CN(C/C=C/c1ccc(C#N)cc1)Cc1ccc2c(c1)CCO2,0.845914888622935,2.3841057890473145
65,COc1ccc(CNc2nnc(N3CCC(O)CC3)c3ccc(C#N)cc23)cc1Cl,0.6450518417345258,2.5463666982122515
66,Cc1cccc(NC(=S)Nc2ccc3c(c2)C(=O)OC3)c1,0.6565114741165754,2.101444389662939
67,C=CCn1cc(C[C@@H]2NC(=O)[C@@H]3CCCN3C2=O)c2ccc(OC)cc21,0.8349150758363839,3.3348468608634434
68,Cc1ccc(Oc2nc3ccccc3nc2N2CCN(C)CC2)cc1,0.7333676791010711,2.0809787388109946
69,O=C1CC(c2ccc(-c3ccccc3)cc2)c2c(ccc3ccccc23)N1,0.4736753202212427,2.451899417372765
70,CC(=O)NC(C(=O)N1CCSCC1)[C@H]1CC(C(=O)O)C[C@@H]1N=C(N)N,0.3505637406832648,4.201073504623801
71,CCCc1cnnn1-c1c(Cl)cc(C(F)(F)F)cc1Cl,0.8294270023483533,2.708095282570925
72,O=C(O)C(=O)Nc1nc(-c2cc(Cl)no2)cs1,0.8028947277728011,2.673363144852013
73,CCc1c(C)[nH]c2c1/C(=N/OC(=O)NCCc1cccnc1)CCC2,0.6473391896165672,2.861407005407411
74,CCC[C@@H]1NC(=O)[C@@H](C(C)C)NC(=O)[C@@H](Cc2ccc(O)cc2)NCc2ccccc2CCCCNC1=O,0.41369679202126003,4.152430801499681
75,COc1cc2c(cc1OC)CC(=O)N(CCCN(C)CCc1ccccn1)CC2,0.6510401981578805,2.4422975443201143
81,O=C(NC[C@@H]1CCCNC1)[C@H]1CCCN1C(=O)[C@@H]1C[C@@H](O)CN1C(=O)CC(c1ccc(F)cc1)(c1ccc(F)cc1)c1ccc(F)cc1,0.30216666239268075,4.074199648174563
82,CCC(C)CNc1nc(C#N)nc2c1NCN2Cc1ccccc1,0.8503034865296245,3.2627037678859647
83,CCOC(=O)COC(=O)CCCNC(=O)NC12CC3CC(CC(C3)C1)C2,0.5069993829172298,3.5630578114756952
84,CC[C@@H](c1ccc(C(F)(F)F)cc1)N1CCN(C2(C)CCN(C(=O)c3c(C)ncnc3C)CC2)C[C@@H]1C,0.5413993206524734,3.725704654774523
85,CCCCCCC[C@H]1OC(=O)C[C@@H](O)[C@H](Cc2ccccc2)N(C)C(=O)[C@H](Cc2ccccc2)OC(=O)[C@H]1C,0.3429322162841547,4.458686550253125
86,CCCN1c2cc(C)nc3c(-c4ccc(Cl)cc4Cl)nn(c23)C[C@@H]1CC,0.5721730221039898,3.303917808012102
91,N=C(N)NC(=O)OCc1cccc(N2CCC(Oc3cccnc3)CC2)c1F,0.5362241149281305,2.681989275431894
93,CCCCc1oc2ccccc2c1Cc1cccc(/C(C)=C/Cn2oc(=O)[nH]c2=O)c1,0.4406688905532689,2.9463935912428454
94,C[C@H](NC(=O)[C@H]1Cc2c(sc3ccccc23)CN1)c1ccccc1.Cl,0.7224714935674793,3.108574923643303
96,Oc1cc(Cl)ccc1Oc1ccc(Cl)cc1CN1CCN(C(c2ccccc2)c2ccccc2)CC1,0.27612342590943917,2.2750744721006644
97,COC(=O)c1cc(CCc2ccc(OC)cc2OC)ccc1O,0.8300525278976953,1.9359352056661425
98,C=C(CO)[C@]12C=C3C(=O)C[C@@H](C(C)C)[C@]3(C)C[C@@H](O)[C@@]1(C)CC(=O)O2,0.603150390952709,5.160731988456093
100,C=C(CC(O)C(C)(O)[C@H]1CC[C@H]2C3=C[C@H](OC(C)=O)[C@H]4[C@@H](OC(C)=O)[C@@H](O)CC[C@]4(C)[C@H]3CC[C@]12C)C(C)C,0.3126826442142652,5.412113459881956
101,O=c1[nH]cnc2c1ncn2C(COCCP(=O)(O)O)COCCP(=O)(O)O,0.2192832069969306,3.626563799675859
102,N=C(N)N1CCC[C@H]1Cc1nc(-c2ccc(Nc3nc(-c4cc(C(F)(F)F)ccc4F)cs3)cc2)no1,0.1669331034876805,3.28759540015444
103,CC1(c2ccccn2)ON=C(c2ccccc2Cl)O1,0.8437128921440573,3.238537189269051
107,c1ccc2cc(CC3=NCCN3)ccc2c1,0.808264511684447,2.2194436676560247
108,Cn1c(=O)c2c3c(cnc2n(C)c1=O)C(=O)C=CC3=O,0.6479358964407264,2.679272205647848
109,NCCCCN(Cc1ccc(OCCc2ccccc2)cc1)Cc1ccc(OCCc2ccccc2)cc1.O=C(O)C(F)(F)F,0.1276270891021785,2.4802166299430706
110,CN(CCNC(=O)N1CCN(c2ccccc2)CC1)Cc1ccccc1,0.868662006937775,1.8707464935122449
112,Cc1ccc[n+](CCC#Cc2ccc(C#CCC[n+]3cccc(C)c3)cc2)c1.[Br-].[Br-],0.2689931177204244,3.4367157909799504
116,CCCCCCCC/C=C\CCCCCCCC(=O)N1CCc2cc(OC)c(OC)cc2C1Cc1ccc(OC)c(OC)c1,0.1045102936273584,3.1760394184815164
118,N=C(NCCCNCCCCCCCNCCCNC(=N)NCc1ccccc1)NCc1ccccc1,0.07874063508880758,2.609912653234087
119,CN1CCc2cccc3c2[C@H]1Cc1ccc(CO)c(O)c1-3,0.8442887865057432,3.029198999043836
120,CC(C)C[C@H](NC(=O)[C@H](Cc1ccccc1)NC(=O)[C@H](CNC(=O)CCCCCF)NC(=O)[C@H](CO)NC(=O)CN)C(N)=O,0.07330796331554829,3.8145594854340086
123,CCCCCC/C=C\CCCCCCCc1cccc(O)c1C(=O)O,0.2984358059377491,2.299105190672851
125,CC(C)(C)OC(=O)N[C@@H](Cc1ccc(O)cc1)C(=O)N[C@H](Cc1c[nH]c2ccccc12)C(=O)N[C@@H](CCCCNC(=O)OCc1ccccc1)C(=O)O,0.07507226561632431,3.722438207502133
127,CN(Cc1ccccc1)C(=S)N1CCC(c2cccc(Cl)c2)=N1,0.7794935310560289,2.4656173953514564
128,CCOC(=O)c1ccc2ncc(C(=O)OCC)c(Nc3ccc(NC(C)=O)cc3)c2c1,0.5481422354843333,2.158187523231046
129,COCCOc1ccc(N2CCN(Cc3cccc(-c4cc5nc(-c6ccco6)nn5c(N)n4)c3)CC2)c(Cl)c1,0.25846091404453797,2.773124902944895
130,O=C([O-])c1cc(F)ccc1Cn1nnc(-c2cccc(/C=C/c3ccc4ccc(Cl)cc4n3)c2)n1.[Na+],0.3211365889010829,3.0326593719067425
132,COC(=O)/C=C1/C(=O)N2C1S(=O)(=O)[C@@](C)(COC(=O)CSc1nnnn1C)[C@@H]2C(=O)O,0.1929013644686823,4.256045155913775
133,NC(=O)c1ccccc1-n1cnc2ccccc21,0.7417171180284652,1.907940573920909
134,CC1CC(=O)NN=C1c1ccc(NC(=O)CCNCC(O)COc2cccc3[nH]ccc23)cc1.Cl,0.27398596727327557,3.473343492401167
135,CC(=O)c1cc2c(cc1O)OC(C)(C)C=C2,0.7370926080111196,2.7666654699816053
137,CN1CCc2cc3c4cc2[C@@H]1Cc1ccc(O)c(c1)Oc1ccc(cc1)C[C@H]1c2c(cc(O)c(c2O4)O3)CCN1C,0.22459057881230526,5.953233802160241
139,COC(=O)[C@H]1C[C@H](O)CCN1,0.4952736328525845,3.242552842832147
140,C=Cc1c(C)c2cc3nc(c(C(=O)C(=O)OC)c4[nH]c(cc5nc(cc1[nH]2)C(C)=C5CC)c(C)c4C(=O)OC)[C@@H](CCC(=O)OC)[C@@H]3C,0.11450051287488158,6.260536521768337
141,C[C@H]1[C@@H](OCC23CC4CC(CC(C4)C2)C3)O[C@@H]2O[C@@]3(C)CC[C@H]4[C@H](C)CC[C@@H]1[C@@]24OO3,0.5568140760238399,6.513378304534408
142,CCCCCCO[C@H]1C=C(C(=O)O)O[C@@H]([C@H](O)[C@H](O)CO)[C@@H]1NC(C)=O,0.30497782786668215,4.100128803181672
143,CC1(C)CCC(C)(C)c2cc3c(ccn3C(=O)c3ccc(C(=O)O)cc3)cc21,0.6543120969024104,2.5757352169903367
144,C[C@H](CCCn1nnc(-c2ccccc2)n1)N(c1cc(Cl)ccc1CO)S(=O)(=O)c1ccc(Cl)cc1,0.29342872808035814,3.096083709794425
145,C[C@H]1CC[C@@H](NCc2ccc3c(c2)Cc2c(-c4ccc(CC(=O)O)cc4)n[nH]c2-3)CC1,0.41663274898530994,2.5517852420639358
149,COc1ccc(C(=O)O[C@@H]2C3C[C@H](OC(=O)c4ccco4)[C@]4(C)[C@@H](OC(C)=O)[C@@H](OC(C)=O)C[C@](C)(O)C24OC3(C)C)cc1,0.35732941413797764,5.8392035314928625
150,O=C(c1cccc2c(NCCCCCCNc3c4ccccc4nc4c(C(=O)N5CCOCC5)cccc34)c3ccccc3nc12)N1CCOCC1,0.10898424218880225,2.9743075118111033
153,C=C(C)N1Cc2cccc3[nH]c(=O)n(c23)C(C)C1,0.8341679923906605,3.3152188046035818
156,Cc1nonc1-c1nc(S)n[nH]1,0.6272887747346189,3.5384107921770687
157,Cc1ccc(OCCCON/C(N)=N/C(N)=N/C(C)C)cc1C.Cl,0.29942677310603405,2.9146986693746335
161,CC(C#CCN1CCCC1)N(C)S(C)(=O)=O,0.6733611746133291,3.414394658968943
162,C/C(=C\CC1OC(=O)NC1=O)c1cccc(OCCc2nc(-c3ccccc3)oc2C)c1,0.5548641700465303,3.21072986348252
163,CC(=O)O[C@H]1c2c(ccc3ccc(=O)oc23)OC(C)(C)[C@H]1OC(C)=O,0.6091397712080626,3.4790003490464017
168,CCN(CC)C(=O)OCC1CN(C(=O)c2cc(OC)c(OC)c(OC)c2)CCN1C(=O)c1cc(OC)c(OC)c(OC)c1,0.3571777118480848,3.1815660830600923
169,O=C(CCNC(=O)[C@H](Cc1ccc(-c2ccccc2)cc1)NCP(=O)(Oc1ccccc1)Oc1ccccc1)OC1CCc2ccccc21,0.08599838499463663,3.5802739312577323
170,CCN(CC)c1nc(Cc2c(F)cccc2F)cc(=O)[nH]1,0.9211008543443596,2.752530888336679
171,CCCCOP(=O)(OCCCC)OC1=C(C(=O)O)N2C(=O)[C@@H](NC(=O)COc3ccccc3)[C@H]2CC1,0.19994891062523465,3.6554416799738467
172,c1cc2c(c(N3CCN(CCCCCc4c[nH]c5ccccc45)CC3)c1)OCCO2,0.5888628845059157,2.321863263507421
173,CN(C)CCNC(=O)C(=O)CCCCCCOc1ccc(-c2ccccc2)cc1,0.4116743330541682,2.087824328379428
174,Cc1ccccc1-c1cc(C(OCc2ccc(Cl)cc2)c2cncn2C)ccc1C#N,0.36633018870279555,2.9809618307015313
175,CC(=O)N[C@@H](Cc1cc(F)cc(F)c1)[C@H](O)[C@H]1CO[C@@H](OCC2CCCCC2)CN1,0.59448730632887,4.045967160913856
178,COc1noc2c1CN(C)CC2.Cl,0.6867657279852879,2.9420740357231114
179,O=C(Nc1ccc(C[C@H](NC(=O)C2C3CCC(CC3)N2S(=O)(=O)c2c(Cl)cccc2Cl)C(=O)O)cc1)c1cc(Cl)nc(Cl)c1,0.24335096666562736,4.281672544202522
180,CCNC(=O)Nc1nc2cc(-c3cccnc3)cc(-c3cnn(C)c3)n2n1,0.5800477801632492,2.7094093937906845
186,CCOc1ccc(/C=C/C(=O)NCCCCN2CCN(C(c3ccccc3)c3ccccc3)CC2)cn1.O=C(O)C(=O)O,0.16344137952408777,2.64388686064566
187,CCNc1cccnc1N1CCN(C(=O)c2cnc3ccccc3c2)CC1,0.7739536769401105,2.1741674418769694
188,C#CCN(Cc1cc2c(O)nc(C)nc2cc1C)c1ccc(C(=O)N[C@@H](CCC(=O)N[C@@H](CCc2nnn[nH]2)C(=O)O)C(=O)O)c(F)c1,0.09899268260653178,4.193754581823931
189,CCCCCn1cc(C(=O)NC2C3CC4CC(C3)CC2C4)c(=O)c2ccccc21,0.7216536050304043,3.5436673451073615
190,OC(/C=C/C=C/c1ccccc1)CCc1ccccc1,0.773285808676253,2.4571912261543414
191,Cl.c1ccc(CCC2=NOC(c3ccccc3)C2)cc1,0.8077227182478638,2.6505965851436866
197,C=C1/C(=C\C=C2/CCC[C@]3(C)[C@@H]([C@H](C)C[C@H]4C[C@](C)(O)C(=O)N4CCCc4cc(OC)cc(OC)c4)CC[C@@H]23)C[C@@H](O)C[C@@H]1O,0.28973873889706087,5.011844928589829
204,CCCC(C)(C)C(=O)N[C@H]1CCCCNC1=O,0.7838411574921954,2.981456943729814
206,COc1cc2c(cc1OCCCSc1nnc3n1S(=O)(=O)c1ccccc1N3c1ccccc1)N=C[C@@H]1CCCN1C2=O,0.17141760974971698,3.7421127239988143
207,O=C(CCc1ccc(F)cc1)N[C@H]1CCOC1=O,0.8177281861883687,2.4269275466850306
208,COc1cc2c3c(c1O)Oc1cc4c(cc1O)CCN(C)[C@H]4Cc1ccc(O)c(c1)Oc1ccc(cc1)C[C@@H]2NCC3,0.22552490344423723,6.136088871194599
209,CC/C(=C\Cn1oc(=O)[nH]c1=O)c1cccc(OCc2nc(-c3ccc(C(F)(F)F)cc3)oc2C)c1,0.3567396452032765,3.0428899350535543
210,C#CCN(Cc1ccc2nc(C)nc(O)c2c1)c1ccc(C(=O)N[C@@H](C(=O)O)C(C)C)cc1,0.4554170391324496,3.145921292986964
211,CN(C)c1cccc2c(S(=O)(=O)Nc3cnc(Br)cn3)cccc12,0.7188054643111678,2.439471609960167
212,COC(=O)C1=C(C)NC(C)=C(C(=O)OC)C1c1c(-c2cc(OC)ccc2OC)nc2sccn12,0.5304700091176048,2.8606792920956856
214,CC(C)CSc1cc(SCC(C)C)nc(SCC(C)C)n1,0.3240442500229644,2.945968316788445
216,Cl/C=C/CCl,0.45351601747693665,3.8920638852469436
217,Cc1ccc(CNC(=O)NC(C(=O)N[C@@H](Cc2ccccc2)[C@@H](O)C[C@H](Cc2ccccc2)NC(=O)OCc2cccnc2)C(C)C)cn1,0.11690855087103799,3.8408174197375224
220,CN1CCN(CCNC(=O)COc2ccc3oc4c(NCCN5CCN(C)CC5)c5ccccc5[n+](C)c4c3c2)CC1,0.27859505812322816,3.0510216509073587
223,CC(=O)O[C@@H]1[C@H]2[C@@H](O)[C@@H](OC(=O)c3ccccc3)[C@]3(C)[C@@H](OC/C=C/c4ccccc4)CC[C@@H](C)[C@@]13OC2(C)C,0.47476154372365786,5.7524071650666375
225,COC[C@H]1OC(O)=C2C1=NC1=C(C(=O)COC1)[C@H]2c1ccc(F)c(Br)c1,0.8079479563678965,4.21154954078256
226,CC1CCN(C(=O)[C@H](CCCNc2ccccn2)NS(=O)(=O)c2ccc3ccccc3c2)CC1,0.45134434645901217,2.8064026876751846
227,O=C1NC(Cc2c[nH]c3ccccc23)C(=O)N2C(c3ccccc3)c3[nH]c4ccccc4c3C[C@@H]12,0.3766360345841333,3.4847382778169926
228,O=C(O)C(Cc1c[nH]c2ccccc12)NC(=O)C(CS)C1CCc2cc(O)ccc21,0.3757825107812361,3.530438183626682
230,CC(C)(C(=O)O)c1cccnc1Nc1ccc(Cl)cc1,0.8978510422108545,2.1657672639229055
231,CSc1sc(C(=N)N)cc1S(=O)(=O)c1cc(Br)c2c(c1)ncn2Cc1ccccc1,0.216744669674951,2.877062494276652
233,CCS(=O)(=O)c1ccc2oc(Cc3ccc(C)cc3)nc2c1,0.7388413857111324,2.1307469303877493
234,CCCNC(=O)[C@H](N)[C@@H](O)c1ccc([N+](=O)[O-])cc1,0.511432306562191,2.8793399115978957
235,CCOc1cc2cc3[n+](cc2cc1OC)CCc1cc2c(cc1-3)OCO2.[Cl-],0.6153378741394679,2.946121566233625
238,CCOC(=O)C(O)(c1ccc[nH]1)C(F)(F)F,0.7793335200649872,3.341574623190768
240,CC1(C)Oc2ccc3cc(CN)c(=O)oc3c2[C@@H](OC(=O)[C@@]23CC[C@](C)(C(=O)O2)C3(C)C)[C@H]1OC(=O)[C@@]12CC[C@](C)(C(=O)O1)C2(C)C,0.2785575049250786,6.094398803987515
242,C=CCNC(=O)C(=O)C(CCC)NC(=O)[C@@H]1[C@@H]2[C@H](CN1C(=O)[C@@H](NC(=O)N[C@H](CN1Cc3sccc3S1(=O)=O)C(C)(C)C)C(C)(C)C)C2(C)C,0.17813316302319795,4.971723773763004
243,COc1ccc([C@@]23Oc4cc(OC)cc(OC)c4[C@]2(O)[C@H](O)[C@H](C(=O)N(C)C)[C@H]3c2ccccc2)cc1,0.5315232548394518,3.9871557334257277
246,CC(=O)NC[C@H]1CN(c2ccc(N3CCN(S(=O)(=O)c4cccc(NC(C)=O)c4)CC3)c(F)c2)C(=O)O1,0.5550592305161144,2.9599366100125426
247,COc1ccc(OCC2=NC(c3ccccc3)c3ccccc3CN2C)cc1.Cl,0.586518091901542,2.8835559442478136
248,CC(C(=O)c1cc(C(F)(F)F)nn1-c1ccc2onc(N)c2c1)c1ccc(-c2ccccc2S(C)(=O)=O)cc1F,0.20133329037203884,3.4902376349723756
249,CCc1c(C#N)c(-c2ccc(-c3ccc(OC)cc3)cc2)c(C(=O)O)n1C,0.7267604168124917,2.2545296541457134
250,Cc1c(N2CC[C@@H]([C@H](C)N)C2)c(F)cc2c(=O)n(N)c(=O)n(C3CC3)c12,0.7892498399749052,3.5740066113831936
251,O=C1C[C@H](NC2CCOCC2)C(=O)N[C@@H](Cc2c[nH]c3ccccc23)C(=O)N[C@@H](Cc2ccccc2)C(=O)N[C@H](Cc2ccccc2)CN1,0.1701113073173787,4.609098495728732
252,COc1cc([C@@H]2c3cc4c(cc3[C@H](O[C@@H]3O[C@H](CO)[C@@H](O)[C@H](O)[C@H]3O)[C@H]3COC(=O)[C@H]23)OCO4)cc(OC)c1OC,0.3306293074843188,4.566560401172476
253,CC1=NOC(=O)/C1=C\c1cccs1,0.5055230848265287,2.9132073175763935
258,COC1=C2C[C@@H](C)C[C@H](OC)[C@H](OC(=O)CCN)[C@@H](C)/C=C(\C)[C@H](OC(N)=O)[C@@H](OC)/C=C\C=C(/C)C(=O)NC(=CC1=O)C2=O,0.2118712158522868,6.088543910489244
259,Cc1c(CN2CCCC2)c2cc(NC(=O)N[C@@H](Cc3ccc4ccccc4c3)C(=O)N[C@@H](CCCNC(=N)N)C(=O)NCc3ccccc3)ccc2n1Cc1c(Cl)cccc1Cl,0.02798943919483551,3.9750981537895296
260,N=C1NCC[C@H]([C@@H]2NC(=O)/C(=C/NC(N)=O)NC(=O)[C@H](CNC(=O)C[C@@H](N)CCCN)NC(=O)[C@H](CO)NC(=O)[C@H](N)CNC2=O)N1,0.09628062454959099,5.825563080100914
261,CCN(CC)Cc1c[nH]c(C)c(O)c1=O,0.7855459392022361,2.739149272650071
266,[Br-].[Br-].c1cc2nc(c1)C[n+]1ccn(c1)Cc1cc3ccccc3nc1Oc1ccc3ccccc3c1-c1c(ccc3ccccc13)Oc1nc3ccccc3cc1Cn1cc[n+](c1)C2,0.21081919837922353,6.824986001738365
269,NC(=O)[C@H](Cc1ccccc1)NC(=O)[C@H](Cc1ccc2ccc(OCc3ccccc3)cc2c1)[C@H](O)C(=O)NO,0.13743526353315175,3.3940845483650497
270,Cn1c(CSCC(=O)Nc2ccccc2)nnc1SCC(=O)Nc1ccccc1,0.5088708103042738,2.064707229213534
271,Cc1cn(C2C=CC(COP3(=O)OCc4cc(CCC(=O)OCc5ccccc5)ccc4O3)O2)c(=O)[nH]c1=O,0.23857525585701905,4.115744533228696
272,CC(C)(N)CNC(=O)C[C@@H]1CCC[C@]2(C1)OOC1(O2)C2CC3CC(C2)CC1C3,0.7178291387774792,5.8036219868131385
276,COc1ccccc1N1CCN(CC(O)c2ccc(O)c(C(N)=O)c2)CC1.Cl,0.674630145123971,2.6754834427548477
278,CCCN1CCO[C@H]2c3cc(C(N)=O)ccc3CC[C@@H]21,0.9153699161305874,3.1946075731814165
279,Fc1ccc(-c2nn3cc(Cl)ccc3c2-c2ccncc2)cc1,0.5273052156268869,2.237555616831468
281,CN1C(=O)[C@@H](N)CCCC/C=C/C[C@@H](C(=O)NCc2ccccc2)NC(=O)[C@@H]1Cc1ccc(O)cc1,0.47730561680815703,4.0388292181489795
282,N=C(N)NCCC[C@H](NC(=O)C[C@H](NC(=O)C[C@H](N)C(=O)N[C@@H](CC(=O)N[C@@H](CCCNC(=N)N)C(=O)O)C(=O)O)C(=O)O)C(=O)O,0.027230136237416602,4.158362983174856
283,CC(C)(C)[C@H](NC(=O)NC1(C(=O)OCc2ccco2)CCCCC1)C(=O)N1C[C@H]2[C@@H]([C@H]1C(=O)NC(CC1CC1)C(=O)C(N)=O)C2(C)C,0.19512634392390696,4.497241737962245
285,CC(=O)OCO/N=[N+](\[O-])N1CCC[C@H]1C(=O)OCc1ccc(-c2cc(C(F)(F)F)nn2-c2ccc(S(N)(=O)=O)cc2)cc1,0.0877074261665558,3.681173552958092
286,Cl.O=C(Nc1ccc(C2=NCCN2)cn1)c1sc2ccccc2c1Cl,0.7077358030350591,2.5785420270758834
289,CCN(CC)/C(=N\C#N)C1=CC(C)(C)Oc2ccc([N+](=O)[O-])cc21,0.2776894465253026,3.2256874785462326
290,CC(C)(C)c1ccc(C(=O)NC(=O)Nc2cccc(C3CN4CCSC4=N3)c2)cc1,0.7686435365704707,3.0224757461914855
291,COc1cccc(CN2CCC[C@@H]2[C@H](O)CNC(C)(C)Cc2ccc3ccccc3c2)c1,0.5105611545867884,3.1612583960880434
297,CCN1C(N(C)C)=Nc2ccccc2C1CC(=O)NCc1ccccc1,0.8998316726130617,2.937171229821688
298,O=C(O)[C@H]1C[C@@H](O)CCN1,0.45080370532934677,3.2689552065437635
300,COC(=O)[C@H](CC(C)C)N1C(=O)[C@@H]2Cc3c([nH]c4ccccc34)CN2C1(C)C,0.824391607773033,3.6896050062425356
301,C=C(C)[C@@H](CC=C(C)C)C[C@@]12C[C@@H](CC=C(C)C)C(C)(C)[C@@](CC=C(C)C)(C(=O)C(C(=O)c3ccc(O)c(OC)c3)=C1O)C2=O,0.10507407115416177,5.556042547257079
302,O=C(/C=C/c1ccc(/C=N/OCc2ccccc2)cc1)NO,0.37251760325886013,2.1790279244944486
305,C=C[C@]1(C)CC[C@@H]2[C@@]3(C)CCC[C@](C)(CO[C@@H]4O[C@@H](C(O)OC(C)=O)[C@H](O)[C@]4(O)OC(C)=O)[C@@H]3CC[C@@]2(C)O1,0.24432359259254033,5.6521616551482285
308,CC(=O)NCC(=O)N(C)[C@@H](Cc1ccccc1)C(=O)N(C)[C@@H](Cc1ccccc1)C(=O)N(C)[C@@H](Cc1ccccc1)C(N)=O,0.29177050218608186,3.5628195186202554
309,Cc1cc2c(c(=O)[nH]1)C(=O)O/C2=C\c1cc2ccccc2s1,0.6991311442822049,2.8658376429010435
310,CCN1CCN(CCCCOC(=O)c2cc(O)c3c(c2)C(=O)c2cccc(O)c2C3=O)CC1,0.4158687349712154,2.5044713183509746
312,COc1ccc([C@]2(C#N)C[C@H]3C[C@@H](C(=O)O)C[C@H]3C2)cc1OCC1CC1,0.8401739808806706,3.888815775762426
313,C#C[C@H]1CC[C@@H](C#N)N1C(=O)CNC12CC3CC(CC(O)(C3)C1)C2,0.7632484487550445,5.597698607852658
314,CC(=O)c1sc(NC(=O)N[C@@H]2CN(C(=O)C3CC3)CC[C@H]2CN2CCC[C@@H](Cc3ccc(F)cc3)C2)nc1C,0.46816341813906653,3.691765232529395
315,Cc1ccc(C(N)=O)cc1Nc1ncnc2c1cnn2-c1ccccc1,0.592864649889733,2.1369384125405837
317,CC(C)C[C@@H](C(=O)O)N1C(=O)C(=C(c2ccccc2)c2ccccc2)SC1=S,0.5462528948303077,2.9589177161737386
322,COc1ccccc1N1CCN(CCCN2C(=O)C3Sc4ccccc4C3N(C)C2=O)CC1,0.6511706173829448,3.386897357601054
324,N#Cc1ccc2cc1Oc1cccc(c1)C(c1cccc(Cl)c1)N1CC[C@@H](NCc3cncn3C2)C1=O,0.3883571607463778,5.891535494833411
325,O=C(OCCCN1CCCCC1)c1cc(O)c2c(c1)C(=O)c1cccc(O)c1C2=O,0.4931498662605819,2.4095692363581023
326,CC(C)OC(=O)C(C)CNC(=O)[C@H](N)CC(=O)O,0.5304961063867139,3.0275411766739895
330,CC#CCOc1ccc(S(=O)(=O)N[C@H](Cc2cn(Cc3ccc(F)cc3)c3ccccc23)C(=O)O)cc1,0.3055718978525927,2.959982213341254
331,CN1CCN(c2ccc(Nc3ncc(C#N)c(Nc4ccccc4C(N)=O)n3)cc2)CC1,0.5475653972950704,2.3902510400547996
332,COc1ccccc1C(=O)O[C@H]1CC[C@]2(C)[C@H]3CC[C@H]4[C@@H](CC[C@@H]4[C@@]4(O)C[C@@H](C=C(C)C)OC4=O)[C@]3(C)CC[C@H]2C1(C)C,0.281203861578749,4.944664878683152
334,COC(=O)C(C)/C1=C/C=C(\C)CC[C@H]2O[C@]2(C)CC/C=C(\C)CC1,0.3997786959157957,4.616030827936906
335,COc1cnc(-c2ccc(O)c(O)c2)o1,0.7336051556918637,2.609895756166555
338,CC(=O)Nc1nc2c(Oc3cc(-c4ccc(C(F)(F)F)cc4NC[C@H]4CCCN4CC(C)C)ncn3)cccc2s1,0.21771737037397818,3.4419274012810863
339,C[C@H](C[C@@H]1CC[C@H]([C@@H](C)C(=O)N2CCN(CC3CCCO3)CC2)O1)n1cc(C#Cc2ccc(Oc3ccccc3)cc2)nn1,0.32380636675696634,4.305707284075979
341,c1csc(CNC23CC4CC(CC2C4)C3)c1,0.8432918443914227,4.688434449425429
344,Cc1cccc(OCc2cn(CCn3c([N+](=O)[O-])cnc3C)nn2)c1,0.48212523396569695,2.591186880813696
347,COc1cc(N2CCC(N3CCOCC3)CC2)ccc1Nc1nccc(-c2c(-c3cccc(C(=O)Nc4c(F)cccc4F)c3)nc3ccccn23)n1,0.16292349594741412,3.1368039823286944
348,CC(C)(C)c1ccc(-c2ccccc2C(=O)Nc2ccc3nc(C(=O)N[C@H](C(=O)N4CCC(F)(F)C4)c4ccccc4)sc3c2)cc1,0.1874080008195328,3.3159697259328222
349,N=C(N)NCCC[C@@H]1NC(=O)[C@H](CCCCN)NC(=O)[C@H](CCCCN)NC(=O)[C@H](CCCCN)NC(=O)[C@H]2CCCN2C1=O,0.04855651235817985,4.90067296389363
353,COC1=C[C@@H](C)[C@@H]2C[C@H]3OC(OC(=O)c4cccc(Cl)c4)[C@H](O)[C@H]4C(C)=C(OC)C(=O)[C@H]([C@@]2(C)C1=O)[C@]43C,0.5644100994981136,5.043256653966734
355,CC(=O)N[C@@H]1Cc2c([nH]c3ccccc23)CN([C@@H](CCCCN)C(=O)NCc2ccccc2)C1=O.O=C(O)C(F)(F)F,0.24160921322812162,3.619403937583731
356,N=C(N)NC(=O)c1nc(Cl)c(N2CCCCCC2)nc1N,0.46932082429598254,2.736588713270365
357,Cc1ccccc1Nc1nc(Nc2ccccc2C)nc(N2CCN(CCNc3ccnc4cc(Cl)ccc34)CC2)n1,0.18297209292850772,2.6387734671039578
358,O=C(NCCCN1CCCC1)[C@@H]1[C@@H](CO)[C@@H]2Cn3c(cccc3=O)[C@H]1N2c1nc(-c2ccc(Cl)cc2)c(-c2ccccc2)s1,0.2516358480758931,4.753495741968926
359,CC(C)(C)OC(=O)N[C@@H](CS(=O)(=O)NC(=O)c1ccc(C2(C(F)(F)F)N=N2)cc1)C(=O)NCCOCCOCCNC(=O)CCCC[C@@H]1SCC2NC(=O)NC21,0.07707517068838429,4.751512691717673
360,Cc1ccc(Cl)c(S(=O)(=O)NC(CCC(N)=O)C(N)=O)c1,0.649612389945882,2.6294303277151645
362,COc1ccc2c(O[C@@H]3C[C@H]4C(=O)N[C@]5(C(=O)NS(=O)(=O)C6CC6)C[C@H]5/C=C\CCCCCCC(=O)N4C3)cc(-c3cscn3)nc2c1,0.3478852776354678,4.888915520890665
363,CCc1ccnc2c(N3CCCC3=O)cc(C(=O)N[C@@H](Cc3ccccc3)[C@H](O)CNCc3cccc(C(F)(F)F)c3)cc12,0.21225268919954426,3.5360559398113605
366,CCC[C@@H](COC(=O)CC)NC(=O)[C@H](N)CC(=O)O,0.5101825338849362,3.041851296213281
367,CC(=O)/C=C(\O)c1cccnc1,0.5314338481906579,2.343833869100145
368,CN(C/C=C/c1cccc(F)c1)Cc1cccc2cc[nH]c12,0.7361981191889202,2.492394511032911
369,Br.Oc1cc(C2CNCCc3c2cc(O)c(O)c3Cl)ccc1Cl,0.5265143823531631,3.309247558533391
370,O=c1cc(-c2ccc(OCCOCCOCCOCCOCCOCCOCCOCCOCCOCCOCCOCCOCCOc3ccc(-c4cc(=O)c5ccccc5o4)cc3)cc2)oc2ccccc12,0.0359692099391978,3.4252219383427533
371,CC(C)(C)OC(=O)NC(CC(=O)OCc1ccccc1)C(=O)NC(COCc1ccccc1)C(=O)NCC(=O)OCc1ccccc1,0.15613815919241802,3.277307073636293
372,O=c1oc(-c2ccccc2F)cc2c1sc1ccccc12,0.5041573757749539,2.2631414766742903
373,COC(=O)[C@H](Cc1ccccc1)NC(=O)[C@]12CCC(C)(C)C[C@H]1C1=CC[C@@H]3[C@@]4(C)Cc5nccnc5C(C)(C)[C@@H]4CC[C@@]3(C)[C@]1(C)CC2,0.2605096027813351,4.964295413074194
374,CC1CCN(C(=O)c2ccc(C#Cc3ccccc3)cc2)CC1,0.7303007836875662,1.93133242509783
375,COc1cc(C(=O)N/N=C2\C(=O)Nc3c(Cl)cc(Cl)cc32)cc(OC)c1OC,0.7193417902088316,2.6118844677395874
376,Cc1ccc(/C=C2\CN(C)C[C@@]3(C2=O)[C@@H](c2ccc(C)cc2)[C@H](c2ccccc2)N[C@@]32C(=O)Nc3ccccc32)cc1,0.2983441075917707,4.731872895742015
377,CS/C=C(/C)n1c(C(=O)c2ccc(Br)cc2)noc1=O,0.7891953078391049,3.1845118793075207
378,COC(=O)[C@@]1(O)C[C@]2(C)[C@H]3C[C@@H](O)[C@@H]4[C@@H]([C@@]5(C)CCCC(C)(C)O5)CC[C@@]4(C)[C@]3(C)CC(=O)[C@H]2C1(C)C,0.49581024065815565,5.321607224540504
380,Cc1cc(C[C@@H](OC(=O)N2CCC(c3cc4ccccc4[nH]c3=O)CC2)C(=O)N2CCC(N3CCCCC3)CC2)cc2cn[nH]c12,0.3080537029436092,3.532152621587022
383,C/C=C/C=C/C(=O)O[C@H]1CCCC[C@H](O)[C@H](O)[C@@H](CCC)OC1=O,0.4518666505789872,4.471923013780229
384,Cn1cc(C2=C(c3coc4ccccc34)C(=O)NC2=O)c2ccc(O)cc21,0.5390933650781186,2.6536260617381213
385,CCCCCOc1ccc(Oc2ccc(O)cc2)cc1,0.7388642007185839,1.593995636240244
386,COc1cc(-n2cc(C(C)=O)c3ccccc32)ccc1C(N)=O,0.7529902231650506,2.0964618883584496
389,CC[C@@]1(C(=O)NCCN2CCOCC2)OC(=O)c2c1cc1n(c2=O)Cc2c-1nc1ccccc1c2C1CCCCC1,0.3614863159807224,3.7036568921755864
391,CN(C)CCNC(=O)c1cccc2c(NCCN3CCN(CCNc4c5ccccc5nc5c(C(=O)NCCN(C)C)cccc45)CC3)c3ccccc3nc12,0.10257123315472337,3.123571526614967
393,CC(=O)N[C@H]1CC[C@H]2[C@@H]3NC(=O)C=C4C[C@@H](OC(=O)CCCc5ccc(N(CCCl)CCCl)cc5)CC[C@]4(C)[C@H]3CC[C@]12C,0.2225940960818427,4.793438878292585
394,CC(C)P(=O)(O)C1=CCC(N)C1,0.6492556189342151,4.682965531962606
396,COc1ccc(C[C@@H]2NC(=O)[C@@H](Cc3c[nH]c4ccccc34)NC(=O)[C@H](Cc3ccccc3)NC(=O)[C@H]3CCCN3C2=O)cc1,0.2565938858916345,4.244403636230055
398,N#Cc1c(O)nc(N)nc1-c1ccccc1[N+](=O)[O-],0.6081894552514185,2.541337405062979
400,CNC(=O)NC(=N)NCCC[C@@H]1NC(=O)[C@@H](CC(C)C)NC(=O)C[C@@H](C(=O)O)NC(=O)C[C@@H](C(=O)O)NC(=O)[C@H](Cc2ccccc2)N(C)C1=O,0.07347833824639723,5.138364615692716
403,CC1=C(O)[C@@H](C/C(C)=C\CC[C@H](C)/C=C/C=C(\C)CCCC2=CCN(CC(=O)O)C2=O)OC1=O,0.2219667799636103,4.449088933945527
404,CN(C)CC(=O)Nc1ccc(C(=O)Nc2cc(C(=O)NCCn3nc4c5c(cccc53)C(=O)c3c(Cl)cccc3-4)n(C)c2)n1C,0.22368902321669812,3.2151105001353795
405,COc1ccc2nccc([C@@H](O)CN3CCC(NCc4nc5c(cc4Cl)SCC(=O)N5)C(F)C3)c2c1,0.4253886319436077,4.065461682967443
406,O=C(Nc1ccc(C(F)(F)F)cc1)NC1CCN(c2ccnc3cc(Cl)ccc23)C1,0.5872219307370985,2.709391402300085
407,CN(C)CCOc1cc(NC(=O)Nc2cccc([N+](=O)[O-])c2)ccc1I,0.36492140221344055,2.217412181771353
408,COc1cc(/C=C\c2ccc(OC)c(O[Si](C)(C)C(C)(C)C)c2O[Si](C)(C)C(C)(C)C)cc2c1OCO2,0.24572410383821405,3.064650091472844
409,CC(=O)Nc1ccc2c(c1)C(=O)N(C(C(=O)NC1CCCCC1)c1ccc([N+](=O)[O-])cc1)[C@@H](c1ccccc1)C(=O)N2,0.27260048239261875,3.400725119113199
413,C/C=C/CCCC(C)/C(O)=C1\C(=O)[C@H]([C@H](C)O)N(C)C1=O,0.2581125814970324,4.217056755277879
415,O=C(O)/C(O)=C/C(=O)c1ccnc2ccccc12,0.488357718029653,2.2950148106072987
416,C=CC[C@@H](OC(=O)C=C)c1ccc(C)c2ccccc12,0.45241641483739053,2.9157166685085993
419,C=C1NC(=O)[C@@H](C(C)C)NC(=O)[C@@H]([C@@H](C)CC)NC(=O)c2nc(oc2-c2ccccc2)-c2nc(oc2C)-c2csc(n2)-c2coc(n2)-c2nc1oc2C,0.17908388113788257,6.690730014402059
420,CC[C@H](C)[C@@H](CO)NS(=O)(=O)c1ccc(C(F)(F)F)cc1,0.8438417249486565,2.902142140953101
422,O=C(c1ccco1)N1CCC(CCCN2CCC3(CC2)C(=O)NC(=O)N3c2ccccc2)(c2ccc(Cl)c(Cl)c2)C1,0.35236985482154615,3.8774124463046578
423,C=C1/C(=C\C=C2/CCC[C@]3(C)[C@@H]([C@H](C)C[C@H]4C[C@@](C)(O)C(=O)N4CCCc4cc(OC)cc(OC)c4)CC[C@@H]23)C[C@@H](O)C[C@@H]1O,0.28973873889706087,5.011844928589829
427,O=C(O)CNC(=O)Sc1ccccn1,0.7295975991989129,2.498158692201015
432,CO[C@@]12C=C3C(=C(C)C(=O)C(O)=C3[C@@H]3O[C@H](CC[C@H](C)/C=C(\C)C[C@@H](C)C[C@@H]1C)[C@H](C)[C@H](O)[C@H]3C)O2,0.44385568604391545,6.954853858075515
437,C#CCC[N+](C)(C)CCCCCCCCCCCC[N+](C)(C)CCC#C.Cc1ccc(S(=O)(=O)[O-])cc1.Cc1ccc(S(=O)(=O)[O-])cc1,0.06816948356891378,3.555862897933398
441,O=C(O)C[C@@H](C(=O)O)n1cc(CCCC(=O)OCOc2n/c(=C\c3cccc(C(=O)c4ccccc4)c3)c(=O)[nH]/c2=C\c2ccccn2)nn1,0.08164570749430966,3.9443239984817584
442,CCCC(=O)OC(Cn1ccnc1)c1ccc(Cl)cc1,0.763867274613532,2.7224876922217263
443,COC(=O)/C=C/[C@H](CC(C)C)NC(=O)CC[C@H](NC(=O)[C@H](CC(C)C)NC(=O)[C@H](CC(C)C)C(=O)NC(=O)[C@H](C)N)C(N)=O,0.06530160975645317,4.351003200697276
444,CC1=CC(C)(C)N=C(Nc2nc(C)c3cc(C)cc(C)c3n2)N1,0.8445209799475528,3.1493155971496574
445,O=c1ccc2ccc(O[C@@H]3O[C@H](CO)[C@@H](O)[C@H](O)[C@H]3O)cc2o1,0.5275532873892467,3.5672128985050335
447,C=C1C(=O)O[C@H]2/C=C(\C)CC/C=C(\C)C[C@H](O)[C@@H]12,0.4068775370714971,4.538946616771968
449,NS(=O)(=O)c1ccc(C(=O)Oc2cncc(Cl)c2)cc1,0.8677455323959549,2.0483267044823474
452,CCc1c(C2=NC(=O)C(C)(C)N2C)nn(-c2ccc(Cl)cc2Cl)c1-c1ccc(Br)cc1,0.4138869042876501,2.8731583642358824
458,NCCCC[C@H](NC(=O)[C@@H]1C[C@@H](OCC2CCCCC2)CN1C(=O)[C@@H](CCc1ccccc1)NC(=O)OCc1ccccc1)C(=O)c1nc2ccccc2o1,0.08024962916832752,4.1688327841688615
459,CS(=O)(=O)c1ccc(Nc2ncnc(N3CCC(c4nc(-c5cccc(C(F)(F)F)c5)no4)CC3)c2[N+](=O)[O-])cc1,0.22882206752346776,2.8062663543497326
460,O=C(CCCc1c(SSc2[nH]c3ccccc3c2CCCC(=O)NCc2ccccc2)[nH]c2ccccc12)NCc1ccccc1,0.08405210492425569,2.887873070058026
461,CC(C)CN(Cc1csc(C(C)C)n1)C(=O)NCC(=O)N[C@@H](Cc1ccccc1)C[C@H](O)[C@H](Cc1ccccc1)NC(=O)OCc1cncs1,0.10009030248887785,4.086060152461069
463,COc1cc2c(c3c1c(=O)c1cc4ccccc4cc1n3C)[C@@H](O)[C@@H](OC(=O)/C=C/c1ccc(Br)cc1)C(C)(C)O2,0.14243492239377417,3.7501375230920075
464,C/C(=C\c1ccncc1)c1ccc(C(=O)/N=c2\[nH]c3cc(N(C)C(=O)c4ccccc4)ccc3n2CCC(N)=O)s1,0.2785330042343914,3.2679572522144102
465,COc1cc2c(cc1Nc1nc(Nc3cccc(F)c3C(N)=O)c3cc[nH]c3n1)N(C(=O)CN1CCOCC1)CC2,0.25501722524891907,2.994902262744949
466,COc1ccc(C(=O)C[n+]2c(C)n(Cc3c4c(cc5c3OCC5)OCC4)c3ccccc32)cc1,0.32525015586865774,3.02472794556987
469,C[C@@H](NC(=O)c1cc(C(=O)N[C@@H](Cc2ccccc2)[C@H](O)CNC2CCN(Cc3ccccc3)CC2)cc(N(C)S(C)(=O)=O)c1)c1ccccc1,0.14266047233695564,3.6874133593019582
470,CC1(C)CCC[C@]2(C)[C@H]3CC[C@@](O)(CO)[C@H](CC(O)C4=CC(=O)OC4OC(=O)/C=C/c4ccccc4)[C@]3(C)CC[C@@H]12,0.3076830872534226,4.96830873055986
472,N#CC1(c2ccccc2)CCN(CCCc2ccccc2)CC1,0.8284353846871065,2.0822293657340136
473,COc1cc(O)c2c(c1C(=O)/C=C/c1ccc(O)cc1)O[C@H](c1ccc(O)cc1)[C@@H]1[C@@H](c3ccc(O)cc3)O[C@@H](CCc3ccc(O)cc3)C[C@@H]21,0.07665900148248946,4.515345381306093
474,O=C(O)c1n[nH]c2c1OCC2,0.5985261271886756,3.0587492196719186
475,O=C(/C=C/c1ccc(O)cc1)OC[C@@H]1O[C@H](Oc2ccc(-c3cc(=O)c4c(O)cc(O)cc4o3)cc2)[C@@H](O)[C@H](O)[C@H]1O,0.13807693992310988,4.064389603594071
479,CC(C)C[C@H](NC(=O)/C=C/c1cccc(OP(=O)(O)O)c1)C(=O)N1CCC[C@H]1C(=O)N[C@@H](CCC(N)=O)C(=O)N[C@H](C(N)=O)[C@@H](C)O,0.07130371279939944,4.224546408291914
480,Cc1nc2nc(N)nc(N)c2c(C)c1Cc1ccccc1Cl.Cl,0.7384613217649226,2.5520469690036123
481,COc1cc(Nc2ccnc3cc(-c4ccncc4)ccc23)cc(OC)c1OC,0.49846485697935267,2.209524811631116
482,COCCn1cnc2c(O)nc(Nc3ccccc3)nc21,0.7446872852594771,2.3407707326641987
483,O=C(Nc1cccc(OC(F)F)c1)c1ccccn1,0.9232359042357607,1.834297661473233
484,C[C@H](C(=O)NCCc1ccccc1O)c1cccc(Oc2ccccc2)c1,0.6440738297220205,2.402792346366848
488,COc1ccc2c(O)cc(OC)c(O)c2c1O,0.6945970422768184,2.2661351437134662
490,CCOC(=O)c1ccc2c(c1)NC(=O)/C2=C(\Nc1ccc(CN2CCCCC2)cc1)c1ccccc1,0.33059280159947735,2.3228516149578073
495,N=C(NCCC[C@H](N)C(=O)N[C@@H](CCN)C(N)=O)N[N+](=O)[O-].O=C(O)C(F)(F)F.O=C(O)C(F)(F)F,0.035843402362115646,3.8937194062080094
496,O=C(NCc1ccc(S(=O)(=O)O)cc1)C(CS)Cc1ccccc1,0.5194341832421678,2.497282602808344
497,CCCC1C(C(=O)NC(C)c2ccccc2)=CN(CC(=O)OC(C)C)C=C1C(=O)N[C@@H](Cc1ccccc1)[C@H](O)CNC1CC1,0.2092772036290916,4.2218898467984385
501,CCCC[C@H](CC)NC(=O)[C@H](N)CC(=O)O,0.576661404953195,2.836088893971162
504,C#C/C=C\CCCCCCCCCCCCCC/C=C\CCCCC(O)/C=C/CCCC#C[C@H](O)C#CCCCCCC/C=C/[C@@H](O)C#C,0.039074426176244674,4.694612158582655
505,NS(=O)(=O)c1ccc(CCNC(=O)Nc2ccc(-c3c4ccc(=O)cc-4oc4cc(O)ccc34)c(C(=O)O)c2)cc1,0.18068223698422117,2.709645484784515
506,COC(=O)C1=CO[C@@H](O[C@@H]2O[C@H](CO)[C@@H](O)[C@H](O)[C@H]2O)[C@@H]2C(CO)=C[C@@H](OC(=O)/C=C\c3ccc(OC)cc3)[C@H]12,0.13978465024861905,4.786321704480157
507,COc1cc(O)cc2c1C(=O)CC(c1ccc(O)cc1)O2,0.8874343900434254,2.798004839982557
508,Nc1ncnc2c1ncn2CC(=O)c1cccnc1,0.6899814379373046,2.340522230237804
510,C[C@@H](NC(=O)c1cc(C(=O)N[C@@H](Cc2ccccc2)C(O)C(=O)NC2CCN(Cc3ccccc3)CC2)cc(N(C)S(C)(=O)=O)c1)c1ccc(F)cc1,0.1515004962933237,3.767021893614677
511,CCCCCCCCCCCC/C=C\CC[C@@H](O)[C@H](O)CCCCCCC(=O)CCCCCCCC1=C[C@H](C)OC1=O,0.04939852314471192,3.9773796464661277
512,CCCCCCCC(=O)O[C@@H]1[C@@H](C)[C@@]2(O)[C@@H](C=C(CO)C[C@@]3(O)C(=O)C(C)=C[C@@H]23)[C@@H]2C(C)(C)[C@]12OC(=O)CCCCCCC,0.12043867486370408,4.986236030961663
513,COc1cc2cc(c1Cl)N(C)C(=O)C[C@H](OC(=O)C(C)C)[C@]1(C)O[C@H]1[C@H](C)[C@@H]1C[C@@](O)(NC(=O)O1)[C@H](OC)/C=C/C=C(\C)C2,0.366447612375331,6.570979367689336
514,C1=CC(CCNc2ncnc3[nH]cnc23)CCC1,0.8096446761678707,3.5086902917830685
517,N#Cc1c(N)nc(Sc2ccc(O)cc2)c(C#N)c1-c1ccc(Cl)cc1,0.6900441840174059,2.443394716017929
518,CC(C)(C)OC(=O)N1CCN(C(=O)[C@H](Cc2ccc(OS(=O)(=O)c3cccc4cccnc34)cc2)NS(=O)(=O)c2cccc3cnccc23)CC1,0.21325712481615164,3.4313102088070018
519,COc1cc(CNc2ccc(C(C)C)cc2)cc(OC)c1OC.Cl,0.7720835330443839,1.919185703398302
520,CC(C)C[C@H](O)C(OC(=O)[C@H](Cc1csc(N)n1)NC(=O)[C@H](Cc1ccccc1)NS(=O)(=O)N1CCOCC1)[C@@H](N)CC1CCCCC1.Cl,0.1501222090168046,4.487676662810576
521,Cc1c(C(=O)NN2CC3CCCC3C2)nn(-c2ccc(Cl)cc2Cl)c1-c1ccc(C#CC2CCCCC2)s1,0.33191023723659846,3.9373585433518103
522,Cl.O[C@@]12CCCC[C@@]13CCN(CC1CCC1)[C@@H]2Cc1ccc(OCc2ccccc2)cc13,0.6334420932271799,4.253640457659204
523,Cc1cc(=O)oc2c3c(ccc12)OC(C)(C)[C@H](OC(=O)[C@@]12CC[C@@](C)(C(=O)O1)C2(C)C)[C@@H]3OC(=O)[C@@]12CC[C@@](C)(C(=O)O1)C2(C)C,0.2536161617075989,5.9912603949356305
524,COc1ccc2c(c1)C(C)(CCCN(C)C)C(=O)N2C.O=C(O)C(=O)O,0.759065880247656,2.973565166582789
525,CCCCCCCCCCC1(O)CCOC(=O)C1,0.5063661886022873,2.9742035647845775
526,COc1cc(-c2cc(N3CCOCC3)nc(N)n2)cc(OC)c1OC,0.8724918963204703,2.252763478863532
527,COc1ccc2c(CCCN3CCC[C@@H](C)C3)cccc2c1.Cl,0.7684578654887355,2.4706532580943747
528,CN(C)CCNC(=O)c1ccc(NCCNCCNCCN2C(=O)c3cccc4cccc(c34)C2=O)c2c(O)c3cc([N+](=O)[O-])ccc3nc12.Cl,0.03502296048672794,3.2887003331539173
530,CC/C=C/C=C/C=C/C=C/C=O,0.3449214300125572,3.4202216519055746
531,CC(=O)N(C)[C@@H](CC1CCCCC1)C(=O)N(C)[C@@H](Cc1ccccc1)C(=O)N(C)[C@@H](Cc1ccccc1)C(=O)N(C)[C@@H](Cc1ccccc1)C(N)=O,0.23480464740575932,4.055537649373795
532,O=c1ccc2nccc3c4c(O)cccc4n1c23,0.5086217679263714,2.578634952619135
534,COC(C)(C)CCn1nc(Nc2c(Cl)cccc2Cl)c2cnc(Nc3ccc(OCCN4CCCC4)c(F)c3)nc21,0.17844870003650767,2.975219974107901
535,CC(=O)O[C@@H](CC=C(C)C)/C(C)=C/C=C/C(C)=C1\C(=O)C[C@H]2[C@@]3(C)CC[C@H](OC(C)=O)[C@](C)(CO)[C@@H]3CC[C@]12C,0.1530916122298304,5.028990627343737
539,O=C1C(=O)N(Cc2ccc(Br)cc2)c2ccc(Cl)cc21,0.7719647426943499,1.886923212973855
540,COc1ccc(C(CCN(C)CC(=O)O)Oc2ccc(C(F)(F)F)cc2)cc1,0.6859348598326767,2.6622738523452583
545,NC(=O)Nc1sc(-c2ccc(CN3CCCCC3)cc2)cc1C(N)=O,0.7655130866679347,2.1879810303261547
546,O=C(O)CCCc1ccc(Cn2ccc(=O)[nH]c2=O)cc1,0.8288353711936516,2.035455615217046
549,CC(C)CNCC(C)(C)NCC(=O)N1C[C@@H](F)C[C@H]1C#N,0.7373907014668016,3.7498950280659873
551,O=C(O)[C@@H](CC1CC1)N1C[C@H](CN2CCC(CCC(OCCO)c3ccc(F)cc3)CC2)[C@@H](c2cccc(F)c2)C1,0.3137015303639765,4.010629329224047
552,CC#C[C@]1(O)CC[C@H]2[C@@H]3CCC4=CC(=O)CCC4=C3[C@@H](c3ccc(N(C)CCCOCc4ccc(C(N)=O)c(O)c4)cc3)C[C@@]21C,0.22721974467793546,4.6303132478781865
553,COc1ccc(S(=O)(=O)n2cccc2)cc1,0.8164819794670627,2.016216167656024
556,O=C1NC(NC2CC2)=N/C1=C\c1c[nH]c2ncccc12,0.7135789536201871,3.030173620325125
557,CC[C@@H]1NC(=O)[C@H](CCCNC(=N)NC)NC(=O)[C@](C)(NC(=O)C(C)C)CCCCNC(=O)[C@@H](c2ccccc2)NC1=O,0.12142819997241863,4.9422648374340845
558,CC(C)C(=O)OC([C@H](C[C@@H]1CCNC1=O)NC(=O)[C@H](CC1CCCCC1)NC(=O)OCc1cccc(Cl)c1)S(=O)(=O)O,0.18815847460535753,4.244696216201419
559,CCCCCCCCOc1c2cc(C(=O)O)cc1Cc1cc(C(=O)O)cc(c1OCCCCCCCC)Cc1cc(C(=O)O)cc(c1OCCCCCCCC)Cc1cc(cc(C(=O)O)c1)C2,0.03511239243528535,5.212026239144214
560,O=C1c2cccc3c(-c4cc(=O)c5ccccc5o4)ccc(c23)C(=O)N1CCCCN1CCNCC1,0.3323606836778999,2.604264801770995
565,COC(=O)OC1=C(C)[C@@H]2C[C@H]3OC(=O)[C@H](OC(=O)OC)[C@H]4[C@]5(C(=O)OC)OC[C@]34[C@H]([C@@H](O)[C@@H]5O)[C@@]2(C)CC1=O,0.3503508229907169,6.537706038403995
566,CCCCCCOc1ccc(C(=O)CCN(C)C)c(N(C)C)c1,0.45791094200047966,2.2361815312155926
567,O=C(O)c1cn([C@]2(C(=O)O)O[C@H](CO)[C@@H](O)[C@H](O)[C@H]2O)nn1,0.317995008905065,4.411293523500449
569,O=C(CP(=O)(O)OCc1ccc(-c2ccccc2)cc1)c1ccc(-c2ccccc2)cc1,0.24648310466192283,2.604741240114304
573,CN(C)C(=O)n1nnc(CCc2ccccc2)n1,0.8085028156308776,2.4222461952226837
576,C#C/C=C/CCCCCCCCCC/C=C\CCCCCC,0.15629538135490084,2.5922144629559885
578,COc1ccc(-c2nc3ccc(F)cc3o2)c(OC)c1,0.7302817275305242,1.94194332575581
582,COc1cc2c(cc1OC)CN(CC1=NCCN1)CC2,0.8924529152787425,2.4960582357097394
586,CN1C2CCC1CC(OC1c3ccccc3CCc3ccccc31)C2,0.8012292861451121,3.859382028872256
590,CC(=O)O[C@H]1CC[C@]2(C)[C@H]3CC=C4[C@@H]5[C@@H](C)[C@H](C)CC[C@]5(C(=O)Nc5ccccc5CO)CC[C@@]4(C)[C@]3(C)CC[C@H]2C1(C)C,0.2666251652106475,4.862875215777789
591,CN(CCC(Cc1ccc(C(F)(F)F)cc1)c1ccccc1)CC(=O)O,0.7519423054796466,2.6202748680753274
592,CC1(C)CCC[C@@]2(C)[C@H]1CCC1=CC(=O)[C@@]3(C)C[C@@]12CC3=O,0.618192059642786,5.715435863721674
593,O=C1CCCCCC1S(=O)(=O)c1cc(C(F)(F)F)cc(C(F)(F)F)c1,0.557490655788367,3.049182978424672
594,CC(C)(CN1C(=O)c2cccc3cccc(c23)C1=O)C[N+](C)(C)CCCCCC[N+](C)(C)CC(C)(C)CN1C(=O)c2cccc3cccc(c23)C1=O.[Br-].[Br-],0.1037504733315795,3.544869635257214
595,Cc1ccc(OC2CCN(CCCCC3(C)C(=O)Nc4ccccc43)CC2)cc1.Cl,0.6048992741022885,2.9310390041100387
596,O=C(Nc1ccc(F)cc1)c1cnc(N2CCN(c3ccncc3)CC2)c(Cl)c1.O=C(O)C(F)(F)F,0.48453551090065233,2.4198018647080577
598,CC1(C)Oc2ccc([N+](=O)[O-])cc2[C@@H](N2CCCCCC2)[C@@H]1O.Cl,0.6482785611542505,3.2662456655545204
599,Nc1ccc2nc(-c3ccc(F)cc3)oc2c1,0.6504196348750017,1.8902935834104149
604,CC(C)(CO)NC(=O)Cn1cccc(NC(=O)c2ccccc2)c1=O,0.7279474986467342,2.162997724470957
605,CCCN(NC(=O)[C@@H]1[C@@H]2[C@H](CN1C(=O)[C@@H](NC(=O)N[C@H](CN1C(=O)C3CCC(C3)C1=O)C(C)(C)C)C(C)(C)C)C2(C)C)C(=O)c1ccccc1,0.26373612304516497,5.5179910061883675
607,C[C@@H](NC(=O)c1cc(C(=O)N[C@@H](Cc2ccccc2)[C@H](O)CNCCC2CCN(Cc3ccccc3)CC2)cc(N(C)S(C)(=O)=O)c1)c1ccc(F)cc1,0.10758993123326731,3.837971047230302
611,CNCCNC1=C2C[C@@H](C)C[C@H](OC)[C@H](OC(=O)CN)[C@@H](C)/C=C(\C)[C@H](OC(N)=O)[C@@H](OC)/C=C\C=C(/C)C(=O)NC(=CC1=O)C2=O,0.10191871349426741,6.160317597727594
612,CCCCOc1ccc2c3cc[n+](Cc4ccccc4)c(/C=C/c4ccc([N+](=O)[O-])cc4)c3n(CCCc3ccccc3)c2c1.[Br-],0.06508410912546134,3.0428260576642012
613,CCCCc1ccc(OCCCCC[C@@H](O)[C@H]2CC[C@H]([C@H]3CC[C@H]([C@H](O)CCCCCOc4ccc(CCCC)cc4)O3)O2)cc1,0.11856510608238707,4.161284976047425
614,N[C@@H](C(=O)NCc1ccc(F)cc1)[C@@H](O)c1ccc([N+](=O)[O-])cc1,0.5454275827744105,2.7844923035319287
615,N[C@@H](CC(=O)O)C(=O)N1CCCC1,0.6167559721196196,2.3912601835655476
616,O=C1NC(=O)c2ccc(I)cc2/C1=C/NCc1ccc(-c2ccoc2)c(O)c1,0.2976938291322164,2.8725763908165103
617,CC1(NC(=O)N[C@H]2CCCCCCCCCC[C@@H](C(=O)C(N)=O)NC(=O)[C@@H]3[C@H]4[C@@H](CN3C2=O)C4(C)C)CCCCC1,0.3805945782757628,4.775857102705765
619,CC(=O)OC1C=C[C@]2(C)[C@H]3CC[C@@]4(C)[C@@H](c5ccoc5)OC(=O)[C@H]5O[C@]54[C@]3(C)[C@H](OC(C)=O)C[C@H]2C1(C)C,0.23650868369862,5.769811158084435
621,CC(C)(C)OC(=O)N[C@@H](Cc1ccc(O)cc1)C(=O)N[C@H](Cc1c[nH]c2ccccc12)C(=O)NC(=O)C1C2CC3CC(C2)CC1C3,0.23090841404405646,4.661945330891541
626,O=C1Nc2ccc(OC(F)(F)F)cc2/C1=N/NC(=S)NC1CCCCC1,0.5500830230965497,2.754352777134894
629,CCOc1cc2c(cn1)[nH]c1ccccc12,0.7083181612064083,2.103870570274683
634,Cc1cc(Cl)ccc1C(OCCN1CCCC(C(=O)O)C1)c1ccc(Cl)cc1C.Cl,0.5420235906398042,2.9804348897738713
636,O=C(c1ccccc1)c1nccc2ccccc12,0.6342756311652145,1.6824470660499689
637,O=C(NCCc1c[nH]c2ccc(O)cc12)c1ccc(O)cc1,0.5966503682364842,1.9845651154285164
642,CC(=O)O[C@@H]1[C@H](C)/C=C/C(C)(C)C(=O)C[C@@H](OC(=O)c2ccccc2)/C(C)=C/[C@H]2[C@@H](OC(=O)c3ccccc3)[C@H](C)C[C@]12OC(C)=O,0.1979557769457659,5.2312714763857615
644,CC[C@H](C)[C@H]1NC(=O)c2nc(oc2-c2ccccc2)-c2coc(n2)-c2csc(n2)-c2coc(n2)-c2coc(n2)C(COC(=O)COCCOC)NC(=O)[C@@H](C(C)C)NC1=O,0.11345698925573594,6.9848729606795095
645,Oc1nnc2c3cc(-c4ccccc4)c(-c4ccc(CN5CCC(c6n[nH]c(-c7ccccn7)n6)CC5)cc4)nc3ccn12,0.2507224976806866,3.0819812263474953
646,O=C1C=CC[C@H]([C@@H](O)[C@H](Cl)c2ccccc2)O1,0.6627112570240639,3.7083371467561967
649,O=P(O)(O)C(CSc1ncc[nH]1)P(=O)(O)O,0.3810855321110784,3.563988035787892
650,COc1cc(-c2cc(OC)c(O)c3c2CC[C@@H](c2cc(OC)c(OC)c(OC)c2)O3)c2c(c1O)O[C@H](c1cc(O)c(OC)c(OC)c1)CC2,0.165191195575224,4.0109671036775865
654,CCCN1CC(C(=O)N[C@@H](Cc2cc(F)cc(F)c2)[C@H](O)[C@@H]2NCCN(Cc3ccccc3)C2=O)N(C(C)C)C1=O,0.3840600097553554,4.16480712430346
655,C=C[C@H]1[C@H](O[C@@H]2O[C@H](CO)[C@@H](O)[C@H](O)[C@H]2O)OC(O)=C2C(=O)N3CCc4c([nH]c5ccccc45)[C@@H]3C[C@H]21,0.3160555563593425,4.914007151720289
658,CCNc1ccc(NC(=N)N)cc1,0.4175551448418801,2.0131012884703647
659,CC(C)(C)C(N)C(=O)N1CCCC1C#N,0.6964040359490778,3.307863140131733
660,Cn1nc(C(F)(F)F)c(Br)c1C(=O)Nc1ccc(S(=O)(=O)N2CCCC2)cc1,0.7272418001702861,2.381759568954161
662,O=C(CO)N(CCO)CCO,0.4290848394959286,2.467539858843649
663,N=C(N)NCCC[C@H](NC(=O)[C@@H](S)Cc1ccccc1)C(=O)O,0.16762849911219138,3.036127444343917
664,COC(=O)C1=C(Nc2ccc(OC)cc2)CC(c2ccc(F)cc2)N(c2ccc(OC)cc2)C1c1ccc(F)cc1,0.23149559271558318,3.334565380051103
665,CCN1CCN(C(=O)C(CC(C)C)NC(=O)Cn2c3ccccc3c3c4c(c5c6ccccc6[nH]c5c32)C(=O)N(C)C4=O)CC1,0.26788159713148846,3.415276078625908
667,O=c1[nH]c(=O)n([C@H]2C[C@H](O)[C@@H](CO)O2)cc1CCC[18F],0.6494140206932156,3.6703583008665186
670,CCC(=O)N[C@H](C(=O)N[C@H](C(=O)N[C@@H](Cc1ccccc1)[C@H](O)C(=O)N1CSC(C)(C)[C@H]1C(=O)NCC1CC1)C(C)(C)C)c1ccccc1,0.20368644821501258,4.265283058434267
672,CCCOC(=O)c1ccc(Cl)cc1NC(=O)c1c(Cl)cccc1Cl,0.6935807856813387,1.9463342025914159
673,CC1=CC(=O)[C@@H](O)[C@]2(C)[C@H]3[C@@H](O)[C@@H]4OC(=O)[C@@H](O)C[C@H]5[C@]4(C)OC[C@@]35[C@H](O)C[C@@H]12,0.38769502949008916,6.904910552143381
680,Cc1cccc(C)c1NC(=O)CN1CCN(CC(O)COc2ccc3oc(-c4ccc(C(F)(F)F)cc4)nc3c2)CC1,0.28298875279746416,3.020893007350259
681,O=S(=O)(O)NS(=O)(=O)O,0.42692590121096435,3.2300411940387423
687,CCCC[C@H](CN(O)C=O)C(=O)N1Cc2ccccc2C[C@H]1C(=O)N(C)C,0.42583552911465056,3.43362088001535
688,Cc1ccc(NC(=O)Nc2ccccc2)c(C)c1,0.8195536689983204,1.4071059237294712
689,CC(COS(=O)(=O)O)[C@H](O)CC[C@@H](C)[C@H]1CC[C@H]2[C@@H]3[C@H](O)C[C@H]4C[C@@H](NCCCNCCCCN)CC[C@]4(C)[C@H]3CC[C@]12C,0.09914878841874315,5.099291365726515
691,O=C1N[C@H](Cc2c[nH]c3ccccc23)C(=O)N[C@@H](Cc2ccccc2)C(=O)N2CCC[C@@H]2C(=O)N[C@H]1Cc1ccccc1,0.281433605456874,4.182594883848687
694,CCn1c(Sc2ccc(Nc3c(C#N)cnc4cc(OCCCN5CCCC5)c(OC)cc34)cc2Cl)nc(C)c1C,0.18123235727233855,2.947857843930386
695,CC(=O)O[C@@H]1C[C@H]2C(C)(C)C(=O)C3OC(C)(C)OC3[C@]2(C)[C@H]2CC[C@@]3(C)[C@@H](c4ccoc4)OC(=O)[C@H]4O[C@]43[C@@]21C,0.3829932336728109,5.92160429771696
696,C/C=C\C=C\[C@@H]1O[C@](O)([C@@H](C)C(=O)NC/C=C/C=C(\C)C(O)C(C)C2CC(O)C(/C=C/C=C/C=C/C(=O)O)O2)C[C@H](O)C1(C)C,0.12457275317999772,5.957530928886957
697,COc1ccc2cc1Oc1ccc(cc1)C[C@@H]1c3c(cc(OC)c(O)c3Oc3cc4c(cc3OC)CCN[C@@H]4C2)CCN1C,0.277707843684298,5.776049105626293
700,CC1(C)SCN(C(=O)[C@@H](O)[C@H](Cc2ccccc2)NC(=O)COc2ccccc2O)[C@@H]1C(=O)N[C@H]1c2ccccc2C[C@H]1O,0.23234336290975519,4.088307823633946
702,O=[N+]([O-])c1ccc(-c2nnc(N3CCS(=O)(=O)CC3)s2)o1,0.6021652831291124,2.940217284056681
703,CN(C)C(=O)c1nc2ccc(Cl)cc2n1C,0.7602575266226055,2.323086221323287
707,C=C1NC(=O)[C@@H](C(C)C)NC(=O)[C@@H]([C@@H](C)CC)NC(=O)c2nc(oc2-c2ccccc2)-c2nc(oc2C)-c2csc(n2)-c2coc(n2)-c2coc1n2,0.18817981849091792,6.6563392600807285
709,COc1cc(/C=C2\S/C(=N\c3ccccc3)N([C@@H](C)C(=O)N[C@@H](Cc3ccc(O)cc3)C(N)=O)C2=O)cc(OC)c1O,0.2613446181931121,3.5037647093871787
712,CC1=CC=C(C=O)C(c2ccc(N(C)C)cc2)C1,0.7566387550087772,3.219793881526657
713,CC1=C(C)C(=O)O[C@@H]([C@]2(C)OC(=O)[C@]34CC[C@H]5[C@@H](C[C@H]6O[C@]67[C@@H](O)CCC(=O)[C@]57C)[C@@H]3CC[C@H]24)C1,0.45013678810637453,6.2896440916074745
717,CCCCOC(=O)[C@@]1(OC(C)=O)CC(OC(C)=O)[C@H](OC(=O)/C=C/c2ccc(OC(C)=O)c(OC)c2)[C@H](OC(C)=O)C1,0.11434549532029271,4.164454320347726
718,CC(C)(C)c1cc(C(=O)C(=O)Nc2ccc(OCCN3CCOCC3)c3ccccc23)n(-c2ccc(F)c(F)c2)n1,0.2367271831973025,2.74469024548109
719,CC(=O)N[C@@H](Cc1cnc[nH]1)C(=O)N[C@H](Cc1ccc(C)cc1)C(=O)N[C@@H](CCCNC(=N)N)C(=O)N[C@@H](Cc1c[nH]c2ccccc12)C(N)=O,0.038088910217562125,4.0514647178558585
720,CC[C@H](C)[C@@H]1NC(=O)c2nc(oc2C)[C@H](C)NC(=O)c2csc(n2)[C@H](Cc2cncn2C)NC(=O)c2csc1n2,0.32902737658435793,6.381092761815015
721,CCOCCc1cc(-c2ccc(S(C)(=O)=O)cc2)n(-c2ccc(F)cc2)c1C,0.544878001206399,2.2929596156685808
722,O=C(NCC/C=C/c1ccccc1)c1ccccc1CN1CCc2ccc(O)cc2C1,0.5491062983326777,2.3296024356395915
725,NC(=S)N/N=C/CC(=O)c1ccccc1,0.3453584799697602,2.3764825693533673
732,CC(C)CCC[C@@H](C)[C@H]1CC[C@H]2[C@@H]3/C(=N/Nc4nc5nc6ccccc6nc5s4)C=C4CCCC[C@]4(C)[C@H]3CC[C@]12C,0.28113548763455376,4.71946566716298
734,CCC[C@H]1C(=O)N([C@@H](Cc2ccc3ccccc3c2)C(=O)NC)CCN1C(=O)[C@@H](Cc1ccc(F)cc1)NC(=O)[C@H](C)NC,0.2950700276208259,3.875845123332696
735,CC(=O)N[C@H]1CN(CCCCCCO)C(=O)[C@H](O)[C@@H]1O,0.43107720930543936,3.6249296295378466
738,Br.CCCCCCCn1c2c(c(=N)c3c1CCC3)CCCC2,0.6943927026416603,2.8172794365912246
739,COc1ccccc1C/N=C(\N)c1cc2cc(F)ccc2[nH]1.Cl,0.5652559952998504,2.5201239075892197
740,Cn1nc(C(=O)NCCO)c2c1-c1nc(Nc3ccccc3)ncc1CC2,0.6327434022445423,2.512804660062873
742,Cc1c(C(=O)Nc2ccc(-c3ccc(S(=O)(=O)N[C@H](C(=O)O)C(C)C)cc3)cc2)oc2cccc(Oc3ccccc3)c12,0.1601667020037618,2.9506586881437613
744,C#CC(C)(O)CC,0.480395045390576,3.953804485497736
745,C/C=C/C(=O)Cc1cc2c(Nc3cccc(Br)c3)ncnc2cn1,0.6685952655904649,2.679088991280988
747,CCc1nc(CN(C)C(=O)NC(C(=O)N[C@@H](Cc2ccccc2)[C@@H](O)C[C@H](Cc2ccccc2)NC(=O)OCc2cncs2)C(C)C)cs1,0.11596732015771347,4.146345014013749
748,O=C(O)CCCCCCCCCCCNC(=O)COc1c(-c2cc3ccccc3n2Cc2ccccc2)n(Cc2ccccc2)c2ccccc12,0.07849767352282386,2.8384589840414893
749,Nc1nc(N)nc(SCC(=O)NCc2ccc(F)cc2)n1,0.69106699548653,2.1226042462470325
752,Cc1cccc(N/C(=N\C(=O)C2CCN(C(=O)c3ccccc3)CC2)N[C@H]2CCCCN(CC(=O)N3CCCC3)C2=O)c1,0.39614155130606415,3.2584783259839263
754,Cc1cc(=O)oc2c3c(ccc12)OC(C)(C)[C@H](OC(=O)[C@@]12CC[C@](C)(C(=O)O1)C2(C)C)[C@@H]3OC(=O)[C@@]12CC[C@](C)(C(=O)O1)C2(C)C,0.2536161617075989,5.9912603949356305
755,CO[C@H]1[C@@H](OC)C[C@H](C)CC2=C(NCCN(C)C)C(=O)C=C(NC(=O)/C(C)=C/C=C\[C@H](OC)[C@@H](OC(N)=O)/C(C)=C/[C@@H]1C)C2=O,0.26887585612530995,6.028157515066486
758,CCc1nc(COC(=O)NC(C(=O)N[C@@H](Cc2ccccc2)C[C@H](O)[C@H](Cc2ccccc2)NC(=O)OCc2cccnc2)C(C)C)cs1,0.11575748964427285,3.931445441715544
759,O=C(Cc1ccccc1)Nc1cccc(C(=O)/C=C(\O)C(=O)O)c1,0.4300947071004881,2.042401116274748
760,CCCCCCCCCC[C@H](O)[C@@H](O)CC[C@H](O)[C@@H](O)CC[C@@H](O)[C@H]1CC[C@H](CCCCCCCCCC2=C[C@H](C)OC2=O)O1,0.04647054103423771,4.818461545912664
762,CCCCCCCCCCCCCCCCCC(=O)N[C@@H](CO[C@H]1O[C@H](CO)[C@H](O)[C@H](O)[C@H]1O)[C@H](O)[C@H](O)CCCCCCCCCCCCCC,0.03241579963326517,4.494748328352371
765,CN1[C@@H](CCCc2ccccc2)CCC[C@H]1Cc1ccccc1,0.7169820449566735,2.7142115102779822
766,CC(=O)N[C@@H](CC(C)C)C(=O)N1CCC[C@H]1CC(=O)N[C@@H](Cc1ccccc1)C(=O)N[C@@H](Cc1ccccc1)C(=O)N[C@@H](CC(=O)O)C(N)=O,0.13114148884429777,3.9549001151857706
768,CC(C)CCC[C@@H](COS(=O)(=O)[O-])[C@H]1CC[C@H]2[C@@H]3CC[C@H]4C[C@H](OS(=O)(=O)[O-])CC[C@]4(C)[C@H]3CC[C@]12C.[Na+].[Na+],0.1828500134633585,5.28967416435488
772,O=C(/C=C/c1ccc(O)cc1)O[C@@H]1[C@@H](O)[C@H](O)[C@@H](CO)O[C@H]1c1c(O)cc2oc3cc(O)c(O)cc3c(=O)c2c1O,0.07346467708808482,4.31809738745263
773,Cc1ccc(-c2c(CN)c(CC(C)C)nc(C)c2C(=O)OCc2ccc(C(=O)O)cc2)cc1,0.4680222634185617,2.399987452836834
774,CC/C=C\C/C=C\C/C=C\CCCCCCCC(=O)OC[C@H](CO[C@@H]1O[C@H](CO)[C@H](O)[C@H](O)[C@H]1O)OC(=O)CCCCCCC/C=C\C/C=C\C/C=C\CC,0.0290537482541428,4.972978912329909
777,COc1ccccc1COCCCOc1ccc(C2=C(C(=O)N(C)Cc3ccccc3Cl)[C@H]3CN(C(C)=O)C[C@@H](C2)N3)cc1,0.2765579926534947,4.273471030961664
779,CC(C)(C)[C@H]1CC[C@@]2(CCN(c3ccc(OC(F)(F)F)cc3)C(=O)N2Cc2ccc(C(=O)Nc3nnn[nH]3)cc2)CC1,0.3581364287068051,3.633091203969194
781,CCCCCCCCCC(=O)O[C@@H]1[C@@H](O)[C@@]2(CCCC(OC(C)=O)C(C)C/C=C/c3ccccc3)O[C@H](C(=O)O)[C@@](O)(C(=O)O)[C@]1(C(=O)O)O2,0.0897444233190033,5.6408330951020345
782,CC(C)=C1C=C(CN2CCCC2=O)C(=O)O1,0.6618006693016897,3.1539974263972823
784,CCn1ncc2c(-c3cncc(C)c3)c(/C=C/C(=O)O)cnc21,0.7494626449015207,2.776100483033005
785,O=C(/C=C/c1ccc(Sc2ccccc2OCc2ccccc2)c(C(F)(F)F)c1C(F)(F)F)N1CCOCC1,0.2215211731360115,2.8044533564249434
786,CC(=O)NCCCC[C@H](NC(=O)[C@@H]1Cc2ccccc2CN1C(=O)[C@@H](N)Cc1c(C)cc(O)cc1C)C(=O)c1nc2ccccc2[nH]1,0.1169824011934802,3.9687382813676653
787,N#Cc1c(O)nc(N)nc1-c1cccc(Cl)c1,0.8017923665839615,2.36446429051486
788,COc1ccccc1OP(=O)(N[C@@H](C)C(=O)OCc1ccccc1)OC[C@@]1(N=[N+]=[N-])O[C@@H](n2ccc(N)nc2=O)[C@H](O)[C@@H]1O,0.06943570216552197,4.64842615584778
789,CCCCCCS(=O)(=O)NCCCc1c[nH]c(N)n1.Cl,0.5715307089839781,2.9727875902632324
790,CN1CCC[C@H]1c1ccc[n+](C)c1.[I-],0.44233748078683555,3.3669524825224277
791,CC(=O)Nc1cc(F)c(C(=O)O)cc1NC(C)=O,0.7600599052972633,2.038587930083567
792,Cn1c(=O)c2[nH]c3cccnc3c2n(C)c1=O,0.5955533716515111,2.572156598207169
796,CN1C[C@@H](c2ccc([N+](=O)[O-])cc2)[C@@]2(CCc3c([nH]c4ccccc34)C2=O)[C@]12C(=O)c1cccc3cccc2c13,0.2189277386157323,4.654745398501445
798,COc1ccc(CC(=O)NC(N/C(=N/C#N)Nc2ccc(F)c(F)c2)C(C)(C)C)cc1OC,0.25299404697727357,3.237436424009786
801,COc1cc2c3cc1Oc1c(OC)c(OC)cc4c1[C@@H](Cc1ccc(O)c(c1)Oc1ccc(cc1)C[C@H]3N(C)CC2)N(C)CC4,0.2706099989659305,5.740184472886677
802,C=C(C)[C@H]1[C@@H]2C[C@@H](C)CC[C@H]2C(C)=C[C@H]1O,0.6699818710640948,4.420137863178278
804,CC(=O)N[C@@H](CCCNC(=N)N)C(=O)N[C@@H](CC(=O)O)C(=O)N[C@@H](CCCCN)C(=O)N[C@@H](CC(=O)O)C(=O)N[C@@H](CCCNC(=N)N)C(=O)O,0.022522434471604052,4.232306434147394
805,COc1cccc(N2c3ccc(Cl)cc3S(=O)(=O)c3c(N)n[nH]c32)c1,0.5564007200702836,2.924229477934885
806,Cc1cccc(CN(Cc2cccc(C)c2)c2ccc(NC(=O)c3ccc(NCCNC(=N)N)c(-c4ccccc4)c3)cc2)c1,0.05893804777110472,2.595295825579168
812,O=C(N[C@@H]1CCOC1)c1cccc(-n2ncc3cc(OS(=O)(=O)O)ccc32)c1,0.622601046764617,2.9462448463512523
813,CN(C)c1ccc(C2=NC(C)(C)C(C)(C)N2O)cc1,0.8894409690085865,2.8117874050629794
815,CN(C)c1ccc(/C=N/NC(=O)Nc2nc3c(ccc4ccccc43)s2)cc1,0.3935482206091796,2.334226348081467
816,C[C@H](C[C@@H]1CC[C@H]([C@@H](C)C(=O)N2CCN(CC3CCCO3)CC2)O1)n1cc(C#CCOc2cccc(-c3ccccc3)c2)nn1,0.30388163733308277,4.3664076859812635
818,CO[C@H]1/C=C\C=C(/C)C(=O)NC2=CC(=O)C(NCCN3CCCC3)=C(C[C@@H](C)C[C@H](OC)[C@H](O)[C@@H](C)/C=C(\C)[C@@H]1OC(N)=O)C2=O,0.23905834930627298,5.952319291448224
820,CC(C)=CCC/C(C)=C/Cc1c(O)cc(/C=C/c2ccccc2)cc1O,0.4424992659951193,2.6231765916765166
823,CSCCNC(=O)NS(=O)(=O)c1cccc(Cl)c1,0.8117682290931926,2.127963620654393
824,Cc1ncc(C2CCCN2C)c2c1[nH]c1ccccc12,0.7256100341527897,3.0019212535787005
825,CCCCCCCCCCCCCCCCCCOCC1CC(COC(=O)N(Cc2cccc[n+]2CC)C(C)=O)CO1.[Cl-],0.11732727135168881,3.968712885465572
826,CC(C)(O)CCN1CCC(CNC(=O)c2cc(Cl)cc(Cl)c2)CC1,0.8013237612751732,2.2805027340599473
827,Cc1nc(C)c(CN2CCN(C(=O)c3ccc(Cl)cc3Cl)CC2)nc1C,0.7987159158370319,2.238592951002122
833,O=c1[nH]c(=O)n([C@H]2C[C@H](O)[C@@H](CO)O2)cc1CCCCCF,0.6073911061458154,3.6178018823798253
836,NC(=S)N1N=C(c2ccccc2)CC1c1ccccc1Cl,0.8584786328951552,2.624042075966912
839,O=C1c2c(c3c4ccc(O)cc4n(O[C@@H]4O[C@H](CO)[C@@H](O)[C@H](O)[C@H]4O)c3c3[nH]c4cc(O)ccc4c23)C(=O)N1NCc1ccc[nH]1,0.11657339110898271,4.865534904682922
842,C[C@@H](S[C@H]1CO[C@H](/C=C/C=C/c2ccc(C#N)cc2F)OC1)[C@@](Cn1cncn1)(OC(=O)CCN)c1ccc(F)cc1F,0.2324185908645105,4.46088917802547
843,O=C(O)[C@H]1NCC[C@@H]1c1cccc(C(F)(F)F)c1,0.8559160738279743,3.094333081663409
844,CC(C)(C)[C@H](NC(=O)N[C@H](C(=O)N1C[C@H]2[C@@H]([C@H]1C(=O)NC(CC1CC1)C(=O)C(N)=O)C2(C)C)C(C)(C)C)C(=O)OCc1ccccc1,0.1979790949916474,4.398061585143095
845,CO[C@H]1C[C@H](C)CC2=C(N3CCC3)C(=O)C=C(NC(=O)/C(C)=C/C=C\[C@H](OC)[C@@H](OC(N)=O)/C(C)=C/[C@H](C)/C1=N\O)C2=O,0.1905417156406249,6.095260432391191
847,[O-][n+]1ccc2c([nH]c3ccccc32)c1C1=C[C@@]2(O)CC/C=C\CCCCN3CC[C@@H]1[C@]1(CC4/C=C\CCCCN4[C@H]12)C3,0.2131295684163849,6.739998533535503
848,CCCCCCCCCCCC[C@H](O)[C@@H]1CC[C@@H]([C@@H](O)CCCCC(O)CCCCCC2CC(CC(C)=O)C(=O)O2)O1,0.07066050433246931,4.565395852485679
851,COc1ccc2c(c1)CN(C1CC(c3ccc(Cl)cc3Cl)=NN1c1nc(-c3ccccc3C(F)(F)F)oc1C)CC2,0.23228996583380607,3.587477931785065
854,Nc1ccc(S(=O)(=O)N(CCCNCCN(Cc2ccccc2)S(=O)(=O)c2ccc(N)cc2)Cc2ccccc2)cc1,0.1375695425917927,2.502552216213294
855,O=C(Nc1ccc([N+](=O)[O-])cc1)c1cc[n+](CCCCCCCCCC[n+]2ccc(C(=O)Nc3ccc([N+](=O)[O-])cc3)cc2)cc1.[Br-].[Br-],0.06856998127344835,2.9516950437902985
856,CCOc1cccc(-n2cc(C(=O)N3CCN(c4cc(C(=O)O)c5ccccc5c4)CC3)nc2-c2ccc(C)cc2)c1.O=C(O)C(F)(F)F,0.19568251734517192,2.8791285514196474
857,CC(=O)OC[C@@]1(C)CCC[C@]2(C)[C@H]3CC[C@@H]4[C@H](OC(C)=O)O[C@@H](C5=CC(=O)OC5O)C[C@H]4[C@]3(C)CC[C@@H]12,0.4339050524679954,5.094183648956425
858,CCN1CCN(c2nc(Nc3ccccc3)nc(N3CCN(CCNc4ccnc5cc(Cl)ccc45)CC3)n2)CC1,0.30418909202785943,2.650574279941928
859,Cc1c(Cl)c(C(=O)N(c2ccccc2)c2ccccc2)nn1-c1ccccc1C(=O)N1Cc2ccccc2C[C@H]1CN,0.25602590882102244,3.251328692520703
861,COc1c(N2CCN(Cc3oc(=O)oc3-c3ccc(P(=O)(O)CP(=O)(O)O)cc3)C(C)C2)c(F)cc2c(=O)c(C(=O)O)cn(C3CC3)c12,0.17450420273263953,4.374405008536631
862,Oc1ccccc1-c1cc[nH]n1,0.6676126350571054,2.673522660308935
863,COc1cc2c(c3c1c(=O)c1cc4ccccc4cc1n3C)[C@@H](O)[C@@H](OC(=O)/C=C/c1ccc(Cl)cc1Cl)C(C)(C)O2,0.13526267797217076,3.815668851399014
864,CCOc1ccccc1C1CN(c2nc(-c3ccncc3)cc(=O)n2C)CCN1,0.7201009425661765,3.0001800803526724
868,CCCCCCCCCCCCOCCOCCOCCOCCOCCOCCOCCOCCOCCOCCOCCOCCOCCOCCOCCOCCOCCOCCOCCOCCOCCOCCOCCOCCOCCO,0.08329832524461789,3.627482007677262
869,COc1ccc(OC)c([C@@H]2O[C@H](CNC(=O)c3ccccc3C(=O)O)[C@@H](OC(=O)c3ccccc3)[C@H](OC(=O)c3ccccc3)[C@H]2OC(=O)c2ccccc2)c1,0.10693360352191854,4.071133477953445
873,CC(C)c1sc(-c2ccccc2)c(C2CCCCC2)c1/C=C/[C@@H](O)C[C@@H](O)CC(=O)[O-].[Na+],0.5554056239368207,4.02565900417561
876,CC[C@@]1(C)CCC[C@]2(C)[C@H]3C[C@H](OC(=O)CC(C)OC(C)=O)[C@]4(C)[C@@H](C=O)C(C(C)=O)=CC[C@H]4[C@]3(C)CC[C@@H]12,0.2647529835946915,5.203414416993674
879,COc1cc(/C=C/OC(=O)[C@H]2CC[C@@H](N(C)[C@H]3CC[C@@H](C(=O)Oc4cc(OC)c(OC)c(OC)c4)CC3)CC2)cc(OC)c1OC,0.14793704756309792,3.1154413830976413
883,Cc1c(-c2cccc(OCCCCCC(=O)O)c2F)c(=O)n(C[C@H](N)c2ccccc2)c(=O)n1Cc1c(F)cccc1C(F)(F)F,0.1350753071883378,3.4093501165471096
884,O=C([C@@H]1CCCN1C(=O)N1CCOCC1)N1CCC(NS(=O)(=O)c2cc(S(=O)(=O)c3ccccc3)ccc2C(F)(F)F)CC1,0.5049226169050797,3.3206129912502123
885,O=C(CC(=O)Nc1cccc(C(=O)O)c1)NCCCNCc1ccc(-c2ccccc2)c(Cl)c1,0.24170269491341748,2.1726751447624277
886,O=C(O)c1cccc(Cc2cc(Cl)ccc2OCC2CCCCC2)n1,0.7894255512816679,2.2309935438689514
892,Nc1nc(Cl)nc2c1ncn2[C@@H]1O[C@H](CS[C@H]2CCNC2)[C@@H](O)[C@H]1O,0.5261134502946917,4.282694245916942
893,CNc1ncnc2c1ncn2[C@@H]1OC[C@@H](O)[C@H]1O,0.6360092719305402,3.6625346900025777
894,CCNC(=S)N/N=C1\C(=O)Nc2ccc(C)cc21,0.5521187343679934,2.6574960413765325
895,CCCC[C@H](CN(O)C=O)C(=O)N1CCC[C@H]1c1nc2ccccc2o1,0.44439464154721997,3.3983314762480576
896,Cc1ccc(NC(=O)c2cccc(C(F)(F)F)c2)cc1NC(=O)c1cncnc1,0.6836939029381923,2.10402560528191
897,O=C(COc1ccc(F)cc1)N[C@H]1CCOC1=O,0.7995222629793437,2.4071682706669293
898,CCCC[C@H](NC(=O)[C@H](Cc1ccccc1)NC(=O)[C@H]1CCCc2ccccc21)B1O[C@@H]2C[C@@H]3C[C@@H](C3(C)C)[C@]2(C)O1,0.3555770298312506,5.091883685458864
899,c1cc(-c2nnn[nH]2)c2[nH]ncc2c1,0.5867954567964525,2.90920915712071
901,COc1cccc(CCN(Cc2ccccc2-c2ccc(CN3C[C@@H](C)N[C@@H](C)C3)cc2)C(=O)NC2CCCCC2)c1,0.28825525352463455,3.3452296429403843
904,CC(C)[C@H](N)C(=O)Nc1cc(Cc2ccc(O)cc2)cc(C(=O)N2CCC[C@H]2C(=O)NCc2ccccc2C(=O)O)c1,0.24822854046508366,3.294619147257002
905,O=C(Nc1cc(Cl)ccc1O)c1ccc(F)cc1,0.817449699863579,1.5492388106072994
906,O=C(O)/C(O)=C/C(=O)c1cccc(NC(=O)c2ccc(O)cc2)c1,0.37952548876773323,2.1153894473466615
907,COC[C@@H]1Cc2ccccc2CN1C(=O)c1ccccc1-n1nc(C(=O)N(c2ccccc2)c2ccccc2)cc1C,0.23359003709011622,3.1777793246009916
908,CC1(C)CC(=O)C2=C(C1)Nc1c(O)cccc1N(C(=O)c1cccc(F)n1)C2c1ccc(OCc2ccccc2)cc1F,0.19300021790771646,3.434571016054301
909,CC(C)(F)C[C@H](N[C@@H](c1ccc(-c2ccc(S(C)(=O)=O)cc2)cc1)C(F)(F)F)C(=O)NC1CN(C(=O)Nc2ccccc2)CC1=O,0.26104812207338274,3.9165187235052326
911,Cc1ccc(Nc2nc3ccc(C(=N)NC(C)C)cc3s2)nc1.Cl.Cl,0.43130394200912875,2.846898767749547
912,CC(=O)N(CCCCNc1c2c(nc3ccccc13)CCCC2)CCCSc1c2c(nc3ccccc13)CCCC2,0.1484916386919722,2.9506170008573758
913,O=C1C(=O)N(Cc2ccccc2C(F)(F)F)c2c(F)cccc21,0.6257229678212707,2.2099309817650443
914,C=C1CC[C@H]2[C@](C)(CCC=C(C)C)[C@@H](OC(=O)[C@H](OC)[C@@H](C)CC)CC[C@]2(C)[C@@H]1Cc1c(OC)oc(C)c(C)c1=O,0.19873170651786598,5.090896169114497
915,Nc1nc2ccccc2n1CCc1ccccc1,0.7608484287176296,1.7173942358612884
919,CCCCCCCCCCCC[C@@H](O)[C@H]1CC[C@H]([C@H](O)CCCCCC(=O)CCCC[C@@H](O)CC2=C[C@H](C)OC2=O)O1,0.07128389897186073,4.500715212261888
921,Fc1cccc(-c2nnn[nH]2)c1,0.6837262805341697,2.3938976053638825
922,COc1ccc(S(=O)(=O)N(C[C@@H]2CCC(=O)N2)C[C@@H](O)[C@H](Cc2ccccc2)NC(=O)O[C@@H]2C[C@@H]3CCO[C@@H]3C2)cc1,0.3362206690311973,4.301493483108689
924,Cc1ccc(O)c2c1C(=O)CC2,0.6314870259978618,2.338496806163082
926,CCCCOc1ccc2c3cc[n+](Cc4ccccc4)c(/C=C/c4ccc(OC)cc4)c3n(CCCc3ccccc3)c2c1.[Br-],0.1102101346630507,2.949178850106021
929,Nc1nc(F)nc2c1ncn2[C@@H]1O[C@H](CSCCC(N)C(=O)O)[C@@H](O)[C@H]1O,0.27399396731297043,4.150045572556331
930,CCN(C(=O)c1cccc(C(=O)O)n1)C1CC(C)S(=O)(=O)c2sc(S(N)(=O)=O)cc21.Cl,0.6137402866405947,3.9796869793680845
931,COc1ccc2nccc([C@@H](O)CNCCCN(C)CCOc3cc(F)cc(F)c3)c2c1.O=C(O)C(=O)O,0.2020441161124409,3.135943327747012
932,CC(=O)c1sc(NC(=O)Nc2ccc(C)cc2C)nc1C,0.844313095720295,2.0234282358167857
933,CC12CN3CC(C)(CN(C1)C3c1cc(Br)ccc1O)C2O,0.8125693137138468,4.185635509725012
934,O=C(O)c1ccc(-c2ccccn2)nc1,0.8029092974084311,1.8084644247073172
935,Cc1c(O)ccc2c3c(c(=O)oc12)CCCC3,0.7077516871397206,2.3147511972251706
936,CC(=O)OC1N=C(c2ccccc2Cl)c2cc(Cl)ccc2NC1=O,0.8282058445792002,2.908732430592499
938,CNCc1cc(C(F)(F)F)ccc1Oc1ccc(Cl)c(Cl)c1,0.7835570303716581,2.0780518187252195
940,O=C1c2ccccc2C(=O)N1CCO/C(=N\c1ccccc1)SS/C(=N/c1ccccc1)OCCN1C(=O)c2ccccc2C1=O,0.09349855252788612,3.0232452542338057
941,Oc1ccc(-c2c3nc(c(-c4ccc(O)cc4)c4ccc([nH]4)c(-c4ccc(O)cc4)c4nc(c(-c5ccc(O)cc5)c5ccc2[nH]5)C=C4)C=C3)cc1,0.10955403301153663,4.819218054157973
942,CCN(CCCCCCn1c(=O)c2cc3c(=O)n(CCCCCCN(CC)Cc4ccccc4OC)c(=O)c3cc2c1=O)Cc1ccccc1OC,0.07956260566257656,2.945053341187373
943,COc1ccc2c(c1OC)[C@H](CC1=C[C@@H]3[C@@H](CC1)[C@](C)(OC)CC[C@H]3C(C)C)N(C)c1c-2ccc2cc3c(cc12)OCO3,0.2710972019937214,4.652946221202081
944,CC(C)=CN1Cc2c(C)ccc3[nH]c(=O)n(c23)C[C@@H]1C,0.8661658776883069,3.760613831345762
945,CC(CC(=O)NC(=N)NCCCc1c[nH]cn1)c1ccccn1,0.3533894193844151,3.5031722145225626
947,Cc1nc2c(=O)[nH]c1CCC(=O)N[C@@H](Cc1ccccc1)C(=O)N[C@H](Cc1c[nH]c3ccccc13)C(=O)N[C@@H](CCCCN)C(=O)NCCCC2,0.10778245822892595,5.3869670131342735
948,CCc1ccc(Cc2n[nH]c(=O)n2C)c(F)c1Oc1cc(Cl)cc(C#N)c1,0.7239137779354428,2.8636330387610993
954,CN1CCN(c2ccc3nc(-c4ccccc4)c(-c4ccc(CN5CCC(c6nnc(-c7ccc(N)nc7)[nH]6)CC5)cc4)nc3n2)CC1,0.2394468279630308,3.175737695487939
955,[O-][S+]1c2ccccc2SN1C1CC1,0.5259504857893175,4.289448018433382
956,CCOC(=O)CCC[C@@H]1C[C@H]2C[C@](/C=C/c3ccccc3)(Oc3cc4c(c(O)c32)C(=O)C[C@H](c2ccccc2)O4)O1,0.3030459653513009,5.0499427526701055
958,COc1ccc(/N=C(\OCCN2C(=O)c3ccccc3C2=O)SS/C(=N/c2ccc(OC)cc2)OCCN2C(=O)c3ccccc3C2=O)cc1,0.07888232427072069,3.1681938650259136
959,COc1cc([C@@H]2c3cc4c(cc3[C@@H](n3cc(CNc5cccc([N+](=O)[O-])c5)nn3)[C@H]3COC(=O)[C@H]23)OCO4)cc(OC)c1O,0.17054046064578715,4.2758200898296135
961,CC(=O)O.O=S(=O)(NC1CCCCC1)c1cccc(CCCCOCCCCCCNC[C@H](O)c2ccc(O)c(CO)c2)c1,0.11872936661009836,3.251198732338393
963,CC(C)N1CCC(Oc2ccc3cc(C(=O)N4CCOCC4)ccc3c2)CC1,0.8108337285903121,2.213886177141294
964,COC(=O)c1c(C(F)(F)F)[nH]c2c(OC(=O)N3CCN(C)CC3)cc3c(c12)[C@H](CBr)CN3C(=O)c1cc2cc(OC)c(OC)c(OC)c2[nH]1.Cl,0.17624273136154237,4.05412394152514
965,CCN(CC)CCN(Cc1ccc(-c2ccc(C(F)(F)F)cc2)cc1)C(=O)Cn1cc(CCCc2cccc(F)c2F)c(=O)c2ccccc21,0.10994665697057104,2.94784195465315
966,CCNC(=O)c1ccc(-n2nc(C)cc2-c2ccccc2)cc1,0.8003341498656221,1.837941870875932
967,CCN(C(=O)NCc1ccc(S(C)(=O)=O)cc1)C1CCN(CCC(c2ccccc2)C2CCN(Cc3cccnc3)CC2)CC1,0.2815998757953778,3.246282328451188
969,C=C1[C@@H]2C[C@@H](OC(C)=O)[C@H]3[C@@]45CO[C@@](O)(C(=O)[C@@H]4C(C)(C)CC[C@@H]5OC(C)=O)[C@]3(C2)[C@@H]1OC(C)=O,0.359492109355974,7.0792006506143785
970,COc1ccc2c3nn(-c4ccccc4OC)c(=O)c-3c[nH]c2c1,0.6298127652489381,2.265014743789349
971,O=C(CCl)Nc1cn(COC(CO)CO)c(=O)[nH]c1=O,0.43225593212422114,2.93502348769913
974,Nc1ncnc2c1nc(Br)n2CCc1ccccc1,0.753055109409556,2.2312785938741673
975,CN1CCC(NC(=O)c2cccc3c(NCCCCCCCCNc4c5ccccc5nc5c(C(=O)NC6CCN(C)CC6)cccc45)c4ccccc4nc23)CC1,0.06059630174573391,3.164803371127104
977,CC1=C[C@@H]([C@@H](O)[C@@H](C)[C@H]2CC=C3[C@@H]4CC[C@H]5C(C)(C)O[C@@H]6CC(=O)O[C@@]65C[C@@]4(O)CC[C@@]32C)OC1=O,0.4508099916248422,6.171227674517825
979,CC(C)CCC[C@@H](C)[C@H]1CC[C@H]2[C@@H]3/C(=N/NC(=S)NC4CCCC4)C=C4C[C@@H](Cl)CC[C@]4(C)[C@H]3CC[C@]12C,0.18544264624034362,4.783508988583544
980,CN1CC[C@]2(c3cccc4c3C[C@H]3N(C)CC[C@@]45[C@@H]4Nc6c([C@]78CCN(C)[C@H]7Nc7ccccc78)cccc6[C@]35CCN4C)c3ccccc3N[C@H]12,0.24053604325620062,6.538406551697958
983,CC(C)C[C@H](NC(=O)[C@H](CO)NC(=O)[C@H](CO)NC(=O)CNC(=O)c1ccccc1N)C(=O)N[C@@H](Cc1ccc(O)c([N+](=O)[O-])c1)C(N)=O,0.04349104820933241,3.9516496475097487
984,COc1ccccc1OC(CCN(C)CC(=O)O)c1ccccc1,0.7652938945669846,2.4573363273980657
986,CC[C@H](C)[C@H](NC(=O)[C@H](CO)NC(=O)[C@@H](N)Cc1ccccc1)C(=O)NCC(=O)N[C@@H](CCCNC(=N)N)C(=O)N[C@@H](CC(C)C)C(=O)O,0.03606387598260256,4.156075529078219
987,C=CCNC(=O)C(=O)C(CCCC)NC(=O)[C@@H]1[C@@H]2[C@H](CN1C(=O)[C@@H](NC(=O)N[C@@H](CN1C(=O)CCN(C)C1=O)C(C)(C)C)C(C)(C)C)C2(C)C,0.1588133692881753,4.756113076565464
990,CC1(C)CC[C@]2(C(=O)O)CC[C@]3(C)C(=CC[C@@H]4[C@@]5(C)CC[C@H](OCc6ccccc6C(=O)O)C(C)(C)[C@@H]5CC[C@]43C)[C@@H]2C1,0.3341421315999921,4.6912870604126535
991,O=C(Nc1cccc(-c2nc3ccccn3c2-c2ccnc(Nc3cccc(CN4CCCC4)c3)n2)c1)c1c(F)cccc1F,0.19004543966885445,2.7511744861493668
994,CCOC(=O)c1cnc2c(cnn2CC)c1NC1CCOCC1,0.8517498733319233,2.5069062065402665
997,N=C(N)N1CCC[C@H]1Cc1nc(-c2ccc(Nc3nc(-c4cccc(F)c4)cs3)cc2)no1,0.28155804772919035,3.0862527701636324
998,Cl.Clc1cccc2nn(N=C3NCCN3)cc12,0.8252029501857392,3.7110867741482476
999,O=C1NC(NCC2CCCO2)=N/C1=C\c1c[nH]c2ncccc12,0.7418156811230807,3.4785435226262233
1000,C/N=C(\S)[C@]1(c2ccc(-c3ccccc3)cc2)CCCC[S+]1[O-],0.3801825804833885,4.032899272515744
1003,CCCCC[C@@H](C=O)NC(=O)OC(C)(C)C,0.5624411776871266,2.6826526451687904
1004,N/C(=N\O)c1cc[n+](C/C=C/C[n+]2ccc(/C=N\O)cc2)cc1.[Br-].[Br-],0.0975706222633093,3.855315489570309
1007,CCCCCCc1ccc(Cn2cc(Br)c(=O)[nH]c2=O)cc1,0.7642584811881499,2.0971007765415948
1009,Cc1nc2c(s1)Cc1cccc(OCP(=O)(O)O)c1-2,0.7261933993063272,3.0025534427988276
1010,N#Cc1cccc(S(=O)(=O)N2C[C@H](n3cncn3)C[C@H]2C(=O)N[C@@H](Cc2ccc(NC(=O)c3c(Cl)cncc3Cl)cc2)C(=O)O)c1,0.22328217359766925,3.9480067378165016
1011,CN(C)c1ccc(NC(=O)c2cc(NC(=O)c3ccc(C(=O)c4ccc(C(=O)Nc5cc(C(=O)Nc6ccc(N(C)C)cc6)n(C)c5)cc4)cc3)cn2C)cc1,0.10134114499706168,2.738144255057829
1012,CCn1cc(C(=O)NCc2ccc(OC)cc2)c(=O)c2cc(C(F)(F)F)ccc21,0.6999227232588162,2.1421551138289185
1013,COc1cc(CN2CCC(N3C(=O)Nc4ccccc4C3c3ccccc3)CC2)cc(OC)c1.Cl,0.4763537442942299,2.937341749093301
1014,CCCCCOC(=O)N1CCN(C(=O)[C@H](CCC(=O)O)NC(=O)c2cc(OCCCC)cc(-c3ccccc3)n2)CC1,0.2955324258401119,3.024275424932677
1015,O=C(O)Cc1ccc2oc(-c3ccc(NC(=O)/C=C/c4cccc(Cl)c4F)c(F)c3)nc2c1,0.3537349269740638,2.5248296310060603
1016,CCNC1NN=C(Cc2csc3nc(-c4ccc(Br)cc4)cn23)S1,0.654877379626876,3.7723310397445413
1017,CC(C)C(NC(=O)OCc1cnccn1)C(=O)N[C@@H](Cc1ccccc1)C[C@H](O)[C@H](Cc1ccccc1)NC(=O)OCc1cccnc1,0.13901088381593146,3.8869442152228757
1019,O=c1[nH]c(CNCCc2cccc(O)c2)nc2c1sc1ccc(Cl)cc12,0.4561177513540171,2.5583617971559676
1020,CN1[C@H](CCCc2ccccc2)CC[C@@H]1CCCc1ccccc1,0.6207340913287068,2.7927801100915666
1021,CCNc1nc(Nc2ccccc2)c2cnn(C)c2n1,0.7607687029441162,2.166113938627511
1022,COc1cc2ncnc(N(C)c3cccc(Cl)c3)c2cc1OC.Cl,0.6809553063997007,2.313632803990018
1024,COc1cc2c(cc1OCCC(=O)Nc1cc(C(=O)Nc3cc(C(=O)Nc4cc(C(=O)NCCC(=N)N)n(C)c4)n(C)c3)n(C)c1)N=C[C@@H]1CCCN1C2=O.Cl,0.0816781892882317,4.115363949086022
1026,C=C1CC[C@@H]2[C@]3(C)COC(C)(C)O[C@@H]3CC[C@@]2(C)[C@@H]1C/C=C1/C(=O)OC[C@H]1OC(=O)C12CC3CC(CC(C3)C1)C2,0.22442091140605214,6.048521720702134
1030,O=C1C=C(c2ccc(OCCOCCOCCOCCOCCOc3ccc(-c4cc(=O)c5ccccc5o4)cc3)cc2)Cc2ccccc21,0.08737004881170962,3.0100108669369536
1031,Nc1ccccc1NC(=O)c1ccc(CNC(=O)CCCCC(=O)NCCCNCCCCNCCC(c2ccccc2)c2ccccc2)cc1,0.03946607075108373,2.736441804898485
1032,CCN(CC)CCOC(=O)C1(c2ccc(N3CCCC3)cc2)CCCC1.Cl,0.6113600494860125,2.4430850711497634
1033,Cl.N[C@@H](CC(=O)N1CCCCCN1C(=O)c1ccccc1)Cc1cc(F)c(F)cc1F,0.696170801893738,3.063201706648453
1037,O=C(CCCN1CCN(c2cccc(C(F)(F)F)c2)CC1)NCc1nc2ccc(F)cc2c(=O)n1-c1ccccc1,0.31115184394685486,2.516302814344588
1038,CN(C)CCOc1cc2nc(N3CCN(C4=CC(=O)C5C=CC=CC5C4=O)CC3)nc(N)c2cc1OCCN(C)C,0.45592660916036537,4.003255086233515
1039,COc1cc2c(cc1OC)C(c1cccc([N+](=O)[O-])c1)N(CCCCCCc1cn(CCNc3c4c(nc5cc(Cl)ccc35)CC3C=C(C)CC4C3)nn1)CC2,0.04802698152643834,5.140687830924085
1042,CC(C)Sc1oc(C(=O)O)c(-c2ccc(Cl)cc2)c1C#N,0.8280958061532027,2.82395455160626
1043,CCCCc1cc(OC2CCN(CCCCNS(C)(=O)=O)CC2)c2ncccc2c1,0.5466189356040895,2.46394183238041
1044,CCCCNC1=C(F)C(=O)c2c(F)c(NCCCC)c(F)c(F)c2C1=O,0.40659858057705484,2.9855888301230014
1046,COc1cccc2c1CC[C@@H](N(C)C)[C@H]2C,0.7579750395992952,3.0359537790860474
1047,CCC(=O)N(CC)c1cc2c(NCc3ccc(OC)c(Cl)c3)ncnc2c(CCO)c1OC,0.4558231851059297,2.8625816808496243
1048,CCCCn1c(C)cc2cc(=O)cc3oc(C)cc1c23,0.7151330258317125,2.7208795316551733
1050,O=C(c1ccc(-c2ccc(C(=O)C(O)S(=O)(=O)O)cc2)cc1)C(O)S(=O)(=O)O,0.3476838719162292,3.1535983539367134
1051,COc1cc2c(cc1OC)CN(CCc1ccc(NC(=O)c3cc(Cl)ccc3NC(=O)c3cnc4ccccc4c3)cc1)CC2,0.18413974560937701,2.5382241096028366
1053,Cc1cc(NCC2CCN(CC3CCCCC3)C2)nc(Nc2ccc(Cl)cc2)n1,0.6275057006695254,2.7973969517166015
1054,O=C(Nc1ccc(-c2ccccc2)cc1)Nc1cccc(Cn2ncc(N3CCNCC3)c(Cl)c2=O)c1.O=C(O)C(F)(F)F,0.22815794298122027,2.6782101079481144
1055,Nn1c(CS(=O)(=O)c2ccc(Cl)cc2)nnc1-c1ccccc1,0.7302854052355214,2.182871607293359
1056,CN(CC/C=C/c1ccc(-c2ccccc2)cc1)Cc1ccc2c(c1)OCCC2,0.4805222271105913,2.30187923279135
1067,CCCS(=O)(=O)N1C[C@H]2CC[C@H]1[C@H](C(=O)Nc1ccc(OC(C)C)cc1)C2,0.7701824227531854,4.071120917903965
1068,CN(Cc1cnc2nc(N)nc(N)c2n1)c1ccc(C(=O)NC(CCC(=O)Nc2cccc(B(O)O)c2)C(=O)O)cc1,0.11210088618231588,3.450717640635526
1069,Cc1nc2cnccc2n1CN1CCN(S(=O)(=O)c2cn(C(=O)N(C)C)c3cc(-c4ccc(F)cc4)ccc23)CC1,0.3145231087171332,2.983673667231754
1070,Cc1c2c(cc[n+]1CC(=O)c1ccc3ccccc3c1)c1ccccc1n2Cc1ccccc1,0.22222046019294667,2.467952169346093
1071,CC1=C(C(=O)OC(C)(C)C)C(c2ccccc2)C=CN1c1ccccc1,0.694408942983171,2.9672798733440295
1073,Cc1cc(OCC2CCCO2)c2cc(NC(=O)C(=O)Nc3ccc4nc(C)cc(OCC5CCCO5)c4c3)ccc2n1,0.2811177911896812,3.5035683566856557
1074,COc1ccc(-c2cn3c(c2-c2cc(OC)c(OC)c(OC)c2)-c2cc(OC)c(OC(C)C)cc2CC3)cc1OC(C)C,0.17841458068487534,2.9066780838486874
1075,O=C(CCN1CCN(c2ccc(Cl)cc2)CC1)NCc1nc2ccccc2c(=O)n1-c1ccccc1,0.41611171518492046,2.2149795270457204
1076,COc1ccc(C2=NN(Cc3ccc(CN4CCC(=O)CC4)cc3)C(=O)[C@@H]3CC=CC[C@H]23)cc1OC,0.547756084223619,3.4152976337496987
1078,CCOC(=O)CC(=O)OCC1Oc2ccc([C@H]3Oc4cc(O)cc(O)c4C(=O)[C@@H]3O)cc2OC1c1ccc(O)c(OC)c1,0.21975782687145518,4.219525397544714
1079,CCCN(c1ccncc1)n1cc(CC)c2ccccc21,0.6948395389764187,2.5786158776831165
1080,Cc1cccc(/N=N/c2c(S(=O)(=O)O)cc3cc(NC(=O)Nc4ccc5c(O)c(/N=N/c6ccc7cc(S(=O)(=O)O)ccc7c6)c(S(=O)(=O)O)cc5c4)ccc3c2O)c1,0.05282215813126968,3.6645858825473647
1082,Cc1ccc(OC(CCN2CCc3ccccc3C2)c2ccccc2)cc1,0.5722284781224004,2.4365734558343046
1083,CC(=O)NC[C@@H](NS(=O)(=O)c1ccccc1)C(=O)O,0.6556171944073231,2.3216343673850517
1084,COc1cccc(OCCO[N+](=O)[O-])c1C(=O)O[C@@H](CNC(C)(C)C)COc1nsnc1N1CCOCC1.O=C(O)/C=C\C(=O)O,0.07570387922681028,3.833470891834814
1085,CC(C)(C)Sc1c(CC(C)(C)C(=O)O)n(Cc2ccc(-c3cnccn3)cc2)c2ccc(OCc3ccccn3)cc12,0.16959558145591008,2.947122450975179
1086,COc1cc(N)c(Cl)cc1C(=O)NC1CCNCC1,0.7333468242344579,2.222069262827855
1087,CCCCN(C)CC1C[C@@]1(C(=O)OCC)c1ccccc1.Cl,0.6830772487044716,3.214896632952443
1088,Cn1c(-c2cccc(-c3ccccc3)c2)nnc1C1(c2ccc(Cl)cc2)CCC1,0.4043906860513226,2.309583053389357
1090,O=C(Nc1nccs1)c1cc(-c2cccnc2)nc2ccc(Br)cc12,0.5275900302287754,2.221727737757254
1091,Cc1ccccc1OCCCN1CCN(CC(c2ccc(F)cc2)N2CCN(C(C)C)CC2)CC1.Cl,0.4235947291140844,2.867369682645103
1092,CN1CCN(Cc2cn3c(-c4ccncc4)c(-c4ccc(F)cc4)nc3s2)CC1,0.5122195952086854,2.5915722518379667
1093,CC1(C)CCC[C@]2(C)[C@@H](/C=C/c3ccoc3)C(C=O)=C(O)C(=O)[C@@H]12,0.8383728545467265,4.504135449325239
1100,COC(=O)N1CC[C@H](N(Cc2ccccc2C(F)(F)F)c2ccc(C#N)c(Cl)c2)C1,0.6691316716214265,3.0597546754833145
1101,CC[n+]1ccc2c(c1)[nH]c1ccc(Cl)cc12.[I-],0.47645876662989994,2.7980403952611788
1102,C[C@]1(C(=O)N2CCOCC2)CO[C@H](c2nc(-c3ccc(F)cc3)c(-c3ccnc(NCc4ccc(F)cc4)n3)[nH]2)OC1,0.33424624635618605,3.0470630128241307
1103,O=C(Cn1nc(C2CCC(F)(F)CC2)c2cnccc2c1=O)NC1Cc2ccccc2C1,0.6777455948916039,2.8848145852053015
1105,COc1ccc(C=C2SC(=N)N(c3ccc4c(c3)OCO4)C2=O)cc1OC,0.8130464342287802,2.4077813064933675
1109,Cc1ccc2c(=O)cc(-c3ccc(OCCOCCOCCOCCOCCOc4ccc(-c5cc(=O)c6ccc(C)cc6o5)cc4)cc3)oc2c1,0.0790863309138191,2.845407657018212
1110,CC(C)(C)OC(=O)N[C@H]1CCCC[C@@H]1NC(=O)[C@H](Cc1ccccc1)CC(O)C[C@@H](Cc1ccccc1)C(=O)N[C@H]1CCCC[C@@H]1NC(=O)OC(C)(C)C,0.14325152926261583,4.3234701753604
1111,CCCCNCc1cc(OC)c(O)c(OC)c1.Cl,0.7515132069938497,1.9956029259919141
1112,Cl.[O-][n+]1onc2cc(/C=C/c3ccccc3)ccc21,0.5330110305824669,2.6723591999347747
1113,CC(C)[C@H](NS(=O)(=O)c1ccc2c(c1)oc1cc(N)ccc12)C(=O)O,0.5995337038309789,2.73684027994668
1114,CC(=N)Nc1ccc(F)cc1.Cl,0.5160170137402119,2.2724145142614365
1115,COc1cccc(-c2cc(C3CC4CCC3N4)cnc2F)c1.Cl,0.8636493535109624,4.2638501373238
1116,CC(C)(C)OC(=O)N[C@@H](Cc1c[nH]c2ccccc12)C(=O)Oc1c(-c2ccc(O)c(O)c2)oc2cc(O)cc(O)c2c1=O,0.11852720386725185,3.392485899435143
1117,COc1ccc2c(c1)c1c(n2C(=O)c2ccccc2)CCN(CCCOc2cc(F)cc(C3(OC)CCOCC3)c2)C1.Cl,0.20561693051709798,3.0537305416348035
1118,C[C@H]1CC2C3Cc4ccc(O)c5c4C2(CCN3CC2CCC2)C(O5)C1=O.Cl,0.8409773038202527,5.378031578285034
1121,O=C(CC(S)C(F)(F)F)NC(Cc1ccc(O)cc1)C(=O)O,0.5959145283615493,3.225923343827775
1122,COc1cc2c3cc1Oc1c(OC)c(OC)cc4c1[C@@H](Cc1ccc(OC(=O)Cc5cc(F)c(F)cc5F)c(c1)Oc1ccc(cc1)C[C@@H]3N(C)CC2)N(C)CC4,0.09558094802268599,6.080031691405825
1123,CC(=O)c1cc2ccccc2s1,0.6100370568851382,1.881254231091095
1125,Br.O=C(CC1NCCCC1O)Cn1cnc2cc(Br)c(Cl)cc2c1=O,0.6810285354891514,3.644714376195722
1128,CC[C@H](C)[C@@H](C(=O)N(C)CC(=O)N(C)[C@@H](CC(C)C)C(=O)N[C@@H](CCSC)C(=O)N(C)[C@H](C(=O)N(C)CC(N)=O)C(C)C)N(C)C(C)=O,0.18844760866699908,4.678410237770585
1129,OCCO[P+]1(OCCO)n2c3ccc2/C(c2ccccc2)=C2/C=CC(=N2)/C(c2ccccc2)=c2/cc/c(n21)=C(\c1ccccc1)C1=NC(=C3c2ccccc2)C=C1,0.14287675659754917,5.576623559375474
1130,CC1(C)CC2(CN(Cc3ccc(NS(C)(=O)=O)cc3)C(=O)O2)c2ccccc2O1,0.8250140374807912,3.63053773002661
1131,Cc1cccc(COc2cc(NC(=O)Cc3ccncc3)ccc2N(C)S(C)(=O)=O)c1,0.5799174727158002,2.2665376558570376
1132,CC(C)C[C@@H](C=O)NC(=O)[C@H](CCC(N)=O)NC(=O)[C@H](CCCCN)NC(=O)[C@H](CO)NC(=O)[C@H](CO)NC(=O)OCc1ccccc1,0.04437797172957093,4.091200739467733
1134,Cc1ccc(-c2cnc3occ(-c4ccc([S+](C)[O-])cc4)c3c2)o1,0.5037538822220793,3.6141733331033574
1135,N#Cc1cc(-c2cnc3nc(N4CCC(N5CCCCC5)CC4)sc3c2)ccc1F,0.6066326842659647,2.6770049767941373
1136,CCCC(NC(=O)[C@@H]1C2CCCC2CN1C(=O)[C@@H](NC(=O)[C@@H](NC(=O)CCCCc1nnn[nH]1)C(C)C)C(C)C)C(=O)C(=O)N[C@@H](C)c1ccncc1,0.10422142149864234,4.7685431601447545
1137,COc1cc([C@@H]2c3cc4c(cc3[C@@H](CC(=O)NCCN3CCCCC3)C3COC(=O)[C@@H]32)OCO4)cc(OC)c1O.Cl,0.4465075935441806,4.103988898699663
1138,Cl.N=C(N)Nc1ccc(C(=O)Nc2ccccc2)cc1,0.5172312850265464,1.7573032079788504
1140,CCOC(=O)c1cc2cc(Nc3ncnc4cc(OC)c(OCCCN5CCN(c6ccccc6)CC5)cc34)ccc2s1,0.13791906153159245,2.6665969849475886
1143,O=C1NC(NCc2ccco2)=N/C1=C\c1c[nH]c2ncccc12,0.6426418207799127,2.989376424557543
1144,COCC(C)(CS(=O)(=O)O)N(Cl)Cl,0.5809891564987791,4.022438974774339
1146,CCCCCCOc1ccc(C(=O)CCNc2cccc(Cl)c2)cc1,0.39561818182615566,1.8733858515612578
1147,OC[C@H]1O[C@@H](c2ccc(Cl)c(Cc3nnc(-c4ccoc4)s3)c2)[C@H](O)[C@@H](O)[C@@H]1O,0.4719885147342653,4.033456146255051
1148,O=C(Nc1ccc(OC(F)(F)F)cc1)N1CCCCC1,0.9029904834389152,1.8252410701167108
1149,CC[C@H](C)[C@H](NC(=O)[C@H](CS)NC(=O)CNS(=O)(=O)c1cccc2c(N(C)C)cccc12)C(=O)N[C@H](C(=O)N[C@@H](CC(C)C)C(=O)O)[C@@H](C)CC,0.09917158349097098,4.300910985147205
1150,CC[C@H](C)[C@H](NC(=O)[C@@H](NC(=O)[C@H](CS)NC(=O)CNS(=O)(=O)c1cccc2c(N(C)C)cccc12)[C@@H](C)O)C(=O)N[C@@H](CC(C)C)C(=O)O,0.09384862195416499,4.280363449876365
1151,CC(C)C[C@H](NC(=O)[C@@H](NC(=O)[C@H](CCCCN)NC(=O)[C@H](CS)NC(=O)CNS(=O)(=O)c1cccc2c(N(C)C)cccc12)C(C)C)C(=O)O,0.0665941205714703,4.078059906384345
1152,CC[C@H](C)[C@H](NC(=O)[C@@H]1CCCN1C(=O)[C@H](CS)NC(=O)CNS(=O)(=O)c1cccc2c(N(C)C)cccc12)C(=O)N[C@@H](CC(C)C)C(=O)O,0.13138721613432972,4.184389992554778
1153,CC(C)C[C@H](NC(=O)CNC(=O)CNC(=O)[C@H](CS)NC(=O)CNS(=O)(=O)c1cccc2c(N(C)C)cccc12)C(=O)O,0.11773920051001138,3.502152447147531
1154,COc1c(C)c(OC)c(OC)c2c1C[C@H]1CN(C(=O)OC(C)C)C[C@@H](C#N)N1[C@H]2COC(=O)c1cccc2ccccc12,0.3507310698848003,4.128656533379711
1156,Br.CCN(CC)CCn1c(=N)n(CCOc2ccc(Cl)cc2Cl)c2ccccc21,0.43606027039542583,2.4909933830596866
1157,O=C(Cn1cccc(NC(=O)c2ccccc2)c1=O)NCCO,0.7091377239358766,1.9453419031513484
1158,CC(C)n1ncc2c(=O)[nH]c([C@@H]3CN(Cc4ccccc4)C[C@H]3C)nc21,0.7847202109276475,3.313510686227268
1159,CCOC(=O)/C=C/C(=O)N(CC(N)=O)NC(=O)[C@H](C)NC(=O)[C@@H](C)NC(=O)N1CCN(C(=O)OCc2ccccc2)CC1,0.13875197711276566,3.5828178654813865
1160,COc1ccccc1NC1=NC(N)=NC(C)(C)N1,0.7308094415579546,2.852040041376531
1161,CC(NC(=O)C(C)(C)C)C(=O)NCc1ccccc1,0.8697584566235769,2.198821697701794
1162,N#CC1=C(N)N2C(=O)CSC2=C(C#N)C1c1ccccc1Cl,0.854073267631982,3.2947136916622313
1163,NCCS(=O)(=O)N1CCc2c([nH]c3ccc(Cl)cc23)C1c1cccc(O)c1,0.6209693785420403,3.092411016563049
1164,CCCCCc1c[n+](CCCCCCCCCCCC[n+]2ccc(C(CCCC)CCCC)c(CCCCC)c2)ccc1C(CCCC)CCCC.[Cl-].[Cl-],0.048647670778091116,3.492477248980431
1165,COc1ccc(-c2ccc(Cn3cc(C(=O)O)c(=O)c4cccc(F)c43)cc2)cn1,0.5446081201668721,2.2898244399780108
1166,CC1(C)CC(NC(=S)Nc2ccc(C#N)cc2)c2cc(Cl)ccc2O1,0.7423611229420708,2.8680674939091872
1168,Cc1c(O)c(CC[C@H](C)C(=O)O)c(O)c2c1COC2=O,0.7254802510859061,3.2643779374283586
1169,CCc1c(C)sc(NC(=S)NCc2ccccn2)c1C(=O)OC,0.6379114967770888,2.351306840281527
1170,O=C(COc1ccc(F)c(F)c1)N[C@H]1CC[C@@H](Nc2ccn(-c3ccc(C(F)(F)F)cc3)c2)CC1,0.41591918505489683,2.60153224460751
1171,CCCCCCCCCCCCCCC[C@@H](O)[C@H](CCO)NC(C)=O,0.3109843253487022,3.0023452811730973
1172,CC(C)CCN(CCc1cccc(O)c1)CCc1cccc(O)c1,0.7241441618042799,2.187897509872373
1173,CC(=O)C1=CCCN(C)C1,0.5361834637119444,2.8343103923165387
1174,N=C(N)c1ccc(CNC(=O)CCN2C(=O)[C@@H](NC(=O)CCC(=O)O)CSc3ccccc32)cc1.O=C(O)C(F)(F)F,0.17175496500647983,3.2568552957646038
1175,Cc1cc(C=C2C(=O)NC(=S)NC2=O)c(C)n1-c1cc(C(=O)O)cc(C(=O)O)c1,0.33770102596506957,2.6826069333555456
1179,CC1=NN(CCOc2ccc3c(c2)Nc2ccccc2O3)C(=O)C1,0.7977035552923357,2.6451670897043034
1181,COc1ccc(F)cc1S(=O)(=O)Nc1cnc2ccccc2c1,0.7965875095289949,1.9425556309619996
1182,N=C(N)c1ccc(CNC(=O)[C@@H]2CCCN2C(=O)NCc2ccccc2)cc1,0.4546261528021061,2.4632235001974063
1183,CC(C)(C)c1ccc(NC(=O)c2cccc(CN3CCCN(CC4CCCCC4)CC3)c2)cc1,0.5463273728594953,2.1537523640085734
1184,Cc1cccc(C)c1-c1cccc(OCCN(C)C)n1,0.8332193235488138,2.13438859758924
1187,COc1ccc(C(=O)C(COC(=O)c2ccc(O)cc2)Oc2c(OC)cc(/C=C/COC(=O)c3ccc(O)cc3)cc2OC)c(OC)c1O,0.1109541386157791,3.5096876202912464
1188,CCCCCOC(=O)N1CCN(C(=O)[C@H](CCC(=O)O)NC(=O)c2cc(N3CCC(C(=O)NC)CC3)cc(-c3ccccc3)n2)CC1,0.27673201872880165,3.2583541099698365
1190,COc1cc(-c2nc3ccc(Br)cn3c2NC2CCCC2)ccc1O,0.6563450093013742,2.41896277463818
1191,CCCCCC[C@H](C)OC(=O)CC(=O)CBr,0.283556061207337,2.9653091491299453
1192,COC(=O)c1c(C(=O)OC)c2cc(C)ccn2c1C(=O)c1ccc2c(c1)CCCC2,0.4856901559660794,2.5555679887821476
1193,CN1CCN(Cn2nc(-c3ccncc3)n(N)c2=S)CC1,0.653655120212526,2.713811312739862
1194,COc1ccc2c(c1)OCCC/C=C\CC[C@@H](C)CN(C[C@@H](O)[C@H](Cc1ccccc1)NC(=O)O[C@H]1CO[C@H]3OCC[C@H]31)S2(=O)=O,0.3988657508902204,5.04470384785037
1195,COC(=O)CCCNC[C@@H](C)[C@H]1CC[C@H]2[C@@H]3CC=C4C[C@@H](OC(=O)c5cccnc5)CC[C@]4(C)[C@H]3CC[C@]12C,0.22464508241952846,4.409403487619896
1196,O=C(Cn1c2ccccc2c2nc3ccccc3nc21)N1N=C(c2cc3ccccc3o2)CC1c1ccccc1[N+](=O)[O-],0.1675145969280293,3.2941385174054076
1198,ClCCN(CCCl)CCCCOc1cccc(Nc2c3ccccc3nc3c(OCCN(CCCl)CCCl)cccc23)c1,0.058318362742702995,3.003706760771763
1200,COc1ccccc1N1CCN(CCC(=O)NCc2nc3ccccc3c(=O)n2-c2ccccc2)CC1,0.40279011826990846,2.2468982266709787
1202,Clc1ccc2c(N/N=C/c3ccccc3Br)ccnc2c1,0.5211769625628946,2.183657744013505
1203,O=C1N[C@@H](COC(=O)c2cccc3cnccc23)CN(Cc2ccc(Br)cc2)c2cn(CCc3ccccc3)nc21,0.2365601306342922,3.3321727195834736
1204,COc1ccccc1-c1cc(-c2ccc(Br)cc2)[nH]c(=N)c1C#N,0.7037458759162062,2.5203090483339103
1205,CC(Nc1nccc(-n2cnc3ccccc32)n1)C1CN(C(=O)Nc2cccc3ccccc23)CCN1Cc1ccccc1,0.23341197055609003,3.52689166052142
1206,Nc1ccc(Nc2ccccc2)cc1,0.7039159820290822,1.40355450689289
1207,CCC(C)(CC)C(=O)n1ncc2c3c(N)nc(N)nc3ccc21,0.7682823729334946,3.069950761984823
1211,O=C(Nc1cccc(OCCCN2CCOCC2)c1)Nc1cccc(C(F)(F)F)c1,0.6462458133457145,2.0897237644018762
1212,CCCN(CCC)[C@@H]1CCc2c(OC)cccc2[C@@H]1C.Cl,0.7574872479528822,3.2413046289913785
1214,O=C(N[C@@H](Cc1cnc[nH]1)C(=O)OC(c1ccccc1)(c1ccccc1)c1ccccc1)OCC1c2ccccc2-c2ccccc21,0.12320226208579782,3.2185241096785724
1215,CCCN1Sc2ccccc2[S+]1[O-],0.5573402178506243,4.262822238807603
1216,CC(C)(C)C(=O)Cn1c[n+](N)cn1,0.49630371405990337,3.4959116957101832
1217,CCCCNc1c(-c2ccc(SC(C)CC)cc2)nc2ccccn12,0.39152306004931675,2.8332293070960013
1219,COC(=O)C(O)C(CC(C)C)NC(=O)C(Cc1c[nH]cn1)NC(=O)C(CC(=O)N1CCOCC1)Cc1cccc2ccccc12,0.1980312045086917,4.087074903474047
1220,COc1ccc(-c2nnc(-c3ccc([125I])cc3)o2)cc1,0.6483694026208773,2.5200359545426316
1221,Cc1cccc(C)c1OCC(=O)N[C@@H](Cc1ccccc1)[C@H](OC(=O)CCC(=O)NCCN(C)C)C(=O)N1CSC(C)(C)[C@H]1C(=O)NC(C)(C)C.Cl,0.21769724330814313,4.17419324048075
1222,Cl.OCCN1CCN(CCCN2c3ccccc3Sc3cscc32)CC1,0.7811019349048882,2.721554412540584
1223,CC(C)=CC(=O)O[C@@H]1CC(C)(C)C[C@@H]2C3=CC[C@@H]4[C@@]5(C)CCC(=O)C(C)(C)[C@@H]5CC[C@@]4(C)[C@]3(C)CC[C@]21C(=O)O,0.21840470025281683,4.992303753320485
1224,O=C(Nc1ccc(F)c(C(F)(F)F)c1)c1ccccn1,0.857618874311254,1.9073225086781491
1225,COc1cc2c3cc1Oc1c(OC)c(OC)cc4c1[C@@H](Cc1ccc(OC(=O)c5cccc(CCl)c5)c(c1)Oc1ccc(cc1)C[C@@H]3N(C)CC2)N(C)CC4,0.09571479332173796,5.953958539796899
1227,CC[C@H](C)[C@H](NC(=O)c1ccc(-c2ccccc2)cc1)C(=O)N[C@@H](C(=O)N[C@@H](CCC(N)=O)C(=O)Nc1cccc(Br)n1)C(C)C,0.14950488418878344,3.686235918984587
1228,Clc1ccccc1CNc1noc(-c2sccc2Br)n1,0.7146744742192844,2.5726035937999256
1229,CNC[C@@H](O)[C@H](c1cccc(OC)c1)n1ccc2ccccc21,0.7357965904196968,3.009085286501757
1232,CC1(C)C=Cc2c(ccc3c2OC[C@H]2c4ccc(O)cc4O[C@@H]32)O1,0.7900344440174774,3.8069317988192495
1233,CC(C)C[C@H](NC(=O)[C@H](CC(N)=O)NC(=O)[C@H](CCC(N)=O)NC(=O)[C@H](CS)NC(=O)CNS(=O)(=O)c1cccc2c(N(C)C)cccc12)C(=O)O,0.06474247421214376,4.125140440877866
1235,COc1cc2c(Nc3ccc(-c4nc5ccc(Cl)cc5s4)cc3F)ncnc2cc1OCCCN1CCN(C)CC1,0.19529365854312686,2.692905469607876
1236,COc1cc2ncnc(Nc3ccc(-c4nc5ccccc5s4)c(OC)c3)c2cc1OCCCN1CCN(C)CC1,0.21312523356322846,2.6350269563564215
1237,CC(C)C[C@H](NC(=O)[C@H](CCCCN)NC(=O)[C@H](CCC(=O)O)NC(=O)[C@H](CS)NC(=O)CNS(=O)(=O)c1cccc2c(N(C)C)cccc12)C(=O)O,0.054021930109410365,4.143251204490945
1239,O=c1c(-c2cc(F)c(F)c(F)c2)coc2cc(O)ccc12,0.697345918066609,2.3332979970899945
1240,CCCCS(=O)(=O)N1[C@H]2CC[C@@H]1[C@H](C(=O)Nc1ccc(OC(C)C)cc1)CC2,0.7101021889757111,4.101718855758191
1242,COc1cccc2c1CCCC2CCCN1CCN(C(=O)C2CCCCC2)CC1,0.7008943728130707,2.7533759562414897
1244,CN(C)c1ccccc1C[S+]([O-])c1nccn1Cc1ccccn1,0.6475248268476512,3.5823673130364675
1245,COc1ccc([C@H](N[C@@H]2CC[C@@H](C(=O)N3CCC(C(=O)N4CCCC4)(c4ccccc4)CC3)C(C)(C)C2)C(F)(F)F)cc1,0.4079853873796357,3.911177016532923
1246,N#CC1(c2ccccc2)CCN(C[C@@H](O)COc2ccc(Cl)cc2)CC1,0.843019919753707,2.7115584065368665
1248,CC(C)=CCC/C(C)=C/CC/C(C)=C/CSc1ccc(N)cc1C(=O)O,0.27982490916774283,2.860045307448493
1249,Cl.N=C(Nc1ccccc1I)NC12CC3CC(CC(C3)C1)C2,0.36349355773279163,4.001320782545314
1252,CCC(=O)c1cc(C)ccc1Oc1ccnc2cc(OC)c(OC)cc12,0.588457970747568,2.155459204953649
1255,COc1cc(OC)cc(-c2cc3occ(C)c3c(=S)o2)c1,0.6533320331315307,2.7842579620227834
1256,CCCCCOC(=O)N1CCN(C(=O)[C@H](CCC(=O)OC(C)(C)C)NC(=O)c2cc(NC(=O)OCC)cc(-c3ccccc3)n2)CC1,0.1723778912890089,3.256720719976947
1257,N=C(N)c1cc2cc(-c3cccc(OCc4cccc(F)c4)c3)ccc2s1,0.3532607537085625,2.209020044678258
1258,CCN1/C(=C/C2=C(NC)/C(=C/c3sc4ccccc4[n+]3CC)C2=O)Sc2ccccc21,0.4358377280830588,3.256948820283471
1259,O=C(/C=C/c1ccc(O)c(O)c1)NCCCCCCCC[P+](c1ccccc1)(c1ccccc1)c1ccccc1,0.07181553389266268,2.781837328980396
1264,CS(=O)(=O)Nc1ccc2c(c1)S(=O)(=O)N=C(C1=C(O)[C@@H]3[C@H]4CC[C@H](C4)[C@@H]3N(Cc3cc(F)ccc3F)C1=O)N2,0.49437681834921227,5.001918596236306
1265,NC(Cc1ccccc1)C(=O)N1CCC(Nc2nsc3ccccc23)C1.O=C(O)C(F)(F)F,0.5158457339893998,3.2663905088223
1267,Cc1cc(O)cc(-c2ccc(-c3ccc(O)cc3)s2)c1,0.7083484109529826,2.131232394581721
1268,O=c1[nH]ccc2c([N+]3=NN(CCCl)CC3)cccc12,0.689889883007461,3.620327265202839
1269,CCCC(C)n1ccc2c3c(N)nc(N)nc3ccc21,0.7649358205108935,3.067203481695411
1270,CS(=O)(=O)O.FC(F)(F)COc1ccc2ccccc2c1CCNCCCCNCCc1c(OCC(F)(F)F)ccc2ccccc12,0.06955119439664925,2.9770853852958226
1271,CCN(C(=O)NCc1ccc(S(C)(=O)=O)cc1)C1CCN(CCC(c2ccc(F)cc2)C2CCN(Cc3ccc4ccccc4n3)CC2)CC1,0.17407404730802023,3.421014665507041
1273,CC(C)N(CCOc1ccccc1/N=C(/Nc1ccccc1)c1ccccc1)C(C)C.Cl,0.286937704199305,2.436730973165167
1274,C[C@]12CC[C@@H]3c4ccc(OC(=O)NCCC(=O)NC(P(=O)(O)O)P(=O)(O)O)cc4CC[C@H]3[C@@H]1CC[C@@H]2O,0.24216174127491155,4.295943611182884
1276,O=C(Nc1cccc(I)c1)Nc1cc(Cl)ccc1C(=O)O,0.6533818422200709,1.9090924267982157
1277,CC(C)OC(=O)CC1C(C(=O)OC(C)C)=C(N)Oc2ccc(-c3ccccc3)cc21,0.7161802133022181,2.9817541194128783
1278,Cl.Nc1nc(CCCNS(=O)(=O)c2cccc(C(=O)O)c2)c[nH]1,0.5436696812880056,2.697998830045794
1279,Cc1cn2cc(CNC(=O)[C@H](Cc3ccc(O)cc3)NC(=O)Nc3ccc(C(=O)OC4CCCCC4)s3)[n+](Cc3ccc4ccccc4c3)c2s1.[I-],0.0889002425070581,4.0356542133699325
1281,Cn1ccc2c3nc4cc(Br)ccc4c4c3c(c(=O)c-2c1)[N+](C)(C)CC4=O.[Cl-],0.22168424017529764,3.667917868549303
1282,CCN1C2CCC1CC(c1ccnc3c(-c4ccc(C#N)c(O)c4)c(-c4ccncc4)nn13)C2,0.48183373474372704,4.472828762835509
1283,O=C(Nc1cc(F)cc(F)c1)[C@H]1CCCC[C@H]1C(=O)O,0.8960251754064468,2.7540643858424385
1284,COc1cccc2c1CCCC2CCC(=O)N1CCN(C2CCCCC2)CC1,0.755541232255237,2.7859282516045347
1285,O=C(NC1CCCCC1)N(Cc1cccc(-c2ccc(CNCc3ccc4c(c3)OCO4)cc2)c1)C1CCN(Cc2ccccc2)CC1.O=C(O)C(F)(F)F,0.14102635191729324,2.9955491036276545
1286,CC(C)NCC(O)COc1ccc(Cc2ccc(OCC(O)CNC(C)C)cc2)cc1,0.3689678367094849,2.9707920191558816
1287,COc1ccc(/C=C/Cc2ccccc2OC(C)=O)cc1OC,0.599524484887121,2.0352865185359637
1288,O=C(NCc1ccccc1)[C@@H]1O[C@H]2CN(Cc3ccccc3)C(=O)[C@@H]1O2,0.884568787496669,3.9195031175943793
1289,Cc1cc(NC(=O)C(C)(C(F)(F)F)C(F)(F)F)cc(S(=O)(=O)N2CCOCC2)c1C,0.6965379785461646,2.7765225534482507
1293,CO[C@H]1O[C@H](CCS(=O)(=O)O)[C@@H](O)[C@H](O)[C@@H]1O,0.42048041563581406,3.867829851602524
1295,COc1ccc(-n2nc3c(NC(=O)c4ccncc4)nc4ccccc4n3c2=O)cc1,0.48681989229080475,2.3987483189870122
1296,COc1ccc(N(C)c2nc(C)nc3scc(C)c23)cc1,0.7300194225623671,2.4203599176942294
1297,Cc1cc2c(Cc3ccccc3)c(O)c(O)cc2c(O)c1-c1c(C)cc2c(Cc3ccccc3)c(O)c(O)cc2c1O,0.12067772567138814,2.8082065787215846
1298,COCC1[C@@H]2CC[C@H]1CN(CCN1CCN(c3cccc(Cl)c3)C1=O)C2,0.7634371961900241,4.227729676298834
1299,Cl.O=c1n(CCCN2CCN(c3cc(-c4ccccc4)c4ccccc4n3)CC2)nc2ccccn12,0.3468307608745012,2.508517988584181
1300,Nc1c(S(=O)(=O)O)cc(Nc2ccc(F)cc2)c2c1C(=O)c1ccccc1C2=O,0.34837513613601095,2.344822998444302
1301,Cc1ccc2cccc(OCc3c(Cl)ccc(N(C)C(=O)CNC(=O)/C=C/c4ccc(C(=O)N(C)C)cc4)c3Cl)c2n1.Cl,0.21535930725444416,2.861820378503186
1305,O=C1CSC([C@H](O)[C@H](O)[C@@H](O)[C@@H](O)CO)N1c1ccc(S(=O)(=O)Nc2ccccn2)cc1,0.25043907608806754,4.059054033136926
1306,Clc1cccc(Nc2nc(-c3ccncc3)cs2)c1,0.7647063771615454,1.9510412512168251
1307,CCc1ccccc1NCCN1CCCCCC1,0.854645097009502,1.7693225377480832
1308,Cc1ccc(C(C)C)cc1CON1C(=N)N=C(N)NC1(C)C.Cl,0.7868083152634995,3.470027465281526
1309,O=C(O)C(F)(F)F.Oc1ccc(CCNc2nc(NCCCOc3ccccc3-c3ccncc3)nc(N3CCNCC3)n2)cc1,0.1407610866366968,2.92248991578278
1311,COc1cc(C2=CC(=O)N3C[C@H](O[C@H](C)c4cc(C(F)(F)F)cc(C(F)(F)F)c4)[C@@H](c4ccc(F)cc4)C3C2)ccn1,0.2836387998596064,4.248132688349962
1312,COc1ccccc1Cc1cc(-c2ccc(Cl)cc2)n[nH]/c1=N\N=C\c1ccc(OCCOc2ccc(/C=N\N=c3\[nH]nc(-c4ccccc4OC)cc3Cc3ccc(Cl)cc3)cc2OC)c(OC)c1,0.045971907053234895,3.932757060697229
1313,COc1ccc2sc3c(c2c1)NC[C@@H](CN1CCOCC1)NC3=O,0.8859773056269897,3.2835716990852024
1314,CCOCCN1CCc2c(C)c(NS(C)(=O)=O)c(C)c(NC(=O)C(C)(C)C)c21,0.6734947473518431,2.9315229292780476
1315,CCCC(NC(=O)[C@@H]1C2CCCC2CN1C(=O)[C@@H](NC(=O)[C@@H](NC(=O)CCCCc1nnn[nH]1)C(C)C)C(C)C)C(=O)C(=O)N[C@@H](C)c1ccccc1,0.10598465262957903,4.667452108339418
1320,COc1ccc(Nc2nc(N)c(C(=O)c3ccc(Br)cc3)s2)cc1,0.6139089771823194,2.0759757904153577
1321,COc1ccc(/C=C\c2cc(OC)c(OC)c(OC)c2)cc1OCCn1cccc1.Cl,0.40162384840918736,2.4191747911355534
1322,COc1ccc(-c2ccc(NC(=O)c3ccc(C#N)cc3)cc2)cc1CN1CCCC1,0.6141447917161508,1.983229857448551
1323,C[C@@H]1C/C=C/CC/C=C/[C@H](O)Cc2cc(O)cc(O)c2C(=O)O1,0.5056248519657233,4.1883383792742634
1324,Cn1cc(NC(=O)c2cc(NC(=O)OC(C)(C)C)cn2C)cc1C(=O)NCCn1nc2c3c(cccc31)C(=O)c1c(Cl)cccc1-2,0.20700868343419143,3.147256451858822
1328,Cc1c(C2=NC(=O)C(C)(C)N2Cc2ccccc2)nn(-c2ccc(Cl)cc2Cl)c1-c1ccc(Cl)cc1,0.26688177255769535,2.78943951616551
1332,O=C(c1ccc2ccccc2c1)N(C1CCC1)C1CCNCC1,0.939622793818016,2.187907855637439
1333,O=C1NC(=O)/C(=C\c2ccc(Cl)c(Cl)c2)S1,0.7989127519803026,2.242596377446235
1334,Cc1c(CC(=O)N2CCc3cccc4c3C2CNC4=O)sc2ccccc12,0.7426116923810151,3.117923115597616
1335,N=C(N)NCCC[C@H](NC(=O)CN(c1ncnc2c1ncn2C1CCCCO1)C1CC1)C(=O)OCc1ccccc1,0.10420382940069958,3.755644078275954
1336,Cl.Fc1ccc(Sc2ccc3nnc(-c4ccc(F)cc4F)n3c2)c(F)c1,0.41538165865118754,2.5856779618380212
1337,CC(=O)NC(C(=O)NCc1ccccc1)C(C)C,0.828573925379714,2.0547816052315255
1338,CC[C@H](N)C(=O)N[C@@H]1C(=O)N2[C@@H](CC[C@@H]1CCN)CC[C@H]2C(=O)NC(c1ccccc1)c1ccccc1,0.41519562722605324,3.8768841704256216
1339,O=C1Nc2ccc(N3CCCC3=O)cc2C(CNC(=O)c2ccc(F)cc2)(C(F)(F)F)O1,0.6944017169517246,3.189175098535694
1340,COCOc1ccc(C(OC[C@H](O)CNCCNC[C@@H](O)COC(c2ccc(OCOC)cc2)c2ccc(OCOC)cc2)c2ccc(OCOC)cc2)cc1,0.04535311353536909,3.767489928184813
1341,Cc1cccc(Nc2nc(-c3ccncc3)c(C(N)=O)s2)c1,0.7740063421718949,2.2114903901537897
1342,CC(C)C[C@@H]1OC(=O)CCNC(=O)[C@@H](Cc2ccc(Cl)c(Cl)c2)NC(=O)/C=C/C[C@@H]([C@H](C)[C@H]2O[C@@H]2c2ccccc2)OC1=O,0.3162122755482493,5.08027744440316
1343,O=c1cc(-c2ccc(OCCOCCOCCOCCOCCOc3ccc(-c4cc(=O)c5ccc(F)cc5o4)cc3)cc2)oc2cc(F)ccc12,0.08099793224988694,2.8756979404190215
1344,CCOC(=O)c1onc(-c2cn(-c3ccccc3)nc2-c2ccc(Cl)cc2)c1C(=O)OCC,0.3458133509404563,2.4763158408154684
1345,Cc1cc2c(C(=O)NCCc3ccc(Cl)cc3)c(O)c(O)cc2c(O)c1-c1c(C)cc2c(C(=O)NCCc3ccc(Cl)cc3)c(O)c(O)cc2c1O,0.06928912766972287,3.1339932808936837
1346,O=C(Nc1cccc(Br)c1)c1ccc(N2C(=O)[C@@H]3[C@H](C2=O)[C@@H]2C=C[C@H]3C2)cc1,0.5830984486263814,3.9167460187397607
1347,C[C@H]1[C@@H](OCCOc2ccc(C(=O)/C=C/c3ccccc3)cc2)O[C@@H]2O[C@]3(C)CC[C@H]4[C@H](C)CC[C@@H]1[C@@]24OO3,0.17315609894588768,5.526533018673789
1348,COc1ccc(N2CCN(CCC(=O)NCc3nc4ccccc4c(=O)n3-c3ccccc3)CC2)cc1,0.40279011826990846,2.225568739491491
1350,O=C(Nc1ccc(-c2nc3ccccc3[nH]2)cc1)c1ccc([N+](=O)[O-])s1,0.41242526957287806,2.1767636433098154
1351,Cc1cccc2nc(-c3ccc(-c4ccc(CN5CCC(N)C5)cc4)s3)[nH]c12,0.5278978887217511,2.9203169945688874
1352,CCC(CC)(c1ccccc1)c1ccc(/C=C/[C@@H](O)C[C@@H](O)CC(=O)O)c(C(C)C)c1,0.4440217741844241,3.4876182010875416
1354,C/C=C1\[C@H]2C=C(C)C[C@]1(/N=C/c1ccc(OC)cc1OC)c1ccc(=O)[nH]c1C2,0.6293290766295841,4.699796951476613
1355,CCNCc1cc(Nc2cc(-c3ccccc3)nc(/N=C(\N)Nc3ccc(Cl)c(Cl)c3)n2)ccc1OC,0.14538543196631937,2.6300403408461115
1358,CN(C)CCCn1c(=O)c2ccc(NCCCN(C)CCCN3C(=O)c4cccc5cc([N+](=O)[O-])cc(c45)C3=O)c3c(=O)c4ccccc4n(c1=O)c23.Cl,0.04215330930184501,3.4009483805047083
1359,CCCN(CCC)[C@@H]1CCc2c(OC)cccc2[C@H]1C,0.7698563618339553,3.139700719508774
1360,Cc1cc(N2CCCC2)nc(Nc2ccc(NC(=O)CC(C)C)cc2)n1,0.8175775769687174,2.113053397987569
1361,O=C(N[C@H]1CCN(Cc2ccc(OC3CCN(Cc4ccccc4)CC3)c(Br)c2)C1)c1ccc(Cl)c(Cl)c1.O=C(O)C(F)(F)F,0.2510164298846802,3.093657878747046
1362,O=C(Nc1cccc(-c2nc3ccccc3[nH]2)c1)c1ccc(-c2cccc([N+](=O)[O-])c2)o1,0.2794466043605023,2.246871916093207
1363,CC1=CCC[C@H]2[C@](C)(Cc3cc(O)cc(Sc4cccc(C(=O)O)c4)c3O)[C@@H](C)CC[C@]12C,0.31850447171362123,4.192001879804205
1365,CN(C)CCN(C)C(=O)c1ccc2c(c1)/C(=C1/Nc3ccccc3/C1=N\OCCO[C@@H]1O[C@H](CO)[C@@H](O)[C@H](O)[C@H]1O)C(=O)N2,0.11717526137687109,4.472780882400514
1366,O=C(NCCCC[C@H](NC(=O)c1ccc(Br)cc1)C(=O)NO)OCc1ccccc1,0.23792947503174752,2.5326232575037047
1368,Cl.O=[N+]([O-])c1ccc(Oc2ccc3c(c2)[C@@]24CCCC[C@@]2(O)[C@@H](C3)N(CC2CCC2)CC4)cc1,0.4295485171444552,4.413252721565881
1370,CN1CCN2CC(c3ccc(O)cc3)c3ccccc3C2C1,0.875917921936811,2.9755119214139825
1371,CCCC[P+](CCCC)(CCCC)Cc1ccc(NC(=O)[C@H](Cc2ccc3ccccc3c2)N(C)/C(=N/C2CCCCC2)NC2CCCCC2)cc1.[Cl-],0.07745721385885047,3.980162416967527
1372,Cl.[O-][n+]1nc(CCCO)[n+]([O-])c2ccccc21,0.6118444131920965,3.5967475182954063
1374,COc1nc(NC(=O)c2ccccn2)ccc1Cl,0.9234787601367955,2.080360222372006
1376,CCc1c(-c2nnc(C(C)(C)C)s2)nc(-c2ccc(Cl)cc2Cl)n1-c1ccc(Br)cc1,0.2657003264106885,2.7745503941211815
1378,Cc1ccc(C2CCNCC2)c(Oc2ccc(F)cc2)c1,0.9025267545479891,2.0280905308987514
1379,CNC(=O)[C@@H](NC(=O)[C@@](O)(CCN(Cc1ccc(Br)cc1)NC(=O)[C@@H](NC(=O)OC)C(C)(C)C)Cc1ccccc1)C(C)(C)C,0.20150452440819622,4.101499477320568
1380,CC1(C)OC(=O)C2(C(=O)O1)[C@@H](c1ccc(-c3ccc(-c4ccc(O)cc4)cc3)cc1)CC(=O)C[C@H]2c1ccccc1,0.2242232569848712,3.908523861188961
1381,CC[C@H](N)C(=O)N[C@@H]1C(=O)N2[C@@H](CC[C@@H]1CCNCc1ccccc1)CC[C@H]2C(=O)NC(c1ccccc1)c1ccccc1,0.23580508181644666,3.9231845874720896
1382,CC(C)C[C@@H]1NC(=O)[C@@H](CC(C)C)N(C)C(=O)[C@H](Cc2ccccc2)NC(=O)[C@H](CC(C)C)NC(=O)[C@@H](C(C)C)NC1=O,0.3461473849785829,4.638970511486535
1383,CC(C)[C@@H]1NC(=O)[C@H](CC2CCCCC2)NC(=O)[C@H](COCc2ccccc2)NC(=O)[C@H](Cc2ccccc2)NC(=O)[C@@H](Cc2ccccc2)N(C)C1=O,0.2334426391348638,4.767533014892327
1384,Cc1ccc(S(=O)(=O)N(C)c2ccccc2N(C)S(=O)(=O)c2ccc(C)cc2)cc1,0.576898754632433,2.0972285271904063
1386,CCC(=O)Nc1ccc(NC(=O)CN2CCN(C)CC2)c(C(=O)c2ccccc2)c1,0.6880744972880349,1.9992995531001831
1387,O=C(NCCC/N=C/c1cc(Cl)cc(Cl)c1O)c1ccccc1O,0.5385674935173036,2.40582752270414
1388,C=C(F)C(=O)Nc1cc(C(=O)Nc2cc(C(=O)Nc3cc(C(=O)NCCC(=N)N)n(C)c3)n(C)c2)n(C)c1.Cl,0.12565142410492774,3.2829657582538845
1393,CCCCCCCCCCCCCCCCCOS(=O)(=O)O,0.2741267907770282,2.031831336437042
1394,CCN1CCC[C@H]1C(=O)NCc1ccc(C(=N)N)cc1,0.5546659585272268,2.4831776575195885
1395,CCCCCCCCOC(=O)C[N+](C)(C)CCC[N+](C)(CCC[N+](C)(C)CC(=O)OCCCCCCCC)CC(=O)OCCCCCCCC,0.02861006208897829,3.270067701179739
1396,CCCCCCCOC(=O)C[N+](C)(C)CCCN(CCC[N+](C)(C)CC(=O)OCCCCCCC)CCC[N+](C)(C)CC(=O)OCCCCCCC,0.029013977966604668,3.333424484375641
1397,O=c1cc(-c2nn[nH]n2)nc2oc3ccccc3n12,0.5338796841781869,2.901275591876166
1398,O=C(Nc1cccn(CC(=O)N2CCCC2)c1=O)c1ccccc1,0.9302845276198048,1.9146328039900187
1400,CN(Cc1ccccc1F)Cn1nc(-c2ccncc2)oc1=O,0.7216521462836443,2.3732341785682394
1401,CCC[C@@H](C)[C@H](OC(=O)/C=C/c1ccccc1)[C@H](C)[C@H](O)C/C=C/C=C\C(N)=O,0.31537300309343685,3.9905162736787902
1405,COC(=O)[C@@H]1CC(=O)CN1S(=O)(=O)c1ccccc1,0.7397952215110174,2.616571541071096
1407,CCCCS(=O)(=O)N1C[C@H]2CC[C@H]1[C@H](C(=O)Nc1ccc(OCc3ccccc3)cc1)C2,0.6054963425249468,3.9476314275588678
1408,COC(=O)C1=C(C)N(c2ccccc2)C=CC1c1ccccc1,0.7939241469943338,2.852268718019065
1409,O=C1CCCN1CCCNCc1ccc(-c2cccc(-c3nc4ccccc4[nH]3)c2)cc1,0.391463242961443,2.2532616614242773
1410,COc1ccc2ccc(OC)c(CNCCCCCCNCc3c(OC)ccc4ccc(OC)cc34)c2c1.CS(=O)(=O)O,0.11030345418342337,2.6533658164108616
1411,Br.CC1(C)NC(N)=NC(=N)N1OCCSc1ccccc1,0.5433393851601142,3.4969917985698213
1412,Nc1c2c(nc3ccc(C(=O)Nc4cc(I)c(O)c(I)c4)cc13)CCCC2,0.2964041697066066,2.6169800104210186
1414,Cc1cc2c(s1)[C@@]13C[C@@H]1CN(C(=O)OC(C)(C)C)C3=CC2=O,0.7336321315474149,4.395094319256417
1415,Nc1ncnc2c1ncn2CCCCOP(=O)(O)OP(=O)(O)OP(=O)(O)O,0.24711652666660136,3.7396919562549193
1416,C[C@@]1(C(=O)N2CCC[C@H]2C(=O)NC[C@H]2O[C@@H](n3ccc(=O)[nH]c3=O)[C@H](O)[C@@H]2O)N[C@H](C(O)CO)[C@@H]2C(=O)NC(=O)[C@@H]21,0.14047224544649758,5.12726633360847
1417,O=C(O)c1cc2ccn(Cc3cccc(Cl)c3F)c2cn1,0.804458297972535,2.3744000741479443
1420,CC(C)OC(=O)c1ccc(NC(=O)N[C@@H](Cc2ccc(O)cc2)C(=O)N[C@H]2CCC[N+](C)(Cc3ccc(O)cc3)C2)s1.[I-],0.12205573508034089,4.072596985868401
1421,Nc1ccccc1C(=O)NCC(=O)NC1CCCCC1,0.7270661567025413,1.8335425160392091
1422,Cl.O=C1CN2Cc3c(sc4c3CCCC4)N=C2N1,0.791267932640253,3.218025380743046
1423,CC/N=C(/Cc1cccc(C)c1)NCC.Cl,0.6352037150105533,2.593772088944039
1424,COC(=O)[C@H](C)NC(=O)[C@]12CCC(C)(C)C[C@H]1C1=CC[C@@H]3[C@@]4(C)Cc5c([nH]c6ccccc56)C(C)(C)[C@@H]4CC[C@@]3(C)[C@]1(C)CC2,0.2691815979298164,4.894145662088588
1428,C=C1CC[C@]2(C)[C@@H](C)CCC[C@]2(C)[C@H]1CC/C(C)=C/Cn1c[n+](C)c2ncnc(N)c21.[Cl-],0.553476647269001,4.879555223200716
1429,COCCNCc1cccc(-c2cccc(CN(C(=O)Nc3ccccc3)C3CCN(Cc4ccccc4)CC3)c2)c1.O=C(O)C(F)(F)F,0.13535161376730803,2.694386214429512
1430,O=S(=O)(NCCC1CCC(c2ccc(Cl)cc2Cl)N(c2ccc(Cl)cc2)C1)C1CC1,0.5149602947619099,3.2586490667456367
1431,CC(C)[C@@]12C=C3CC[C@H]4[C@](C)(C(=O)O)CCC[C@]4(C)[C@]3(CC1)OO2,0.5968358150263643,6.087008993863604
1432,Cc1nc(-c2c(Cl)cc(Cl)cc2-c2cnc([C@@H](C)NC(=O)N(C)O)c(F)c2)no1,0.4524411241498291,3.4714199885457457
1433,N=C(N)c1ccc2cc(-c3ccc(Oc4ccc(F)cc4)cc3)[nH]c2c1,0.35750210489687717,2.1028897971559672
1435,C#CCOC[C@@H](NC(C)=O)C(=O)NCc1ccc(N=C=S)cc1,0.3245358842674216,3.1786950073547313
1436,O=S(=O)(c1ccc2c(c1)OCCO2)N1CCN(S(=O)(=O)c2ccc3c(c2)OCCO3)CC1,0.6327208485039534,2.274951045829795
1437,CCCCn1c(=O)c2ccc3ccccc3c2c2ccccc21,0.48202123282779175,1.8804860416305509
1438,Brc1ccc(/C=N/Nc2ncnc3sc4c(c23)CCCC4)cc1,0.5199392166109179,2.4179517639240604
1439,Cc1ccc2cc(C(=O)NC3(C(=O)N[C@@H](CCCC4CCN(CC5CCOCC5)CC4)Cc4ccccc4)CCCC3)sc2c1,0.2208469035304719,3.4422314032225714
1440,COC1=C[C@H]2C3=C([C@@H](ON2c2cccc(C)n2)C1=O)[C@@H](NC(C)=O)CCc1cc(OC)c(OC)c(OC)c13,0.6138055090343579,5.015372118888905
1441,O=C(c1ccco1)N1CSCC1c1nc(-c2cccc(Cl)c2)no1,0.7047059997266719,3.0654868639203663
1443,Nc1c(S(=O)(=O)O)cc(Nc2cccc(S(=O)(=O)/C=C/S(=O)(=O)O)c2)c2c1C(=O)c1ccccc1C2=O,0.195718532542972,3.0384223292350807
1444,CCCCCOC(=O)N1CCN(C(=O)[C@H](CCC(=O)O)NC(=O)c2cc(N3CCN(CC(=O)N4CCCC4)CC3)nc(-c3ccccc3)n2)CC1,0.27678021069320363,3.3592920317785513
1445,CCCCCOC(=O)N1CCN(C(=O)[C@H](CCC(=O)O)NC(=O)c2cc(N3CCC(N4CCCC4)CC3)nc(-c3ccccc3)n2)CC1,0.3044831059733042,3.32363029017196
1446,CCCCOC(=O)N1CCN(C(=O)[C@H](CCC(=O)O)NC(=O)c2cc(N3CCC(OC)CC3)nc(-c3ccccc3)n2)CC1,0.342971210163625,3.222077150349648
1447,Cc1ccc(NC(=O)Nc2cc(C(C)(C)C)nn2-c2ccc(C)cc2)cc1,0.6524480934225408,2.017332115684175
1452,C#Cc1cc(CNC(=O)CCc2ccc(C(C)(C)C)cc2)cc(F)c1NS(C)(=O)=O,0.6575892468952262,2.522441554105713
1453,CCN(CC)CCN1C(=O)[C@@](O)(c2ccc3ccccc3c2)c2c(Br)cccc21,0.5968661747086886,3.0370000749921786
1454,Cc1ccc(C)c(Cn2cc(CCNc3ncnc4c3ncn4C3O[C@H](C(=O)NCCN4CCOCC4)[C@@H](O)[C@H]3O)c3ccccc32)c1,0.16685327405526865,4.118941157067392
1455,CN1CCC[C@@H]1Cc1c[nH]c2ccc(NS(=O)(=O)c3ccccc3F)cc12,0.7008572967420765,2.7664382235665705
1456,C#CCN(Cc1ccc2nc(CSc3ncccn3)nc(O)c2c1)c1ccc(C(=O)NCc2cccc([N+](=O)[O-])c2)cc1,0.07148072317612768,2.992113840672509
1457,CO/N=C(\CN(C)C(=O)c1ccc(N(C)C)c2ccccc12)C(CCN1CCC(O)(c2ccccc2)CC1)c1ccc(Cl)c(Cl)c1,0.13373361558019897,3.512342161461614
1462,CCC1c2ccccc2CCN1CC1=NCCN1,0.8790090442225704,3.077603547709531
1463,CCn1c(C2CCN(CCC3CCN(C(=O)/C=C/c4ccc(Cl)c(Cl)c4)CC3)CC2)nc2ccccc21,0.3074250733415111,2.5984123292350816
1465,CS(=O)(=O)N1CCc2c(c(-c3ccc(C(F)(F)F)c(SCCNC(=O)c4ccc(O)cc4)c3)nn2CC(O)CN2CCC(N3CCCC3=O)CC2)C1,0.1861685499672454,3.8299532720753158
1466,Cc1ccc(OC(=O)N(CC(=O)O)Cc2cccc(OCc3nc(-c4ccc(-c5ccccc5)cc4)oc3C)c2)cc1,0.19066008358683567,2.4937663717602767
1467,CC[C@H](C)Nc1cc(C(=O)N[C@@H](Cc2ccccc2)[C@H](O)[C@@H]2CCCN2)cc(S(C)(=O)=O)n1,0.4163788927608175,3.8519878072546803
1468,CCCCOc1c(CCCC)c(O)nc2ccccc12,0.7571409173475437,2.2436072933671447
1469,NC(Cc1cc(Cl)c(Cl)c(-c2cccc([N+](=O)[O-])c2)c1)C(=O)O,0.6303832550056688,2.6669200151090724
1470,CCS[C@@H]1[C@H](SCC)[C@@H](CO)O[C@H]1n1ccc(N)nc1=O,0.8020641707316122,4.359586172854986
1471,O=S(=O)(Nc1ccccn1)c1ccc(/N=C/[C@H](O)[C@@H](O)[C@H](O)CO)cc1,0.39218316943696796,3.536710631302377
1472,O=C(CN1CCN(Cc2ccccc2)CC1)NCc1ccccc1O,0.8430067575206962,1.7778617735844406
1473,CC(=O)N(CCN(C)C)c1nc2c(F)cccc2s1,0.862888882716115,2.320805452400256
1474,C=C(C)[C@@H]1CC[C@]2(C(=O)Oc3ccncc3)CC[C@]3(C)[C@H](CC[C@@H]4[C@@]5(C)CC[C@H](O)C(C)(C)[C@@H]5CC[C@]43C)[C@@H]12,0.3157679159928165,4.812729545198803
1475,NCCNc1cc(-c2ccnc(Nc3cccc(Cl)c3)n2)ccn1,0.6376694754978424,2.2842512655284803
1476,CCCCCCC(=O)N[C@H]1CCOC1=O,0.5355430378416803,2.545786739173826
1477,CCNC(=O)NC[C@H]1CC[C@H]2CC[C@@H](C(=O)NC(c3ccccc3)c3ccccc3)N2C(=O)[C@H]1NC(=O)[C@@H](N)CC,0.3014601249752958,3.950162003306721
1478,CC(C)C[C@@H]1NC(=O)[C@H](CC(C)C)NC(=O)[C@@H](Cc2ccccc2)NC(=O)[C@H](CC(C)C)NC(=O)[C@@H](C(C)C)NC1=O,0.302343073281705,4.472791171800008
1479,CC(C)C[C@@H]1NC(=O)[C@H](Cc2ccccc2)NC(=O)[C@H](CC(C)C)NC(=O)[C@@H](C(C)C)NC(=O)[C@@H](CC(C)C)NC1=O,0.302343073281705,4.472791171800008
1480,CC(C)C[C@@H]1NC(=O)[C@H](Cc2ccccc2)NC(=O)[C@@H](Cc2ccccc2)N(C)C(=O)[C@H](C(C)C)NC(=O)[C@H](CC2CCCCC2)NC1=O,0.3200908608664416,4.681248307234574
1482,COc1ccc(-c2csc(N/N=C/c3ccc(O)cc3O)n2)cc1,0.48670579392784924,2.2712414996421924
1483,COC(=O)C[C@H]1[C@]2(C)C[C@@]3(O)[C@]1(C)[C@H]1CC[C@]4(C)C(=C1C(=O)[C@@]3(OC)[C@H]2OC(C)=O)CC(=O)O[C@H]4c1ccoc1,0.4248329106484689,6.19863142934844
1484,CC(C)CCn1c(=O)c(C2=NS(=O)(=O)c3cc(CC#N)ccc3N2)c(O)c2cc(F)ccc21,0.5903634361807946,3.130706810402346
1485,CNC(=O)[C@H](Cc1ccccc1)NC(=O)[C@H](CC(C)C)N[C@H](CCN1C(=O)c2cc3ccc(OC)cc3cc2C1=O)C(=O)O,0.20555229686844886,3.597226888608226
1488,CCCCCCCCCCCCCCCCCCCCCCC(=O)N[C@@H](CO[C@H]1O[C@H](CO)[C@@H](O)[C@H](O)[C@H]1O)[C@H](O)[C@H](O)CCCCCCCCCCCCCC,0.029756707332715685,4.569063229826404
1489,COc1ccccc1C(=O)Nc1cccc(NC(=O)c2cccc(F)c2)c1,0.7076955061398331,1.6649387490508083
1490,CC1CCN(Cc2ccccc2)CC1,0.6911413251415612,1.4211289909454212
1491,Brc1ccc2ncnc(Nc3ccccc3)c2c1,0.7727745472420349,1.7869776901428587
1492,OC(CCCCCC(O)COc1ccc2c(c1)[C@@]13CCCC[C@H]1[C@@H](C2)N(CC1CCC1)CC3)COc1ccc2c(c1)[C@@]13CCCC[C@H]1[C@@H](C2)N(CC1CCC1)CC3,0.1657312891700082,6.01352150896319
1493,Cc1ccc2c3c1O[C@@H]1c4[nH]c5ccccc5c4C[C@@]4(O)[C@@H](C2)N(CC2CC2)CC[C@]314,0.664056796808494,5.064759287060392
1496,Cc1cc(CN2C(=O)C(C3=NS(=O)(=O)c4cc(NS(C)(=O)=O)ccc4N3)=C(O)[C@@H]3C4CCC(CC4)[C@@H]32)ccc1F,0.4832104814205259,4.670005511728786
1497,CS(=O)(=O)Nc1ccc2c(c1)S(=O)(=O)N=C(C1=C(O)[C@@H]3C4CCC(CC4)[C@@H]3N(Cc3ccc(F)cc3Cl)C1=O)N2,0.46468783018411736,4.6822250543483275
1499,CCN(CC)C(=O)[C@@H]1C=C2c3cccc4[nH]cc(c34)C[C@H]2N(C(=O)Nc2ccccc2)C1,0.6420867656047576,3.4884324763556034
1500,Cc1ccc([C@@H]2[C@H](c3cccc4ccccc34)[C@@]3(CCCN([C@H](C)c4ccccc4)C3)ON2c2ccccc2)cc1,0.22200925943397787,4.228881336521711
1501,CC1=CC2Cc3nc4cc(Cl)ccc4c(NCCO)c3C(C1)C2,0.8261574151418123,4.31045387695276
1502,CCCCN(CC)CCNC(=O)c1cc2c(-c3ccccc3F)nn(C)c2s1,0.580777872660258,2.5059754122381257
1503,CCCCCOC(=O)N1CCN(C(=O)[C@H](CCC(=O)O)NC(=O)c2cc(N3CCCC(N4CCCC4)C3)cc(-c3ccccc3)n2)CC1,0.3020167675658996,3.5775596588978855
1504,C[C@@H]1CN(c2cc(C(=O)Nc3ccc4c(c3)-c3c(c(C(N)=O)nn3-c3ccc(F)cc3)CC4)c(Cl)cn2)CCN1C,0.3680437221245975,3.312067189079495
1505,C[C@@H](O[C@H]1CN2C(=O)C=C(c3ccnc(F)c3)CC2[C@@H]1c1ccc(F)cc1)c1cc(C(F)(F)F)cc(C(F)(F)F)c1,0.2339092765509052,4.264299801025901
1506,COC(=O)[C@@H]1[C@@H]2C(=O)N(CC(=O)NC[C@H]3O[C@@H](n4ccc(=O)[nH]c4=O)[C@H](O)[C@@H]3O)C(=O)[C@@H]2N[C@@H]1c1ccccc1,0.16869291201482844,4.507663723786998
1508,O=C(CCc1ccc(Cn2cccn2)cc1OCCc1ccc2ccccc2c1)NS(=O)(=O)c1ccc(F)c(Cl)c1,0.2053954137399852,2.62419965518302
1510,CN(C)c1ccc2c(c1)[C@H]1OCCC[C@H]1[C@H](c1ccccc1)N2,0.8903867415109397,3.267418475088096
1512,C#CCN(Cc1ccc2nc(CN3CCOCC3)nc(O)c2c1)c1ccc(C(=O)NCc2cccc([N+](=O)[O-])c2)cc1,0.1676050157087238,2.8841924366045237
1513,O=C1/C(=C/c2cccc(Cl)c2Cl)CCC/C1=C\c1cccc(Cl)c1Cl,0.46656149228577515,2.5192927746381812
1516,O=C(NN1C(=O)/C(=C\c2ccc(F)cc2)SC1=S)c1cccc([N+](=O)[O-])c1,0.36453983490231046,2.317164115684175
1519,O=C(/C=C/c1ccc(-c2nc3ccc(Cl)cc3[nH]2)cc1)NC1CCN(Cc2ccccc2)CC1,0.35638320025861187,2.2870009385768633
1521,CCCCCCCCCCCOc1ccc(C(=O)N[C@@H](Cc2c[nH]cn2)C(=O)N[C@@H](Cc2ccc(O)cc2)C(=O)N[C@@H](Cc2ccccc2)C(=O)N2CCOCC2)cc1,0.056262272225590555,4.004914518708192
1522,CCN1C(N(C)C)=Nc2cc(N)ccc2C1CC(=O)NCc1ccc(N)cc1,0.6921574826049885,3.272611207297997
1523,O=C(O)CCc1ccc(Cn2cccn2)cc1C(=O)NCc1ccc2ccccc2c1,0.45675930034011153,2.241209857448551
1524,Clc1ccc(CCCNc2ncnc3ccccc23)cc1,0.7124085359846729,1.811253794129442
1526,CC(=O)N1N=C(Nc2nc3ccc([N+](=O)[O-])cc3s2)CC1c1ccc(O)cc1,0.5141484310113392,3.142640313731973
1527,CCCNCc1nnc(Nc2nc(C)nc3c2c(C)nn3-c2ccc(OC)cc2C)o1,0.41221077242793924,2.7932196126933064
1529,CC1(C)CCC[C@@]2(C)[C@H]1[C@H](OC(=O)/C=C/C=C/C(=O)O)C=C1COC(=O)[C@@]12O,0.32749021192279903,4.596437672123871
1530,CCCN1CCc2c(sc(NC(=O)Nc3ccc(Cl)cc3)c2C(N)=O)C1,0.7202988755060971,2.240182492624884
1531,OC[C@H]1OC(n2cnc3c(-c4cc5ccccc5o4)ncnc32)[C@H](O)[C@@H]1O,0.48575300641088615,3.6489092814512087
1535,Cc1ccc(-c2cccc(C[C@H](NC[C@H](O)[C@H](Cc3ccccc3)NC(=O)[C@@H](NC(=O)c3ccccn3)C(C)C)C(N)=O)c2)cc1,0.13718740501281895,3.67459566459331
1536,OCCN(CCO)c1nc(N2CCc3ccccc3C2)c2nc(N(CCO)CCO)nc(N3CCc4ccccc4C3)c2n1,0.1849511162851595,3.2024141898074037
1538,Clc1cccc(C2=Cc3ccccc3C3=NCCN23)c1,0.7731136614310877,2.505674595912952
1540,Oc1ccc2cc3nc4ccccc4c(-c4ccccc4)c3cc2c1,0.38906446490826185,1.9999905293159355
1541,COc1ccc(N(C)c2cnc(SCc3c(F)cc(C#CC[N+](C)(C)C)cc3F)n2-c2ccc(F)cc2)cc1OC,0.12956999212135448,3.2864231506884067
1542,COc1cc(CCC(=O)N(C)[C@@H]2CCCC[C@@H]2N2CCCC2)cc(OC)c1OC,0.6636562779500639,3.0817785912831583
1543,CCN(CC)S(=O)(=O)c1cccc(C(=O)Nc2ccccc2C(=O)O)c1,0.7730913413010191,1.875189836159219
1545,CC1CC[C@]2(C(=O)OCc3ccccc3)CC[C@]3(C)C(=CC[C@@H]4[C@@]5(C)C[C@H](O)CC(C)(C)[C@@H]5CC[C@]43C)[C@@H]2[C@H]1C,0.3044546468129347,4.784212199938323
1547,CN(C)c1ccc(N=Nc2ccc(S(=O)(=O)O)cc2)cc1,0.6928118264978128,2.27523486711652
1548,C/C(=C\Cc1c(O)cc2occ(-c3ccc(O)cc3)c(=O)c2c1O)CO,0.5359895817618067,2.8166794894636595
1553,O=C(O)/C=C/c1ccc(NC(=O)C2(NC(=O)c3ccc4c(c3)nc(-c3cccs3)n4C3CCCCC3)CCC2)cc1,0.20581638072436814,2.808987138885758
1554,CCCCCCCCCCCCCCCCCC[N+](C)(C)CCOP(=O)([O-])OCCCC,0.07703422074615443,3.3622412217585156
1555,COc1ccc2c(c1)OC/C=C\CCCCN(C[C@@H](O)[C@H](Cc1ccccc1)NC(=O)O[C@H]1CO[C@H]3OCC[C@H]31)S2(=O)=O,0.42905845528029574,4.883077203686343
1556,COc1cc(COc2ccc3c(c2)C(C)=CC(C)(C)N3)cc(OC)c1,0.841722382308647,2.378938269143676
1557,CCCCC/C=C/C/C=C/CCCCCCCC(=O)N[C@@H]1CC[C@@]2(O)[C@H]3Cc4ccc(O)c5c4[C@@]2(CCN3CC2CC2)[C@H]1O5,0.1288740928091094,5.562406851782816
1558,CC(=O)N[C@H]1CC[C@@]2(O)[C@H]3Cc4ccc(O)c5c4[C@@]2(CCN3CC2CC2)[C@H]1O5,0.7351369535184089,5.240411980973357
1559,C[C@@H]1C[C@H](O)CCCc2cc(O)cc(O)c2C(=O)O1,0.6224374029535067,3.7318394322213964
1561,O=C(COc1ccccc1)N(Cc1ccc(-c2ccc(CNC3Cc4ccccc4C3)cc2)cc1)C1CCNCC1.O=C(O)C(F)(F)F,0.1826049307414343,2.802934835882244
1562,COc1c(C2CCN(CCCCNC(=O)c3ccc(-c4ccc(Cl)cc4)c(OCC(N)=O)c3)CC2)ccc2c1CCCC2,0.24230874035991912,2.699256520573254
1563,Cc1cc(C)c(-n2c(Cl)cn3c(CN(Cc4ccc(F)cc4)CC(F)(F)F)c(C(F)(F)F)nc23)c(C)c1,0.23508483164592658,3.1199747907735427
1564,c1ccc(CN2CCC(CNc3n[nH]c4ccccc34)CC2)cc1,0.7494674487402659,2.0288193424515573
1567,COc1ccc([C@@H]2[C@H](CCn3cc(CO[C@H]4Cc5c(O)cc(O)cc5O[C@@H]4c4ccc(O)c(O)c4)nn3)C(=O)N2c2ccccc2)cc1,0.11740493121079493,4.2789177938181915
1568,C[C@@H]([C@H](N)C(=O)N[C@H](C(=O)O)[C@H]1OC(n2cc(C=O)nc2O)[C@H](O)[C@@H]1O)[C@H](O)c1ccc(O)cn1,0.1661708199316912,5.077313674877166
1569,C=CCN1CC[C@]23CC(=O)CC[C@@]2(OCC)[C@H]1Cc1cccc(OC)c13,0.7600704652111403,4.681376703325861
1570,CCN(NC(=O)c1cc(OC)no1)C(=O)NCc1ccc(-c2cc(Cl)cc(F)c2-c2nnn(C)n2)cc1F,0.33627547607395164,3.255755705638638
1571,CCOP(=O)(OCC)Oc1ccc([N+](=O)[O-])cc1.C[N+](C)(CC(=O)c1ccc(-c2ccc(C(=O)C[N+](C)(C)CC3OCCCO3)cc2)cc1)CC1OCCCO1.[Br-].[Br-],0.05751091954543383,4.057414075348407
1573,CC(Cc1ccc2c(c1)OCO2)CN1C[C@H]2CCCC[C@H]2[C@H](C(=O)N2CCN(c3ccc([N+](=O)[O-])cc3)CC2)C1,0.36944967166675613,3.8129670778937257
1574,S=C(NCCCCCN1CCC(c2c[nH]c3ccccc23)CC1)Nc1cccc(I)c1,0.18135226106543276,2.40295053369538
1575,CCCC[C@H](NC(=O)OC(C(C)C)C(C)C)C(=O)C(=O)Nc1cc(C)[nH]n1,0.5395517815160651,3.1972482635266104
1577,O=C(Nc1ccccc1F)c1ccc(N(CCCl)CCCl)cc1,0.7487155001870999,2.043839181257857
1578,COC(=O)NCCc1n[nH]c2c1C(=O)C=C(C)C2=O,0.8326092511007128,2.9671066358322093
1579,O=C(Cc1ccc(Cl)cc1)OC1=C([C@H]2CC[C@H](c3ccc(Cl)cc3)CC2)C(=O)c2ccccc2C1=O,0.33008097373377143,2.5446770497172224
1581,COCO[C@H]([C@@H]1OC(C)(C)O[C@H]1CO)[C@H](CNC(=O)c1ccccc1)c1ccc2c(c1)OCO2,0.5073107686428557,3.9048745322094467
1582,O=C(Nc1cccc(C(F)(F)F)c1)O/N=C(\C1CCCCC1)C(Cn1ccnc1)C1CCCCC1,0.2518229990569147,3.429405404843493
1584,O=C(N[C@H](Cc1ccc(Cl)cc1)C(=O)N1CCN(c2ccccc2OCc2ccccc2)CC1)[C@H]1Cc2ccccc2CN1,0.2795294729686193,3.2243884707594823
1588,CCC(C)C(=O)c1c[nH]c(OC)c(OC)c1=O,0.7926577843543833,3.3228650373752995
1589,C[N+](C)(C)CCN[N+]1(C)CCCc2ccccc21.[I-].[I-],0.32506512848902164,4.268304073411388
1590,COc1ccc2c(=NN=Cc3ccc(OC)c4ccccc34)cc(C)[nH]c2c1,0.4215474497211462,2.669626348081465
1592,CN(C)CCCC(C)(C)c1ccc(C(C)(C)C)cc1,0.7482786555230925,2.0948114050629787
1593,CN1CCN(c2cccc(-c3cnn4c(N)c(-c5ccc(NS(=O)(=O)c6cccc(Cl)c6Cl)cc5)cnc34)c2)CC1,0.26199157285540053,2.7520744119777234
1594,O=C1Nc2cccc3c2C1(CCCCCN1CC=C(c2c[nH]c4ccccc24)CC1)CCC3,0.4407577692514094,3.327299061372422
1596,COc1ccc2cc([C@H](O)[C@H](C)N3CCN(Cc4ccccc4)CC3)ccc2c1Cl,0.6194988834425088,2.9631428183428756
1597,CC(C)N(CCO)CCC(=O)c1ccc(C#N)cc1,0.7596534438368439,2.210635334057061
1598,CCCCCOC(=O)N1CCN(C(=O)C(CCC(=O)O)NC(=O)c2cc(N3CCC(COC)C3)cc(-c3ccccc3)n2)CC1,0.3017232263367665,3.5049566364779894
1599,Cl.NCCCC[C@@H](NC(=O)C1CCCCCCC(CS)C(=O)N1)C(=O)O,0.3069078078253404,3.98829562529866
1600,Cc1ccc2c(c1)/C(=N/O)C(=O)N2c1ccccc1,0.6264053005718236,2.100538687114261
1601,Cc1cccc(N2CCN(CCCC(=O)NCc3nc4cc(F)ccc4c(=O)n3-c3ccccc3)CC2)c1C,0.3688336484851799,2.436774517763606
1602,Nc1cc(C(O)CNCCCCNc2ncnc3c2ncn3[C@@H]2O[C@H](CO)[C@@H](O)[C@H]2O)ccc1O,0.0950871166077735,4.046992017865981
1606,CC(=O)c1c(-c2ccc(Cl)cc2)c(-c2ccc(Cl)cc2)nn(CCOC(=O)CCN)c1=O.Cl,0.3556952680220009,2.5530687377058126
1609,Cn1cnc2c(ncn2C2O[C@H](COP(=O)(O)O)[C@@H](O)[C@H]2O)c1=S,0.39396108453744655,4.1354447626564586
1610,CC(C)(C)OC(=O)N1c2ccccc2C[C@@H]1COc1ccc2c(c1)c(SC(C)(C)C)c(CC(C)(C)C(=O)O)n2Cc1ccc(Cl)cc1,0.1778810196475499,3.560895000658096
1612,NC(CO)(CO)CCc1ccc(-c2ccc(Sc3ccc(Cl)cc3)cc2F)cc1,0.4736501576497322,2.453253664485576
1613,COc1ccc2c(c1)c(/C=C1\Oc3cc(O)cc(O)c3C1=O)cn2CCCN1CCN(CCO)CC1,0.4114085606641989,2.831144562786678
1614,OC[C@H]1OC(n2cnc3c(NCCc4c[nH]cn4)ncnc32)[C@H](O)[C@@H]1O,0.36459266108047306,3.9588734954673797
1615,CN1C/C(=C\c2ccc(Cl)cc2Cl)C(=O)[C@]2(C1)[C@H](c1ccc(Cl)cc1Cl)[C@@H]1CSCN1[C@@]21C(=O)Nc2ccccc21,0.29906249986933203,5.064712227515748
1616,CN1C/C(=C\c2ccccc2Cl)C(=O)[C@]2(C1)[C@H](c1ccccc1Cl)[C@@H]1CSCN1[C@@]21C(=O)Nc2ccc([N+](=O)[O-])cc21,0.22431013475770606,5.089033554334757
1617,Cc1ccccc1/C=C1\CN(C)C[C@@]2(C1=O)[C@H](c1ccccc1C)[C@@H]1CSCN1[C@@]21C(=O)Nc2ccc([N+](=O)[O-])cc21,0.2611868552052219,5.100778350714849
1618,CN1C/C(=C\c2ccccc2-c2cccs2)C(=O)[C@]2(C1)[C@H](c1ccccc1-c1cccs1)[C@@H]1CSCN1[C@@]21C(=O)Nc2ccc([N+](=O)[O-])cc21,0.1120922573539251,5.338104982457883
1619,O=C(O)c1ccccc1-c1cc2ccccc2s1,0.7412586882812909,1.8465062543942814
1620,CN1C/C(=C\c2ccccc2Cl)C(=O)[C@]2(C1)[C@H](c1ccccc1Cl)[C@@H]1CSCN1[C@@]21C(=O)Nc2ccc(Cl)cc21,0.3336859100598133,5.012935129591285
1624,O=C(CNC(=O)c1coc(-c2ccccc2)n1)N[C@@H](Cc1ccccc1)C(=O)N[C@@H](Cc1cn(C(c2ccccc2)(c2ccccc2)c2ccccc2)cn1)C(=O)O,0.09151070121102277,3.801660213851447
1625,CC(C)(C)OC(=O)n1cnc(C[C@H](NC(=O)[C@H](Cc2ccccc2)NC(=O)CNC(=O)c2coc(-c3ccccc3)n2)C(=O)O)c1,0.1806841887644789,3.5637255533177123
1626,COc1cccc(CNC[C@@H](O)[C@H](Cc2cc(F)cc(F)c2)NC(=O)c2cc(/C(C)=N\OCc3ccccc3)cc(N(c3ccccc3)S(C)(=O)=O)c2)c1,0.07299234012809161,3.8635156019717503
1627,CCCCN(CCCC)Cc1c(C)nc2n(-c3c(C)cc(C)cc3Cl)c3ncccc3n12,0.2854944295697397,2.896824819319013
1628,Cc1cc(OCc2c(-c3c(Cl)cccc3Cl)noc2C(C)C)ncc1[N+](=O)[O-],0.3594698574172234,2.780897454752573
1629,N#Cc1cncc(/C=C/c2ccccc2)c1Oc1ccc2[nH]ccc2c1,0.5423377591935603,2.5548268920610635
1631,CCN(CC)CCNc1c2ccccc2[n+](C)c2c1oc1ccc(OCCC[N+](C)(C)C)cc12,0.1968233177575818,3.147920515499939
1632,N#Cc1c2n(c(=O)n(-c3ccccc3)/c1=N\CCO)CCC2,0.8868091885603289,2.910696983560383
1635,COc1ccccc1CNC(=O)c1cc(C(F)(F)F)nn1-c1cccc(-c2noc([C@H](C)N)n2)c1,0.4064011927832569,3.0502992373193614
1636,COC1CC[C@@H]([C@H](C)O)OO1,0.5987651837036773,4.324489555059024
1640,C#CC1c2cc(O)c(OC)cc2CCN1C,0.7245975461872638,3.3218763714425155
1641,CC(C)CCCNC(=O)N(CC(CCC(=O)O)NC(N)=O)C(CCCCN)CN(C(=O)NCCc1ccc(Br)cc1)C(CCC(=O)O)CN(CCC(N)=O)C(=O)NCCc1ccc(Br)cc1,0.04432577992303661,4.78965990863487
1644,CC[C@H](C)[C@@H](NC1=C(Br)C(=O)C(N[C@@H](C)C(=O)OC)=C(Br)C1=O)C(=O)OC,0.3752934430588962,4.118932323456958
1646,CCCCCCCN(C(=O)c1ccccc1)[C@H]1CC[C@H]2[C@@H]3CC[C@H]4N(C)C(=O)CC[C@]4(C)[C@H]3CC[C@]12C,0.34633171203189617,4.193601981553597
1649,COc1ccccc1OCC(O)CNC(C)C,0.7555668229035125,2.241932009552059
1652,O=C1Nc2ccccc2/C1=N/N=C/c1ccccc1F,0.6596059528215688,2.4815722940651774
1653,CC(C)[C@H](NC(=O)[C@H](CCCNC(=N)N)NC(=O)Cc1ccccc1)C(=O)N[C@@H](CCCNC(=N)N)C(=O)NCC1CCNCC1,0.05006162840544047,3.83809492542831
1654,CC(=O)N[C@@H](CCCNC(=N)N)C(=O)N[C@H](C(=O)N[C@@H](CCCNC(=N)N)C(=O)NCc1ccc(C(=N)N)cc1)C(C)C,0.051391368665877395,3.748628230992445
1655,CCCCCCCCCCCCCCOP(=O)([O-])OCC[N+](C)(C)CCCCCCCC,0.07703422074615443,3.3577150679123617
1656,Cc1cccc(C)c1NC(=O)CSc1snnc1-c1ccc(Br)cc1Br,0.42077780740864773,2.617935917282418
1657,C=CC/N=c1/c(C#N)c2n(c(=O)n1-c1ccccc1)CCC2,0.8056157811020036,2.9748969835603845
1658,COc1cc(CNCCCNc2nc3ncccc3[nH]2)c2[nH]cc(Br)c2c1,0.32010043994239684,2.826643780727993
1659,CC(=O)N[C@H](CO)C(=O)NCc1ccc(N=C=S)cc1,0.5270485473188337,2.80929495022688
1660,CCCCNc1ncnc2c1cnn2C1O[C@H](CO)[C@@H](O)[C@H]1O,0.5315718414103803,3.6793607257231153
1661,O=C(O)/C=C/c1ccc(NC(=O)C2(NC(=O)c3ccc4c(c3)nc(-c3ccccc3)n4C3CCCCC3)CCC2)cc1,0.2095584426320471,2.686586079325439
1662,O=C(O)/C=C/c1ccc(NC(=O)C2(NC(=O)c3ccc4c(c3)nc(C(=O)c3ccc5c(c3)nc(-c3ccoc3)n5C3CCCC3)n4C3CCCCC3)CCC2)cc1,0.08708761694132224,3.4990325185316538
1663,CCOC(=O)C1=C(O)CC(c2ccccc2)N(C(O)CN2CCSCC2)C1c1ccccc1,0.5969416294353113,3.810899818815784
1664,COc1ccc(-c2cc(C(=O)N[C@@H](CC3CCCCC3)C(=O)NCCN3CCCC3)ccc2O)cc1,0.45786256655633184,2.7703585531637263
1665,CS(=O)(=O)Nc1ccc2c(c1)S(=O)(=O)N=C(C1=C(O)[C@@H]3[C@@H]4CC[C@@H](C4)[C@@H]3N(Cc3cccc(C(F)(F)F)c3)C1=O)N2,0.4663096072462106,4.993815684007379
1666,CCCCCCCCCCCCCC(=O)N[C@@H](Cc1ccc(O)cc1)C(=O)N[C@@H](Cc1ccc(O)cc1)C(=O)N[C@@H](Cc1ccc(O)cc1)C(=O)NC1CCCCC1,0.0436063782740266,3.7571307681403567
1667,CCCCCCCCCCC(=O)N[C@@H](Cc1c[nH]cn1)C(=O)N[C@@H](Cc1c[nH]cn1)C(=O)N[C@@H](Cc1ccc(O)cc1)C(=O)OC,0.07583919731909351,3.937030995965597
1668,CCCC(=O)Nc1n[nH]c2cc(-c3ccc(C(F)(F)F)cc3)ccc12,0.6986267213396115,2.2064982691436743
1670,COc1ccc(C2C3=C(O)CC(c4ccccc4)CC3=NC(C)=C2C(=O)OCC(C)C)cc1OC,0.4893949173568372,3.4072621737198485
1671,COC(=O)CCc1nc(C2CC(c3ccc(O)c(F)c3)=NO2)no1,0.8313092213313931,3.2138901735519108
1672,Cc1ccc2c(c1)nc1n2C[C@H](N)[C@@H](c2cc(F)c(F)cc2F)C1.O=C(O)C(F)(F)F,0.43737808950587737,3.5756260037583285
1675,Clc1ccc2c(N/N=C/c3ccccc3)ccnc2c1,0.5728461217318923,1.9773429140355034
1676,CC(=O)/N=C1\NCCC(c2cn(C)c3ccccc23)N1,0.829023755626431,3.529516842019298
1677,COc1cccc(CNC(=O)c2cccc(-c3ccc(CN4CCC(N5CCCC5)CC4)cc3)n2)c1.O=C(O)C(F)(F)F,0.35963518700868957,2.562495731655428
1678,CCN1CCN(c2nc3ccccn3c(=O)c2/C=C2\SC(=S)N(C(C)C)C2=O)CC1,0.5313277944567817,2.6862740327381918
1681,Cc1nc2ccc3cnc(Nc4ccccc4)nc3c2s1,0.5984779192947738,2.3091480869334102
1682,C=CCOC(=O)C1=C(C)N=C(C)/C(=C(\O)OCC=C)C1c1ccc(OC)c(OC)c1,0.37023870471464176,3.280764720918338
1684,COc1cccc2c(=O)c3cccc(C(=O)Nc4ccccn4)c3[nH]c12,0.5578890565998758,2.196299643309816
1686,OC[C@H]1OC(n2cnc3c(NCCc4ccccc4)nc(NCCc4ccccc4)nc32)[C@H](O)[C@@H]1O,0.22505312089350596,3.533681291291197
1687,CC(C)C[C@H](NC(=O)CS)C(=O)N[C@@H](CCCNC(=N)N)C(N)=O,0.10496141171889212,3.2790776182172436
1688,CC(=O)O[C@@H]1CC[C@@]2(C)[C@@H](CC[C@]3(C)[C@@H]2CC=C2[C@@H]4C[C@](C)(C(=O)O)CC[C@]4(C)CC[C@]23C)[C@]1(C)C(=O)O,0.3061909976785821,4.913250725522194
1689,CCCC[C@H]1CN(CC2CCOCC2)C(=O)OC12CCN(C1(C)C[C@H]3CN(C(=O)c4c(C)ncnc4C)C[C@H]3C1)CC2,0.4547738069575876,5.125843120012024
1691,C#CCOc1ccc(/C=C/C(=O)Nc2ccccc2C(=O)O)cc1OC,0.59151297476157,2.162501776081152
1692,CC(C)C[C@@H](C=O)NC(=O)[C@H](CCCCN)NC(=O)[C@H](CCCCN)NC(=O)[C@H](CO)NC(=O)[C@H](CO)NC(=O)OCc1ccccc1,0.0458290536700322,4.102013094669783
1693,CC(C)C[C@@H](C=O)NC(=O)[C@H](CCC(=O)O)NC(=O)[C@H](CCCCN)NC(=O)[C@H](CO)NC(=O)[C@H](CO)NC(=O)OCc1ccccc1,0.046917991237694676,4.071112189849412
1694,C(#Cc1ccccc1)CCN1CCCCC1,0.6827542271863665,1.9659090522714084
1696,CCOP(=O)(OCC)C(Nc1ccc(C(=O)c2ccc(NC(c3ccccc3)P(=O)(OCC)OCC)cc2)cc1)c1ccccc1,0.07929960225813354,3.5006922613410474
1697,COc1ccc(COC(=O)NC(C(=O)N[C@@H](Cc2ccccc2)C[C@H](O)[C@H](Cc2ccccc2)NC(=O)OCc2cccnc2)C(C)C)cn1,0.12313023349295824,3.8894082278103355
1698,CC1=C(C(=O)Nc2ccccc2Cl)C(c2ccco2)NC(=S)N1,0.7428448855803239,2.795226275845856
1699,Cc1cn(C[C@H]2C[C@H](NC(=O)C(N)CC(C)C)[C@@H](CO)O2)c(=O)[nH]c1=O,0.4793017930680803,3.863114550412435
1700,CCCCN(Cc1cccc(C)c1O)C(=S)Nc1ccccc1,0.7535427503646278,2.060967938654308
1702,O[C@]12C=C(C3NCCc4c3[nH]c3ccccc43)[C@@H]3CCN(CCCC/C=C\CC1)C[C@@]31C[C@@H]3/C=C\CCCCN3[C@H]12,0.3779366538115026,6.68374497233796
1703,COc1cccc(/C=C2/CCN3[C@@H](CCC2=O)C[C@]24CN5CCCC/C=C\CC[C@](O)(C=C(c6nccc7c6[nH]c6c(O)cccc67)[C@@H]2CC5)[C@H]34)c1,0.14920117968658753,6.766522041541059
1704,COc1cc(C(=O)OC[C@@]2(O)CO[C@@H](OC[C@H]3O[C@@H](Oc4c(OC)cc5ccc(=O)oc5c4OC)[C@H](O)[C@@H](O)[C@@H]3O)[C@@H]2O)cc(OC)c1O,0.09851095313878493,4.8575668224080335
1705,COc1ccc(C(=O)N[C@@H](Cc2c[nH]cn2)C(=O)N/N=C/c2ccccc2)cc1,0.402535015014395,2.7648613990339914
1710,CCCCCCCC(=O)Oc1cc(O)c2c(c1)O[C@H](c1ccc3c(c1)OC(c1ccc(O)c(OC)c1)C(CO)O3)[C@@H](O)C2=O,0.1327968258931628,4.140895577245422
1711,O=C(CCCCN1CCOCC1)Nc1ccc(-c2cccnc2)cc1,0.7873013639167269,1.9062445833699897
1712,CC1=C(C(=O)Nc2cccc([N+](=O)[O-])c2)C(c2ccc(O)cc2O)NC(NN)=N1,0.2542050822968512,3.2642024155175084
1713,CC[C@@]12C=Cn3c4c(c5ccccc53)CC[N+]([O-])(CCC1)[C@H]42,0.5712220765765452,4.7227727682562435
1714,CCCCNC(=O)c1nn(-c2ccc(OC)cc2)c(=O)c2ccccc12,0.6931764212453909,1.9179012150353856
1715,CCCCCCCCCCCC(=O)OCC[N+](CC)(CC)CC.CCCCCCCCCCCCCCCC(=O)OCC[N+](CC)(CC)CC.[Br-].[Br-],0.042690512187695116,3.0590276843586057
1716,CCN(CC)c1nc(S)nc(NC(C)(C)C)n1,0.8079915572637784,3.0984942741482486
1717,O=c1c(Br)c(C(F)(F)F)[nH]c2ccc(Oc3ccccc3)cc12,0.6680681722567494,2.3478279941276803
1718,CC(C)C(=O)Nc1cccc2c1[nH]c1c(C3=C[C@@]4(O)CC/C=C\CCCCN5CC[C@@H]3[C@]3(C[C@@H]6/C=C\CCCCN6[C@H]34)C5)nccc12,0.26110967417824676,6.670578366518452
1720,O=C(O)CN1C(=O)c2ccc(Oc3cccc([N+](=O)[O-])c3)cc2C1=O,0.5002827813647487,2.112583677648214
1721,CNCCC(C)N1c2ccccc2N(c2ccccc2F)S1(=O)=O,0.9026945361345777,3.105938859984003
1723,Cc1ccc(/C=C/c2nc3cc(Br)ccc3[nH]2)cc1,0.7228126528120707,2.184372859608432
1726,C=CCN1CC[C@]23c4c5ccc(OC(=O)C(C)CCCCCCC(C)C(=O)Oc6ccc7c(c6)[C@@]68CCCC[C@H]6C(C7)N(CC6CCC6)CC8)c4O[C@H]2CCC[C@H]3C1C5,0.07689169383778303,6.753007162294575
1727,CS(=O)(=O)Nc1cccc(-c2nc(C(c3ccc(F)cc3)c3ccc(F)cc3)sc2CC(=O)O)c1,0.33412587078752026,2.611970420717114
1728,Cc1cc(C)nc(N/C=C(\C#N)C(=O)c2cccc(CSc3ccccc3)c2)n1,0.25759164728866424,2.546168721335869
1729,O=C(O)C(=O)O.O=C(O)C(=O)O.O=C(O)C(=O)O.O=C(O)C(=O)O.c1coc(CNCCCCCCNCCSSCCNCCCCCCNCc2ccco2)c1,0.038570260307200684,3.208507806640341
1731,CC(=O)OC[C@@H](Cc1ccccc1)NC(=O)[C@H](Cc1cn(C(c2ccccc2)(c2ccccc2)c2ccccc2)cn1)NC(=O)OCC1c2ccccc2-c2ccccc21,0.07965137143539576,3.9285789567009024
1732,Cn1ccnc1CCn1cc(C(=O)C2C(C)(C)C2(C)C)c2ccccc21,0.637112641090059,2.669535881663011
1733,NC(=S)Nc1cccc(OCCCCCCCCNC(=S)Nc2ccc3c(c2)c2ccccc2n3-c2ccccc2)c1,0.08084445381041178,2.5398162438394163
1735,O=C(Nc1ccc(-c2ccncc2)c(-c2cccc(F)c2)n1)C1CC1,0.7743794808511889,2.13342431309972
1737,CC(=O)O.OCCOCCCCCCNC[C@H](O)c1ccc(O)c(CO)c1,0.2772648720875842,2.8797441012505303
1738,CC(=O)O[C@@H]1C(=O)OC[C@]23CC[C@@]4(C)O[C@H]4[C@H]2O[C@@H]2C[C@@H](OC(=O)/C=C\C=C\C(=O)OCC[C@H]1C)[C@@]3(C)[C@]21CO1,0.2640746105592578,7.278112175819409
1741,COCc1c(O)c(=O)cc(C)n1C,0.7278861935636814,2.678850157248645
1742,COc1ccc(Cl)cc1N1CCN(CCCNC(=O)c2ccc(-c3nc4cc(Cl)c(F)cc4[nH]3)cc2)CC1,0.2756323558887845,2.456655938658173
1743,Cc1ncn2c1Cn1ncnc1-c1cc(Cl)ccc1-2,0.4935477369499398,2.8339639085594825
1744,Oc1ccc(Cl)cc1Nc1ncnc2ccc(Br)cc12,0.6683796443291106,2.099784621302369
1745,O=C(NCC(O)c1ccccc1)c1ccc(N2CCC(C(=O)c3ccccc3OC(F)(F)F)CC2)nn1,0.4390434465407529,2.992992762791804
1749,CCOC(=O)c1cc(-c2cccc(OCc3cc(F)ccc3F)c2)on1,0.6115589527924018,2.170447576781749
1750,COc1ccc(CC(=O)Nc2cn([C@H]3C[C@H](O)C3)cn2)cc1,0.8821815111342797,2.378092836094945
1751,CCC(CC)Nc1ccc(O)c2ccccc12,0.7719525597409649,1.9861906203020947
1752,N[C@@H](Cc1ccc(O)cc1)C(=O)N1CCC[C@H]1C(=O)N[C@@H](Cc1c[nH]c2ccccc12)C(=O)NCC(=O)NCc1ccccc1,0.14314976520984646,3.4644443700599643
1754,COCCNC(=O)[C@@H](NC(=O)[C@](O)(CCN(Cc1ccc(Br)cc1)NC(=O)[C@@H](NC(=O)OC)C(C)(C)C)Cc1ccccc1)C(C)C,0.12313381222305128,4.059627759077456
1758,CCCCCCCCCCCOc1ccc(C(=O)N[C@@H](Cc2ccc(O)cc2)C(=O)N[C@@H](Cc2ccc(O)cc2)C(=O)N[C@@H](Cc2ccc(O)cc2)C(=O)OC)cc1,0.033279649034069464,3.7321012086201533
1759,CCCCCCCCCCCCCC(=O)N[C@@H](Cc1ccc(O)cc1)C(=O)N[C@@H](Cc1ccc(O)cc1)C(=O)N[C@@H](Cc1ccc(O)cc1)C(=O)N1CCOCC1,0.061351292854263835,3.7930164533989172
1760,O=C(Nc1cccc(F)c1)O/N=C(\C1CCCCC1)C(Cn1ccnc1)C1CCCCC1,0.3074793933182556,3.3466656316459007
1763,CC(C)NC(=N)c1ccc2[nH]c(-c3ccc(Oc4ccc(-c5nc6cc(C(=N)NC(C)C)ccc6[nH]5)c(C(F)(F)F)c4)cc3)nc2c1,0.07367501113590882,3.3689803912772005
1764,Cc1ccccc1SC(=O)c1cccc(C=O)n1,0.6257439172881969,2.5812814893403324
1765,Nc1nc(SCCc2ccccc2)nc2sc3c(c12)CCN(Cc1ccccc1)C3,0.33658284339635275,2.354940238442598
1766,CC(=O)c1c[n+](Cc2ccccc2C)ccc1CC1Cc2cc3c(cc2C1=O)OCO3,0.4699794093678546,3.40644013666523
1767,CN(C)CCc1nc2c(sc3ccc(Cl)cc32)c(=O)[nH]1,0.8091917801211188,2.603194641545283
1768,COC(=O)c1ccc(C(=O)/N=C(\Nc2ccc3oc(C)cc3c2)N[C@H]2CCCCN(CC(=O)N3CCCC3)C2=O)nc1,0.25750348171948895,3.477946575546767
1770,CNC(=O)[C@@H](NC(=O)[C@@](O)(CCN(Cc1ccccn1)NC(=O)[C@@H](NC(=O)OC)C(C)(C)C)Cc1ccccc1)C(C)(C)C,0.21543567207983622,4.159289225018201
1771,Cl.Clc1cccnc1N1CCN(c2ncccc2Cl)CC1,0.8332553865609914,2.1287951197802784
1772,NS(=O)(=O)c1cccc(-c2ccc3ncc(N4CCOCC4)nc3c2)c1,0.754557532069142,2.267354412540584
1773,CNC(=O)CNCC(=O)NC(Cc1ccccc1)C(=O)NC(=O)NCCCCC(C)NCC(O)c1ccc(O)c(O)c1,0.09149466761207249,3.663637279602222
1774,CCOC(=O)/C(C#N)=C\Nc1cccc(C(=O)OCC)c1,0.4904022731941547,2.201826379052859
1776,O=C(Nc1ccc(-c2nc3cc(Cl)ccc3o2)cc1)OCc1ccccc1,0.4800215751284724,1.909621774885732
1779,CCCn1c(=O)c2nc(-c3ccc(OCC(=O)NCCN=C(S)Nc4ccc(S(=O)(=O)[O-])cc4)cc3)[nH]c2n(CCC)c1=O.[Na+],0.03526226045240706,3.4737260088202433
1780,O=C1Cc2cc3c(=O)[nH]c(=O)[nH]c3nc2-c2cnccc2N1,0.5456007012655967,2.8916662143296143
1781,CN(C)S(=O)(=O)Nc1ccc(OCCNC[C@H](O)c2cccnc2)cc1.Cl.Cl,0.4747298351053972,2.9153524617358677
1782,CNc1nc(C#N)nc(N(C)C)c1N,0.6870017115258991,3.006037342448895
1783,COC(C)[C@H]1C2C[C@H]3C4=Nc5ccccc5[C@]45C[C@@H](C2C5OC(C)=O)N3[C@@H]1O,0.8101611363108064,6.689703679204745
1784,CC(C)CN(C[C@H](Cc1ccccc1)NC(=O)OCc1cncs1)C[C@H](Cc1ccccc1)NC(=O)OCc1nccs1,0.15972796205809522,3.736960928845142
1785,COc1cc(OC)cc(C(=O)N[C@@H](CCCNC(=O)c2cccc(OCC(=O)O)c2)C(=O)N[C@@H](Cc2ccc([N+](=O)[O-])c(O)c2)C(N)=O)c1,0.06308072875337417,3.5186953415141424
1786,CC(=O)Nc1nc(OCc2ccc(I)cc2)c2ncn(C3O[C@H](O)[C@@H](O)[C@H]3O)c2n1,0.34865323899683903,3.82813304973092
1787,COc1ccc(-c2nc(COc3ccc(OCC(=O)O)c(C)c3)sc2-c2cc3ccccc3o2)cc1,0.24380304299468916,2.5054161331319413
1790,c1ccc(Oc2ccc(N3CCNCC3)cc2)cc1,0.9111737749968406,1.6949882147795776
1791,CCN(CC)C(=O)[C@@H]1C=C2c3cccc4[nH]cc(c34)C[C@H]2N(C(=O)Nc2cccc(C)c2)C1,0.6084656393573193,3.5552154831932663
1792,COc1cc(C[C@H]2CO[C@H](O)[C@@H]2Cc2ccc(O)c(OC)c2)ccc1O,0.733486766147375,3.4478151887312514
1793,CC(=O)OC[C@H](CCC(N)=O)NC(=O)[C@@H]1[C@@H]2C[C@@H]2CN1C(=O)[C@H](CC(C)C)NC(=O)/C=C/c1ccc(OP(=O)(O)O)cc1,0.10564875534230511,4.3147128329005975
1794,CC(C)C[C@H](NC(=O)/C=C/c1ccc(OP(=O)(O)O)cc1)C(=O)N1C[C@H]2C[C@H]2[C@H]1C(=O)N[C@@H](CCC(N)=O)COCc1ccccc1,0.12404151268811342,4.284560719171876
1795,O=c1[nH]c(=O)n([C@@H]2O[C@H](COP(=O)(O)OP(=O)(O)O)[C@@H](O)[C@H]2O)cc1F,0.2626647310950943,4.140304523931511
1796,COC1=CC(=O)c2c(CCNC(=O)OCc3ccccc3)n[nH]c2C1=O,0.8172590550028322,2.6874199260540976
1797,O=C(c1ccc(N2CCOCC2)nc1)N1CCC(NS(=O)(=O)c2cc(S(=O)(=O)c3ccccc3)ccc2C(F)(F)F)CC1,0.4179352969342876,2.757139469735529
1799,COC(=O)N1CCN(C2CCN(c3cc(C)c4nc(-c5c(NCCc6ncn(C)c6Cl)cc[nH]c5=O)[nH]c4c3)CC2)CC1,0.29072853162122103,3.365104650452815
1800,CC(C)[C@H](NC(=O)[C@H](CS)NC(=O)CS)C(N)=O,0.38742772820135574,3.234056561289374
1802,O=C(Nc1ccccc1)c1cnn2ccccc12,0.7442286436732869,1.8399144100267488
1803,CC(C)(C)[C@H](NC(=O)NC1(Cc2ccccn2)CCCCC1)C(=O)N1C[C@H]2[C@@H]([C@H]1C(=O)NC(CC1CC1)C(=O)C(N)=O)C2(C)C,0.27740289379555244,4.425133056951757
1805,CC(=O)CSc1cnnn1-c1ccccc1,0.757210175418885,2.45585984658579
1806,Cc1cc(C#N)nc(C)c1C(=O)N1CCC(C)(N2CCC(N3C(=O)N(CC4CCOCC4)C[C@H]3c3ccccc3)CC2)CC1,0.468130573398304,3.797161396503495
1808,C=C(C)[C@@H]1CC[C@]2(C(=O)O)CC[C@]3(C)[C@H](CC[C@@H]4[C@@]5(C)CC[C@H](OC(=O)Nc6ccccc6)C(C)(C)[C@@H]5CC[C@]43C)[C@@H]12,0.3507938470295976,4.688859715907497
1809,COc1cc([C@H]2OC[C@H]3[C@@H]2CO[C@@H]3c2cc(OC)c(O[C@@H]3O[C@H](CO)[C@@H](O)[C@H](O)[C@H]3O)c(OC)c2)ccc1O,0.3123904133932357,4.5489381091034575
1814,CS(=O)(=O)Nc1ccc2c(c1)S(=O)(=O)N=C(C1=C(O)[C@@H]3[C@@H]4CC[C@@H](C4)[C@@H]3N(Cc3ccc(F)cc3)C1=O)N2,0.5097788452650995,4.880425170281773
1815,Clc1cc2nc(NCCc3ccc(NC4=NCCCS4)cc3)sc2cc1Cl,0.5018267421014077,2.6284755236685964
1816,NC(=O)C[C@H](NC(=O)CS)C(=O)N[C@@H](Cc1ccccc1)C(N)=O,0.344042544462046,2.868309334193576
1817,CO[C@H]1CC[C@H](C(=O)N2CCC(N3CCN(C(=O)c4cc(-c5ccccc5)nc(-c5ccccc5)c4)CC3)CC2)CC1,0.4015297196715605,2.5873952307062087
1818,CCc1ccc(N(O)C(C)=O)cc1,0.5567994493838666,2.130210739019816
1819,N#CCc1c(C(=O)N2CCc3ccccc3C2)nn(-c2ccccc2Cl)c1-c1ccc(Cl)cc1,0.34903092040282646,2.52228894171658
1821,O=C(C1=C(O)c2ccccc2S(=O)(=O)N1Cc1ccccc1)c1ccccc1,0.6823682117916811,2.2829742754318936
1823,CC(C)OC(=O)C1=CN(C(=O)c2cccc(OCCCN3CCN(C)CC3)c2)CC(C)(C)c2c1[nH]c1ccccc21,0.31278956048292783,2.944134542563317
1824,CC(=C\c1ccccc1)/C(C)=N/O,0.418110000251724,2.330278211547288
1825,COc1ccc(C[C@H](C)CN2C[C@@H]3CCCC[C@@H]3[C@H](C(=O)N3CCN(c4ccc(F)c(F)c4)CC3)C2)cn1.O=C(O)/C=C/C(=O)O,0.3846677502281348,4.097910047419786
1826,O=C(O)/C=C/C(=O)Nc1ccc(Cl)c(Cl)c1,0.8205290539112386,1.8925867579959164
1827,Oc1ccc(Nc2nc(-c3ccc(Cl)cc3)cs2)cc1,0.6754798405126272,1.8156200394232673
1829,CN1CC[C@]23CC(=O)CC[C@@]2(O)[C@H]1Cc1ccccc13,0.7800865508717431,4.361352986275193
1831,CC[C@H]1CN2CC[C@H]1C[C@H]2[C@@H](O)c1cc(OCCCN(C)C)nc2ccc(OC)cc12,0.6156669336531793,4.610232766612569
1833,CC(C)C[C@H](NC(=O)/C=C/c1ccccc1)C(=O)N[C@@H](Cc1ccccc1)C(=O)N[C@@H](Cc1ccccc1)C(=O)Nc1ccc([N+](=O)[O-])cc1Cl,0.06455442830984208,3.5667748181878993
1834,CC(C)C[C@H](NC(=O)/C=C/c1ccccc1)C(=O)N[C@@H](Cc1ccc(Br)cc1)C(=O)N[C@@H](Cc1ccccc1)C(=O)OCc1ccccc1,0.09429525205147575,3.4650713577703227
1838,CCCCc1nc(Cl)c(C(=O)Oc2ccc3c(c2)CCC3)n1Cc1cccc2c1ccn2-c1ccccc1-c1nn[nH]n1,0.14713618842874296,3.0509805014311038
1839,CC(=O)[C@]1(OCCCCCCNC(=O)[C@H](CCC(N)=O)NC(=O)[C@@H](C)N)O[C@@H](CO)[C@H](O)[C@@H](O)[C@H]1O,0.09291612136466276,4.419869687605994
1840,C[C@H](NC(=O)Cc1ccccc1)C(=O)N[C@H](C)C(=O)O,0.6981655676673271,2.4253067634648175
1841,COc1ccccc1C1=C(Nc2ccccc2)C(=O)NC1=O,0.8481414738850179,2.067105774769175
1842,Cc1cn([C@H]2C[C@H](n3cc(-c4ccccn4)nn3)[C@@H](CO)O2)c(=O)[nH]c1=O,0.6624071838795158,3.7287496860943214
1843,CCn1cc(-c2ccnc3[nH]c(-c4cccc(CN5CCOCC5)c4)cc23)c(-c2ccc(NC(=O)N(C)C)cc2)n1,0.271571109099383,2.8391941573906827
1844,CCOC(=O)CNC(=O)C(=O)C(COCc1ccccc1)NC(=O)[C@H](CC1CCCCC1)NC(=O)c1cncc(C)n1,0.20999841927675836,3.502766618789993
1846,O=C(O)/C=C/C(=O)O.Oc1ccc2[nH]cc(CCC3CCNCC3)c2c1,0.5222589112482079,2.5665344420453255
1848,O=S(=O)(O)OC[C@H]1OCC[C@@H](OCc2ccccc2)C1OS(=O)(=O)O,0.5887558497910038,3.599336307781245
1849,N#Cc1cc(Cl)cc(Oc2c(F)c(CCc3cccc(Cl)c3)[nH]c(=O)c2Br)c1,0.48316191971281314,2.7938637576804144
1850,NC(=O)CCc1ccc(S(=O)(=O)NCc2ccccc2)cc1,0.812043827517854,1.7118829105366302
1851,CCCCCCCCCCCCCC(=O)NCC(NC(=O)CCCCCCCCCCCCC)C(=O)NCCNC(=O)C(O)C(O)C(O[C@@H]1O[C@H](CO)[C@H](O)[C@H](O)[C@H]1O)C(O)CO,0.03895494100053919,5.094742542347353
1852,Cc1ccccc1NC(=O)Nc1ccc([N+](=O)[O-])cc1O,0.457496033555937,1.8656537000077655
1854,CCN(CCCCCCNc1ccc(CCc2ccc(NCCCCCCN(CC)Cc3ccccc3OC)cc2)cc1)Cc1ccccc1OC,0.06022991442375694,2.7098572146965108
1855,COC(=O)c1ccc2c(=O)n(Nc3nc(C)cc(C)n3)[n+](SCc3cccc(Cl)c3)cc2c1,0.3307208377764091,3.089070822073058
1856,Cc1cc(C)c(Oc2ccnc(Nc3ccc(C#N)cc3)n2)c(C)c1,0.7430789007121171,2.2651821137497734
1859,CCOC(=O)c1c(-c2ccc(OC)cc2)[nH]c2cc(OC)ccc2c1=O,0.7115789462628951,2.0813557276090773
1861,O=C(O)Cc1cccn(C(F)F)c1=O,0.7923959265978767,2.6009400451515976
1862,CN(C)Cc1cccc(-c2cc3c(-c4cnn(C)c4)ccnc3[nH]2)c1,0.6203019709122003,2.507564697715104
1863,O=C(NCC1CCNCC1)c1ccncc1-c1cccc(Cl)c1,0.9057621157007713,2.2181214032838223
1865,Nc1ccc(-n2cc(-c3cccc(NC(=O)CCCCCCC(=O)NO)c3)nn2)cc1,0.1713154867130495,2.3661650692030882
1867,COc1ccc(C(=O)O/N=C2/C=C(C)C(=O)C=C2C)cc1,0.48633232661837605,2.4367048936417177
1870,COc1ccc(CC2COc3c(C)c(O)c(C)c(O)c3C2=O)c(O)c1,0.7922323565487187,3.224342994878807
1873,COc1cc2nc(N3CCN(C(=O)C4COc5cccc(OC)c5O4)CC3)nc(N)c2cc1OC,0.576486171395463,3.066164979862533
1874,Nc1ncnc2c1ncn2[C@@H]1O[C@H](COS(=O)(=O)NC(=O)c2ccc(C(F)(F)F)cc2O)[C@@H](O)[C@H]1O,0.2693722120508578,4.036781197099675
1875,CC(C)Oc1ccccc1N1CCN(CCc2ccc(C(=O)C(=O)N3CCCCCC3)n2C)CC1.O=C(O)CCC(=O)O,0.29349693284522654,2.886743083848689
1877,Cc1cc(=O)oc2cc(OC(C)(C)[C@@H](COC(=O)[C@@]34CC[C@@](C)(C(=O)O3)C4(C)C)OC(=O)[C@@]34CC[C@@](C)(C(=O)O3)C4(C)C)ccc12,0.21981485207782223,5.8930029293925
1878,CNC(=O)Nc1ccc(-c2nc(N3CC4CCC(C3)O4)c3cnn([C@H]4CC[C@H](O)CC4)c3n2)cc1,0.5285522472357107,4.3038104785740945
1883,CC[C@@H]1C/C=C\C(=O)[C@@H](O)[C@@H](O)C/C=C/c2cc(OC)cc(O)c2C(=O)O1,0.6765653741858689,4.394768230729154
1884,Cc1ncccc1OC(C)C1=NCCN1,0.8050643851418468,3.2695682111901805
1885,O=C1NCC(O)c2ccc(c(Br)c2)Oc2cc(ccc2O)CCNC(=O)/C(=N/O)C(O)c2cc(Br)c(c(Br)c2)Oc2cc(cc(Br)c2OS(=O)(=O)O)C/C1=N\O,0.06548512524838547,6.796569460054249
1886,CC(C)NC[C@H](O)c1ccc(NS(C)(=O)=O)c(O)c1,0.5802550689237785,2.7489867836746456
1887,O=S(=O)(c1ccc(Br)cc1)N1CCN(Cc2ccc3cccnc3c2O)CC1,0.6449335852606132,2.1882527369703553
1888,O=P1(O)OC[C@@H](O)[C@H](CO)OP(=O)(O)O1,0.4368536492682466,5.098341290488109
1889,C[C@@H](NCc1ccc(OCCc2ccccc2)cc1)C(N)=O,0.7855473461831136,2.197145109424797
1890,Nn1c(S)nnc1COc1ccc(Cl)cc1Cl,0.6716059618370677,2.440176238141703
1891,CC(C)=CCOc1ccc(C2CC2c2nnc3c4ccccc4cnn23)cc1,0.46926810209488196,3.3671236534489877
1892,N#Cc1cccc(-c2ccc3c(cnn3-c3ccc(F)cc3)c2)c1,0.5378906772912421,2.0657906061878215
1893,NC(=O)c1ccc2c(ccn2CC(=O)COc2ccc(-c3ccccc3)cc2)c1,0.5222048299608496,2.126817119323423
1894,CCC(=O)N1C[C@H]2[C@H](N3CCCC3)CC[C@@H]1CN2C(=O)Cc1ccc(Cl)c(Cl)c1,0.721678475112568,4.198356402915499
1896,Cc1cc(=O)oc2c([C@H](COC(=O)[C@@]34CC[C@@](C)(C(=O)O3)C4(C)C)OC(=O)[C@@]34CC[C@@](C)(C(=O)O3)C4(C)C)c(OC(C)C)ccc12,0.21207885531850787,5.9172895298887775
1899,COc1ccccc1-n1c(Nc2nc(-c3ccc([N+](=O)[O-])cc3)cs2)n[nH]c1=S,0.26076799325424377,2.565721826062468
1900,CC1(C)OC(=S)Nc2ccc(-c3ccc(C#N)n3CCCF)cc21,0.8387440668117107,3.305191012945242
1901,Nc1nc2c(c(N3CC4CCCNC4C3)n1)CCCCC2c1ccccc1,0.8027467214428148,3.599193449830585
1902,CCCCCCCCCCCCCCO/N=C(/c1ccc(Cl)cc1)c1ccc(OC(C)(C)C(=O)O)cc1,0.11184425764047912,2.5240070545098057
1904,Cc1ccc(N2/C(=N/c3ccc(C#N)c(C(F)(F)F)c3)S/C(=N\C(=S)Nc3ccc(C#N)c(C(F)(F)F)c3)C23CCC3)cc1,0.22717977012359925,3.9657899406865846
1905,CN1CCN(CCN2CCCN(C(=O)c3ccc(NC(=O)c4ccccc4-c4ccccc4)cc3)c3ccsc32)CC1,0.3012897837119167,2.673088288867559
1906,Cc1cnc2c(C(F)(F)F)cccc2c1-c1cccc(Oc2cccc(S(=O)(=O)CCC(C)(C)O)c2)c1,0.28021307921592575,2.763649885796168
1907,C=c1cccc/c1=C(\C=C\C(=O)OCCCN(C)CCCOC(=O)/C=C/c1cc(OC)c(OC)c(OC)c1)c1ccccc1C,0.13072626548216343,3.1977539889300504
1908,CC(C)CC(=O)OC(C)c1ccc2ccccc2c1,0.7532745223372312,2.386119793834297
1909,CC(C)c1c(S(=O)(=O)N2CCN(C)CC2)c(-c2ccccc2)c(-c2ccc(F)cc2)n1CC[C@@H](O)C[C@@H](O)CC(=O)O,0.2868657442836953,3.5498812366265167
1910,CC[C@H](C)[C@H](NC(=O)N(Cc1ccccc1)C[C@@H](O)[C@H](Cc1ccccc1)NC(=O)[C@@H](NC(=O)OC(C)(C)C)C(C)C)C(=O)N[C@H](C(=O)OC)C(C)C,0.1383590340141501,4.219265708974961
1911,CC1CCC[C@H]2[C@](C)(CC3=CC(=O)C(Cl)=CC3=O)[C@@H](C)CC[C@]12C,0.621066488971019,4.336616192095182
1912,CC1(C)[C@H](O)CC[C@@]2(C)[C@@H]3CC[C@](C)([C@@H](O)CO)C=C3CC[C@H]12,0.6838166958292522,4.61609040902335
1913,CCCCCCCCn1cnn(-c2ccc(S(=O)(=O)Nc3ccc(CCNC[C@H](O)c4cccnc4)cc3)cc2)c1=O,0.1543913574365542,3.1891503072695926
1914,O=C(Nc1cccc2cc(S(=O)(=O)O)ccc12)c1cc(NS(=O)(=O)c2ccc(F)cc2)cc(C(=O)Nc2cccc3cc(S(=O)(=O)O)ccc23)c1,0.10991463644532426,2.7875223504356903
1915,CC(C)Oc1cccc(CC(=O)N2CCCC(CCN3CCC4(CC3)OCc3ccccc34)(c3ccc(Cl)c(Cl)c3)C2)c1.O=C(O)C(=O)O,0.24144992276147537,4.037207984865855
1916,CC(=O)N[C@@H](CCCCNCc1cccc(OCC(=O)O)c1)C(N)=O,0.4032422922916508,2.5408426014103824
1917,O=P(O)(O)c1ccc(Cc2ccc(P(=O)(O)O)cc2)cc1,0.6195896859407626,2.5480765296902916
1918,C[C@@H](O)[C@H]1C(=O)N2C(C(=O)O)=C(c3cc(C#N)c4oc5ccccc5c4c3)C[C@H]12,0.6669439812421849,3.7446847385736186
1919,O=C(CCCN1CCN(c2cccc(Cl)c2)CC1)NCc1nc2ccc(F)cc2c(=O)n1-c1ccccc1,0.36349428510480636,2.3775686941595513
1920,CCCCC(=O)NC(=S)Nc1nc2ccccc2s1,0.8493147869444932,2.0241899691655423
1921,CN[C@@H]1CCN(c2nc(N)nc3c2CCCC3c2ccccc2)C1,0.9072677406451776,3.2437202555798805
1922,COc1cccc(N/N=C2\C(=O)NN=C2c2ccc(OC)c(OC)c2)c1,0.7742658214768317,2.5186727327069036
1925,CCOc1ccc(OC)cc1CCCNC(C)=O,0.7554093116799623,1.7930335798380685
1926,C=C1CC[C@H](C(C)C)[C@@H]2[C@H]1[C@H]1CC(=C)[C@@H](OC(C)=O)CC[C@@](C)(O)[C@@H]2O1,0.595102992032002,5.8977057082474404
1928,COC(=O)/C=C/C(=O)N[C@H]1C[C@@]23C=C[C@]1(OC)[C@@H]1Oc4c(O)ccc5c4C12CCN(C)[C@@H]3C5,0.40269288208507914,6.504905136914313
1929,CC(c1ccc(Cl)cc1)c1c2n(c3cc(F)cc(S(C)(=O)=O)c13)CCC2CC(=O)O,0.59742606416728,3.6416559951830516
1931,C[C@@]1(O)[C@@H](CO)OC(n2cnc3c(NC4CCCC4)ncnc32)[C@@H]1O,0.6159788777392491,3.8793466484642174
1932,C[n+]1c2ccccc2c(Nc2ccc(F)cc2F)c2[nH]c3ccccc3c21,0.41028755377327325,2.587561464796602
1934,COc1ccc(/N=C(C)\C(C)=N\c2ccc(OC)cc2)cc1,0.7573645036462553,2.3053911379258754
1935,C=C1/C(=C\C=C2/CCC[C@]3(C)C([C@H](C)CCCS(C)(=O)=O)=CC[C@@H]23)C[C@@H](O)C[C@@H]1O,0.6033868902071007,4.6236481843012855
1936,CC1=C(C#N)c2nc(N)c(C#N)c(C)c2/C1=C/c1ccc(-c2ccccc2C(=O)O)o1,0.6430199271995333,2.867168283208837
1937,Cc1ccccc1-c1ncnc2c1ncn2C1O[C@H](CO)[C@@H](O)[C@H]1O,0.6316958106651573,3.4797700504143796
1938,CC(C)c1ccc(-c2cc(-c3ccc4c(c3)CCCC4)nc(Cl)c2C#N)cc1,0.4567008650248959,2.353889083124203
1939,Cc1nc(-c2nc(COc3c4cccc3Cc3cccc(c3O)Cc3cccc(c3Oc3nc(-c5nc(C)c(C(=O)O)s5)sc3C(=O)O)Cc3cccc(c3O)C4)c(C(=O)O)s2)sc1C(=O)O,0.07044737623165745,5.7893457797106755
1940,CC1C2c3ccccc3C(c3ccccc32)C1CN,0.822294522475976,3.8334331174335112
1941,O=C(N[C@@H](Cc1ccccc1)C(=O)N[C@@H](Cc1ccccc1)C(=O)N[C@@H](Cc1ccc(O)cc1)C(=O)O)OCc1ccccc1,0.14586000698776383,3.1626374983865295
1943,Nc1ccc2c(O)c(/N=N/c3ccc4c(O)cc(S(=O)(=O)O)cc4c3)c(S(=O)(=O)O)cc2c1,0.16007348381414682,3.0309641223211967
1945,CC(C)CCNc1cc(Cl)nc(SC(C(=O)O)c2cccc3ccccc23)n1,0.28066696294176435,2.9807402163609886
1946,O=C(CCCCC(c1ccccc1)c1ccccc1)N1CCN(C/C=C/c2ccccc2)CC1,0.34017971687299875,2.206208205903595
1947,COc1cccc(CCN2CCN([C@@H](Cc3ccccc3)CN3CCCC3CN3CCNC[C@@H]3Cc3ccccc3)C[C@@H]2Cc2ccccc2)c1,0.16409901616311556,4.082082305834682
1950,O=C(NCc1ccc(OCC2CCCCC2)c(Cl)c1)c1ccc(OP(=O)(O)O)cc1,0.5002145534403963,2.2504394626024435
1951,CC1=C(C(=O)Nc2cccc([N+](=O)[O-])c2)C(c2ccc(O)cc2O)NC(NN2C(=O)/C(=C\c3ccco3)SC2=S)=N1,0.12103817664905776,3.7282546426603957
1953,CCCN(CCC)CCCCC(C)Nc1c2ccc(Cl)cc2nc2ccc(OC)cc12.Cl,0.21526027491919505,2.964556256703368
1954,N#Cc1cc(F)cc(C(=O)Nc2ccccn2)c1,0.8770766572678491,2.0013068287068467
1955,Nc1ccc2c(S(=O)(=O)O)c(/N=N/c3ccc(-c4ccc(/N=N/c5c(S(=O)(=O)O)cc6cc(S(=O)(=O)O)cc(N)c6c5O)cc4)cc3)c(O)cc2c1,0.04764836463371867,3.6620469072949184
1958,CC1(C)O[C@@H]2[C@H](O1)[C@H](CNCCNc1ncccn1)O[C@@H]2CC(=O)NCCc1c[nH]c2ccccc12,0.29871670156584906,3.9331270055769103
1960,COc1ccc(N2CCN(c3ccc(S(=O)(=O)C4(C(=O)NO)CCN(C5CC5)CC4)cc3)CC2)cc1,0.4287898431697375,2.5989000958886415
1961,CC(C)CC(CP(=O)(O)C(Cc1ccccc1)NC(=O)[C@H](CC(C)C)NC(=O)OCc1ccccc1)C(=O)N[C@@H](Cc1c[nH]c2ccccc12)C(=O)O,0.06089848215647247,4.221954949763522
1965,O=C(COc1cccc(F)c1C(=O)NCCCCO)N[C@H](CO)Cc1ccccc1,0.39019456115263956,2.644444795965242
1966,COc1cc2c(cc1Br)CC[C@@H]1[C@@H]2CC[C@]2(C)[C@@H](O)CC[C@@H]12,0.7834725369045293,3.67554171379736
1969,c1ccc(CNCCCCCCNCCSSCCNCCCCCCNCc2ccccc2)cc1,0.08995241248384034,2.3148592644325827
1970,Cc1cc(C#N)cc(C)c1Oc1nc(NC2CCN(Cc3ccc(S(C)(=O)=O)cc3Cl)CC2)ncc1Br,0.3684745597035681,2.859839812431497
1971,Cc1c(C)c2c(c(C)c1OCc1ccccc1)C(CN1CCC[C@H]1COc1ccc(CC3SC(=O)N(C(=O)CC(O)C(=O)O)C3=O)cc1)C(C)(C)O2,0.21525677217959238,4.594632095172466
1972,CC(C)n1c(CC[C@@H](O)C[C@@H](O)CC(=O)O)c(-c2ccc(F)cc2)c(-c2ccccc2)c1C(=O)NCc1ccccc1,0.1572588287069849,3.3720931819576325
1973,O=C(O)CCCOc1cccc(CCCCCCOc2cc(-c3ccc4c(c3)OCCO4)cc(-c3ccc4c(c3)OCCO4)c2)c1CCC(=O)O,0.09873196375627336,2.990173968037359
1974,C[C@H]1CC[C@H]2[C@@H](C=C[C@@H]3COC(=O)[C@@]32C)C1,0.46328705435061424,4.3737086681872235
1978,CN(C)CCOc1ccc(NC(=O)Nc2ccc(-c3nc(C4CCOCC4)nc(N4C5CCC4COC5)n3)cc2)cc1,0.3848598767455237,4.2711824201362685
1979,C[C@@H]1COCCN1c1nc(-c2ccc(NC(=O)Nc3ccc(N4CCN(C)CC4)nc3)cc2)nc(C2CCOCC2)n1,0.4536376379238028,3.3544956749839177
1980,CCNC(=O)[C@H]1O[C@@H](n2cnc3c(NCC(c4ccccc4)c4ccccc4)nc(C(=O)NCCNC(=O)NCCN4CCc5ccccc5C4)nc32)[C@H](O)[C@@H]1O,0.0764975985386878,4.371344832227679
1981,CCNC(=O)[C@H]1O[C@@H](n2cnc3c(NCC(c4ccccc4)c4ccccc4)nc(C(=O)NCCNC(=O)NCCc4ccccc4)nc32)[C@H](O)[C@@H]1O,0.07847576883453346,4.154958561387443
1982,C(=NNC1=NCCCN1)c1ccc2nc(-c3ccccc3)cn2c1,0.5749861575382297,2.704628957836171
1983,Nc1nccc(-c2cnc3ccccc3c2)n1,0.6855719789009369,2.0209118126097856
1984,Cc1cc(C(=O)N2CCC(N3CCN(C(=O)c4cc(-c5ccccc5)nc(-c5ccccc5)c4)CC3)CC2)c(C)o1,0.32064023443925566,2.5340668141456923
1985,CCN(CC)CC(=O)Nc1ccc2ncn(CCc3c[nH]c4ccccc34)c(=O)c2c1,0.4603054775089049,2.353330151311992
1990,N=C(N)c1ccc(CC2NC(=O)N(CC(=O)N[C@@H](CC(=O)O)C(=O)N[C@H](C(=O)O)c3ccccc3)C2=O)cc1.O=C(O)C(F)(F)F,0.08565558030449273,3.780052267010908
1992,COc1ccc2c(Nc3c(Cl)cncc3Cl)cc(=O)oc2c1OCCCCCCCC(=O)O,0.23079707603143082,2.6800658592939026
1993,C[C@]12O[C@@H]3OC(=O)[C@H]1[C@H](C[C@@H]2O)[C@H]3CO,0.5623750835517584,5.88822883499623
1995,COc1cc(Cc2cnc(/N=C3\C(=O)N(CN4CCN(c5ccc(F)cc5)CC4)c4ccc(Cl)cc43)nc2N)cc(OC)c1OC,0.27595342152929747,3.033812992705858
1996,CC[C@H](COc1nc(N)c2ncn(C3O[C@H](CO)[C@@H](O)[C@H]3O)c2n1)c1ccccc1,0.4348513220829784,3.8812208319119232
1999,N=C(N)Nc1ccc(CCCCCCc2ccc(NC(=N)N)cc2)cc1,0.23407614597921625,2.194022218195382
2000,Br.Br.CCCCCCCCN=c1ccn(CCCCCCCCCCCCCCn2ccc(=NCCCCCCCC)cc2)cc1,0.07390638038543697,3.0604964202416234
2001,COC(=O)[C@]1(C)[C@@H](OS(=O)(=O)O)CC[C@]23C[C@]24CC[C@]2(C)[C@@H]([C@H](C)CC(=O)C=C(C)C)CC[C@@]2(C)[C@@H]4CC[C@@H]13,0.21875128859251033,5.840414396056064
2003,COc1ccc(CCN(C)CCCC(CNCC2=CC(C)(C)NC2(C)C)(c2ccc(OC)c(OC)c2)C(C)C)cc1OC,0.20983497192813222,3.7738153659805604
2006,C[C@H]1[C@@H](CC(=O)NCCCN(CCCCNC(=O)OC(C)(C)C)C(=O)OC(C)(C)C)O[C@@H]2O[C@@]3(C)CC[C@H]4[C@H](C)CC[C@@H]1[C@@]24OO3,0.21356655225886792,5.944347897465351
2007,CC(=O)NCC[C@@H](NS(=O)(=O)c1ccc(Br)cc1)C(=O)NO,0.3865719007186533,2.6772097397097667
2008,O=C(Nc1ccccc1)Nc1n[nH]c2cc(Cl)c(-c3ccccc3)cc12,0.44829761931663564,2.067436574483903
2009,Nc1nn(C2O[C@H](CO)[C@@H](O)[C@H]2O)c2nc[nH]c(=O)c12,0.39813741611480424,4.0863131440524985
2011,CN(C)CCCc1cn(Cc2cc(C(C)(C)C)cc(C(C)(C)C)c2)nn1,0.7683671301890586,2.4877899290240997
2012,O=S(=O)(c1ccc(Cl)cc1)C1CCOc2c(F)ccc(F)c21,0.8290864313449237,2.9393419388249047
2014,CN1CCC(NC(=O)Nc2ccc(-c3nc(N4CCOCC4)c4cnn(C5CCN(Cc6ccccc6)CC5)c4n3)cc2)CC1,0.31835102685050815,2.801851275149838
2015,C=C1C(=O)O[C@@H]2C[C@]34O[C@H]3CC[C@H](C)[C@@]4(C)C[C@]12O,0.40969202168590463,5.532693975173675
2018,Nc1ncnc2c1ncn2[C@@H]1O[C@H](COP(=S)(S)NCCNP(=S)(S)OC[C@H]2O[C@@H](n3cnc4c(N)ncnc43)[C@H](O)[C@@H]2O)[C@@H](O)[C@H]1O,0.04236510484089066,5.604864198283143
2020,CC(C)(O)c1ccccc1CC[C@@H](SCC1(CC(=O)[O-])CC1)c1cccc(/C=C/c2ccc3ccc(Cl)cc3n2)c1.[Na+],0.2381111238002545,3.8448821376769455
2021,COc1ccc(C(=O)/C=C/c2ccc(OCc3cn(CC(O)CN4C(=O)C(=O)c5cc(Cl)ccc54)nn3)cc2)c(OC)c1,0.1449810657546734,3.285292453633115
2022,COc1ccc(/C=C/C(=O)c2ccc(OCc3cn(CC(O)CN4C(=O)C(=O)c5cc(Cl)ccc54)nn3)cc2)cc1,0.16241385051467724,3.1692413882225257
2023,O=C(Cc1ccccc1)Nc1cccc(-c2nc3sccn3c2-c2ccnc(Nc3ccc(N4CCOCC4)cc3)n2)c1,0.2163402639722269,2.7014314973102245
2026,Cl.N[C@H](C(=O)N[C@H]1CCC(=O)N(CC(=O)O)C1=O)C1CCCN1,0.42951400984915505,3.8260006436902314
2027,COc1cc2c3cc1Oc1c(O)c(OC)cc4c1[C@H](Cc1ccc(OC)c(c1)-c1cc(ccc1O)C(=O)[C@H]3N(C)CC2)N(C)CC4.Cl,0.25544538563830044,5.755143207929137
2028,CC(NS(N)(=O)=O)c1csc2ccccc12,0.8778830685691674,2.875652595218739
2029,NC(=O)c1cccc(NC(=O)CCCCC(=O)Nc2cccc(C(N)=O)c2)c1,0.4916519769939435,1.892051331644911
2030,CCC(C)C1(CC(=O)O)OCCc2c1[nH]c1c(Cl)ccc(Cl)c21,0.8300174873155153,3.8668527190691897
2031,O=C(NCc1ccc(-c2ccc(Cl)cc2)cc1F)N1CCNCC1,0.8947332684949415,2.0580448441237973
2032,COc1ccc(C2NC(c3ccc(OC)cc3)C3CCCC2C3=NOCc2ccccc2)cc1,0.43799599821431107,4.2283912972693445
2034,[Br-].[Br-].c1cc(C[n+]2ccc(N3CCCCC3)cc2)ccc1CCc1ccc(C[n+]2ccc(N3CCCCC3)cc2)cc1,0.23214042274921537,2.7988354492616523
2035,O=C(/C=C/c1cccc([N+](=O)[O-])c1)c1ccc2ccccc2c1,0.3050457160407786,1.926280332414395
2036,Cc1csc(COc2ccc(F)c(C(N)=O)c2F)n1,0.9372354852863017,2.3272279376073577
2038,O=C(Nc1ccc(Cl)cc1)Nc1ccc(C(=O)NCCN2CCOCC2)cc1,0.6931432531528989,1.8618263480814647
2040,NC(=O)CCC(NS(=O)(=O)c1ccc(Cl)c2ccccc12)C(N)=O,0.6679448554196351,2.652841200353164
2042,CC(C)(C)c1ccc(C(=O)N[C@@H]2CC[C@@]3(O)[C@H]4Cc5ccc(O)c6c5[C@@]3(CCN4CC3CC3)[C@H]2O6)cc1.O=C(O)C(=O)O,0.336516260379535,5.326971960650731
2043,O=C1CC2NCCc3cccc(c32)N1,0.6423120711514655,3.0654958517334485
2045,CC(=O)N(C)Cc1ccc(Cl)c(CN(C(=O)C(CN)Cc2ccc(CCCOc3c(Cl)cc(C)cc3Cl)cc2)C2CC2)c1,0.1876419202402322,3.291795272415105
2046,CNC1=C(SC)C(=O)c2ncccc2C1=O,0.8342950422771676,2.8492121117119673
2047,O=C1NC(=S)S/C1=C\CC1Oc2ccccc2N(Cc2ccc(Cl)cc2)C1=O,0.5852522643203861,3.210085038658945
2048,CCCN(CCC)C(=O)c1cc(C)cc(C(=O)N[C@@H](Cc2cc(F)cc(F)c2)[C@H](O)[C@H]2CN(Cc3ccccc3)CCN2)c1,0.26259683227143943,3.738581713080422
2049,CC[C@]12CCCN3CCc4c(n(c5ccccc45)[C@H](OC)C1)[C@@H]32,0.8235257782487289,3.9265594624589344
2050,Cl.Nc1ccncc1-c1ccccc1O[C@H]1C[C@@H]2CNC[C@H]1C2,0.9068106917721177,4.378469050718097
2052,O=C1c2ccc(Br)cc2C(=O)N1c1ccc(O)cc1,0.8225920107326694,1.893583631478073
2053,CC(=O)N1CCc2c(c(-c3ccc(C(F)(F)F)c(SCC(=O)N4CCCC4)c3)nn2CC(O)CN2CCC(C(C)(C)O)CC2)C1,0.39519321476900376,3.6980413864393533
2054,CS(=O)(=O)N1CCc2c(c(-c3ccc(C(F)(F)F)c(SCC(=O)N4CCCC4)c3)nn2CCCN2CCC(N3CCCC3=O)CC2)C1,0.34572746879121374,3.251936059293394
2055,COc1ccc(C2C=C(C(=O)O)NC3=C2C(=O)CC(C)(C)C3)cc1,0.8924259978258902,3.163649860923364
2057,Cn1cnc2c(NCCCO)nc(-c3cccc(C(=O)N4CCC(c5ccccc5)CC4)c3)nc21,0.3985463687538686,2.519316325232767
2058,O=C(Nc1ccccc1)Nc1ccc(-c2n[nH]cc2-c2ccnc3[nH]ccc23)cc1,0.33436382190028624,2.5358332375782933
2059,OC[C@H]1O[C@@H](O[C@@H](CCc2ccc(O)cc2)C[C@@H](O)CCc2ccc(O)cc2)[C@H](O)[C@H](O)[C@H]1O,0.2453273228642851,4.0183903861527535
2061,CN1CC[C@]23c4c5cccc4O[C@H]2C(=O)CC[C@@]3(O)[C@H]1C5,0.773624773292128,5.0483692038901635
2062,CCCN1CCc2cccc3c2[C@H]1Cc1ccc2c(c1-3)OC(C)(C)C2,0.7722600541467735,3.238638922480617
2063,C[n+]1c2ccc(Cl)cc2cc2[n-]c3c([N+](=O)[O-])cccc3c21.Cl,0.29765114946235666,3.697526586160647
2064,C[n+]1c2ccccc2cc2[n-]c3cc([N+](=O)[O-])c(Br)cc3c21.Cl,0.27914907578531434,3.8184606520947124
2065,O=C(NC1CC1)c1ccc(Cl)c(Nc2nncc3c2cnn3-c2ccccc2Cl)c1,0.46864477386714026,2.5208720649385494
2068,COCCNCc1ccc(-c2ccc3c(Nc4ccc(Cl)cc4F)ccnc3c2)o1,0.3509658634213832,2.413259709130765
2069,CC(C)CN(C(=O)c1cc(Cl)cc(Cl)c1)[C@H]1CCNC1,0.9227797552698556,2.799668097080028
2070,COc1ccc2[nH]n(CC3(C)NC(=O)NC3=O)c(=O)c2c1,0.6883466614595888,3.3215562404231456
2072,Cn1c(=O)c2c(ncn2CC(=O)Nc2nc(-c3ccc(Br)cc3)cs2)n(C)c1=O,0.48625329621692115,2.4081897078460113
2073,CCCCCCCc1nc2c(N)nc3ccccc3c2n1Cc1ccccc1,0.4019626626084779,2.141172647852157
2077,Cc1cccnc1-c1ccccc1NCC1=NCCN1,0.893484413056258,2.5061087549742282
2078,CC(=O)N(Cc1ccccc1C(F)(F)F)CC(Cc1c[nH]c2ccccc12)NC(=O)CN1CCN(c2ccccc2)CC1,0.2698637143859951,3.1199859577699227
2079,CN[C@@H]1CCN(c2ncnc3c2oc2cc(Cl)ccc23)C1,0.7886829244635021,2.9594221011875934
2080,NC(Cc1nsnc1O)C(=O)O,0.5737923441803288,3.6855936707887347
2082,CC(C)(C)OC(=O)/N=C(/NC(=O)OC(C)(C)C)N1CCN(C[C@@H]2O[C@H](CC(=O)NCCc3c[nH]c4ccccc34)[C@@H]3OC(C)(C)O[C@@H]32)C1=O,0.2872579866104498,4.589350533290634
2083,COc1cc(CC(=O)NCCOC(=O)[C@@H](N)CCSC)ccc1O,0.4175423224247984,2.7173652455387476
2084,C=C(C)[C@@H]1CC[C@]2(C(=O)O)CC[C@]3(C)[C@H](CC[C@@H]4[C@@]5(C)C=C(OC(=O)n6ccnc6C)C(=O)C(C)(C)[C@@H]5CC[C@]43C)[C@@H]12,0.3723271314415834,5.255700306246842
2085,C=C(COC)[C@@H]1CC[C@]2(C(=O)n3ccnc3C)CC[C@]3(C)[C@H](CC[C@@H]4[C@@]5(C)CCC(=O)C(C)(C)[C@@H]5CC[C@]43C)[C@@H]12,0.36204427106593345,5.074456661955115
2088,O=C(CCc1ccc(F)cc1)N[C@@H](Cc1ccc(O)cc1)C(=O)NCC(=O)N[C@@H](Cc1ccc(O)cc1)C(=O)Nc1ccc(F)cc1F,0.12110602566339346,3.2984331706035714
2089,CC(NC(=O)CN(C(=O)[C@@H](NC(=O)c1ccc(C(=O)NS(=O)(=O)c2ccc(Cl)cc2)cc1)C(C)C)C1Cc2ccccc2C1)C(=O)C(F)(F)F,0.2551510410034311,3.7075487165072145
2090,CC(C)(C)CC(C)(CC(C)(C)C)SCC(=O)[C@H](Cc1ccccc1)NC(=O)[C@H](Cc1ccccc1)NC(=O)OCc1ccccc1,0.17434357768152833,3.5754295112783563
2092,COCC(=O)N1CCC(C(=O)N2CCC(N3CCN(C(=O)c4cc(-c5ccccc5)nc(-c5ccccc5)c4)CC3)CC2)CC1,0.40204076567159375,2.6314149041283326
2093,CCCCCCCCCCCCN(C(=O)c1ccc(F)cc1)[C@H]1CC[C@H]2[C@@H]3CC[C@H]4N(C)C(=O)CC[C@]4(C)[C@H]3CC[C@]12C,0.21349965375960622,4.319158872899322
2094,Oc1ccc(C2=Nc3ccccc3OC(c3ccccc3Cl)/C2=C/Nc2ccc(Cl)cc2)cc1,0.3072125241682565,3.1018813661395788
2096,Nc1nc2c(ncn2[C@H]2C[C@H](O)[C@@H](COP(=O)(O)CP(=O)(O)OP(=O)(O)O)O2)c(=O)[nH]1,0.20770447361946323,4.6601922745691855
2097,O=C(c1ccc(O[C@@H]2CCCC[C@H]2N2CCCCCC2)cc1)c1c(-c2ccc(OCCN3CCCC3)cc2)sc2ccccc12,0.16538908570414937,3.4318113419171388
2098,COC(=O)C1=CCCCC1C1=C(C)C2=Cc3c(C)cc(C)n3[B-](F)(F)[N+]2=C1C,0.5584163943675441,4.407688348375544
2099,CCOc1ccc(/C=C/C(=O)/C=C/c2ccc(OCC)cc2)cc1,0.6561481826140507,2.025339827401389
2100,Cc1cc2c(NCCCN3CCN(C(=O)c4cnccn4)CC3)nnc(-c3cccc([N+](=O)[O-])c3)c2n1C,0.21339137419720416,2.9194401306130047
2102,CCOC(=O)c1c(NC(=O)CN2CCN(c3ccccc3OC)CC2)sc2c1CCN(C)C2,0.6212994527378025,2.345945464383389
2105,CCCC(=O)Nc1n[nH]c2cc(-c3ccc(CC)cc3)ccc12,0.7272226960789637,2.0763957170297775
2106,C[C@H](CCC(=O)N/N=C/c1ccc(F)cc1)[C@H]1CC[C@H]2[C@@H]3[C@H](O)C[C@@H]4C[C@H](O)CC[C@]4(C)[C@H]3C[C@H](O)[C@]12C,0.31877729564828305,4.633881843126932
2107,FC1CCNCC1,0.47576574724486886,2.9125920480625407
2110,O=c1cc(CN2CCNCC2)nc2ccccn12,0.813782866753731,2.2705454695332783
2112,CCn1cc(-c2ccnc3[nH]c(CNCCN4CCOCC4)cc23)c(-c2ccc(NC(=O)Nc3ccccc3)cc2)n1,0.1740422856540368,2.8233756882502394
2113,CC(C)Nc1nc(-c2ccc(NC(=O)Nc3ccc(N4CCN(C)CC4)cc3)cc2)nc(N2C3CCC2COC3)n1,0.39505046262462956,4.160242415450821
2114,Oc1ccc(/N=C(/Cc2ccc(F)cc2)c2ccc(O)c(O)c2)cc1,0.49062595055342517,2.3522997735547566
2116,CCN(CC)c1nc2c(S(=O)(=O)c3ccccc3)nnn2c2cccc(Cl)c12,0.4949796181465052,2.671245908830141
2119,N#Cc1cc(Cl)cc(Oc2c(CCOc3cccnc3)c[nH]c(=O)c2Br)c1,0.6033429589864141,2.80475773006979
2121,C=CCNC(=O)C(=O)C(CCC)NC(=O)[C@@H]1CC2(CN1C(=O)[C@@H](NC(=O)N[C@@H](CN1C(=O)CC(C)(C)CC1=O)C(C)(C)C)C(C)(C)C)SCCS2,0.12528804216860973,5.212016074539228
2122,COC(=O)/C=C\C(=O)Nc1ccc(C)cc1,0.6210137092823638,1.7920079159077744
2123,N[C@H](Cc1ccc(O)cc1)C(=O)O,0.6277204469356521,2.1485924912578547
2125,CC(C)Nc1nc2cc3cc(Cl)c(Cl)cc3nc2n1C1O[C@H](CO)[C@@H](O)[C@H]1O,0.5056508688892702,3.889817760456591
2126,CCCN1CNc2c(c(=O)[nH]c(=S)n2CCc2ccc(C)cc2)C1,0.8187802239883568,2.685703392225312
2127,NC(N)=NCCCC(NC(=O)[C@@H]1CCCN1C(=O)C(N)c1ccc2c(c1)Cc1ccccc1-2)C(=O)CCC(=O)N1CCCCC1.O=C(O)C(F)(F)F.O=C(O)C(F)(F)F,0.06671362589733236,4.363266038208011
2128,CC(=O)[C@]1(OCCCCCCCCCCCCNC(=O)[C@H](CCC(N)=O)NC(=O)[C@@H](C)N)O[C@@H](CO)[C@H](O)[C@@H](O)[C@H]1O,0.0687640155709584,4.4683455513935835
2129,CCCCSC1=CC(=O)C(C[C@]2(C)[C@@H](C)CC[C@]3(C)C(C)=CCC[C@@H]23)=CC1=O,0.28351326470516447,4.424831346870176
2131,Cc1cccc(CSc2nc(Cc3ccccc3)cc(=O)[nH]2)c1,0.5710782903094895,2.2205723791736034
2132,CO[C@H]1OCC(S[C@H]2O[C@H](CO)[C@@H](O)[C@H](O)[C@H]2NC(C)=O)C[C@H]1O,0.3659011114559023,4.732919355521391
2135,CCOC(=O)[C@H]1O[C@@H]1C(=O)N(CC(C)C)NC(=O)[C@H](CC(C)C)NC(C)=O,0.3366694335537859,3.730667531629069
2137,COC1CCN(C(=O)C2CCN(c3ccnc4c3c(/C=C3\Oc5ccc(NC(=O)Nc6cccnc6)cc5C3=O)cn4C)CC2)C1,0.29671709965067594,3.576542084049148
2138,CC(C)C(=O)N1CCCCC1c1nnn(-c2cccc(Cl)c2)n1,0.8656982615991552,2.963638110165382
2139,CNC(=O)[C@H]1O[C@@H](n2cnc3c(NCc4ccc(CNC(=O)c5cc(C(C)(C)C)c(O)c(C(C)(C)C)c5)cc4)ncnc32)[C@H](O)[C@@H]1O,0.16653737323778597,4.100019806941026
2140,COC(=O)C1=C(C)NC(C)=C(C(=O)OCCCCCCCC[N+](C)(C)C)C1c1cccc([N+](=O)[O-])c1.[I-],0.08827887021300142,3.2853126029516435
2141,Nc1ncnc2c1ncn2C1O[C@H](COP(=O)(O)OP(=O)(O)OP(=O)(O)OC[C@@H]2O[C@@H](O)[C@@H](O)[C@H](O)[C@H]2O)[C@@H](O)[C@H]1O,0.10248472916698179,5.126234443083574
2142,COc1ccc(-c2ccc(Cn3c(CC(C)(C)C(=O)O)c(SC(C)(C)C)c4cc(OC[C@@H]5Cc6ccccc6N5C(C)=O)ccc43)cc2)nc1,0.13863758757854944,3.662253236935612
2143,CN1C/C(=C\c2ccc(Cl)cc2)C(=O)[C@]2(C1)[C@H](c1ccc(Cl)cc1)[C@@H]1CSCN1[C@@]21C(=O)Nc2ccc([N+](=O)[O-])cc21,0.22431013475770606,5.022199682324416
2144,CN1C/C(=C\c2ccc(F)cc2)C(=O)[C@]2(C1)[C@H](c1ccc(F)cc1)[C@@H]1CSCN1[C@@]21C(=O)Nc2ccc([N+](=O)[O-])cc21,0.2674636015634563,5.028208214968243
2145,CN1C/C(=C\c2ccc(Br)cc2)C(=O)[C@]2(C1)[C@H](c1ccc(Br)cc1)[C@@H]1CSCN1[C@@]21C(=O)Nc2ccc([N+](=O)[O-])cc21,0.2018874724079775,5.08461907469675
2146,CC(=O)Nc1ccc(/C=N/NC(=O)c2nc(-c3ccc(O)cc3)no2)cc1,0.46918776442580434,2.255099588211648
2147,N#Cc1cc(Cl)cc(Oc2c(COCc3ccncc3)c[nH]c(=O)c2Br)c1,0.5992217674370833,2.8148024853145444
2150,CC(C)(C)[C@H](NC(=O)NC1(Cc2ccccc2O)CCCCC1)C(=O)N1C[C@H]2[C@@H]([C@H]1C(=O)NC(CC1CC1)C(=O)C(N)=O)C2(C)C,0.23340841821020675,4.440896159120791
2151,C[C@]12CC/C(=N\OCCN)C[C@@H]1[C@@H](O[N+](=O)[O-])C[C@@H]1[C@@H]2CC[C@]2(C)C(=O)CC[C@@H]12.O=C(O)/C=C/C(=O)O,0.19333618832989655,4.85498155722545
2153,O=c1[nH]c2cc(NCCO)ccc2c(=O)n1-c1cccc(Cl)c1,0.679292141469094,2.1838046250448393
2155,CC(=O)N[C@@H]1CSSC(C)(C)[C@H](C(N)=O)NC(=O)[C@@H](CC(=O)O)NC(=O)CNC(=O)[C@@H](CCCN=C(N)N)N(C)C(=O)CNC1=O,0.05046009984756796,5.180423678766136
2156,C=C1C(=O)[C@@]23[C@H](O)C[C@@H]4C(C)(C)CCC[C@@]4(CO)[C@@H]2[C@@H](O)C[C@@H]1[C@H]3O,0.5298699881447083,6.181893342200178
2157,Cc1ccc(NC(=O)Nc2ccc(Oc3ccc(-c4nccs4)cc3)cc2)cc1,0.3982161968224384,1.949226369485027
2158,CN(C)CCN(C)C(=O)c1ccc2c(c1)/C(=C1/Nc3ccccc3C1=O)C(=O)N2,0.7831966057480696,2.621071759128064
2161,CCCNc1ccc(N2C(=O)c3ccc(C(=O)O)cc3C2=O)cc1-c1nc2cc(-c3ccc(F)c(Cl)c3)ccc2o1,0.1980513259062734,2.6943463462768467
2163,Cc1cccc(-c2nn(O)cc2C2CCNCC2)c1,0.8129189598313031,2.721047265202838
2164,N/C(=N\O)c1cccc(CSCCNC(=O)c2c(Cl)cccc2Cl)c1,0.21797467110494528,2.3100892581546635
2165,CC1(C)S[C@@H]2[C@H](/N=C/N3CCCCCC3)C(=O)N2[C@H]1C(=O)O.C[C@]1(Cn2cc(C(=O)O)nn2)[C@H](C(=O)O)C2C(=O)CC2S1(=O)=O,0.20068744429982216,5.272955274053606
2166,CCCC(CCC)C(=O)OC(Cn1ccnc1)c1ccccc1,0.6449868020563602,2.890981305431655
2167,[O-][S+](Cc1ccccc1-n1cccn1)c1nccn1-c1ccccn1,0.5194932395316776,3.620370731212425
2168,Cc1ccccc1CNC(=O)Cc1c(C)noc1C,0.9161216070401607,1.9383746329294524
2170,O=S(=O)(c1cccc(F)c1)c1ccc2c(c1)CCC[C@H]2CN1CC(O)C1,0.8928270757941946,2.8963249734494063
2171,CS(=O)(=O)Nc1ccc2c(c1)S(=O)(=O)N=C(C1=C(O)[C@@H]3C4CCC(CC4)[C@@H]3N(Cc3ccccc3F)C1=O)N2,0.4964903624613576,4.615058365645416
2175,CCNN(CC(=O)N1CSC[C@H]1C#N)C1CCN(S(C)(=O)=O)CC1.Cl,0.6180930277968523,3.805381402388769
2176,CC#CCOC(=O)NCc1cc(-c2sc(-c3cccnc3)nc2COC)n[nH]1,0.5944272522039659,3.133662245517364
2177,COc1ccc(-c2nc(O[C@@H]3C[C@H]4C(=O)N[C@]5(C(=O)NS(=O)(=O)C6CC6)C[C@H]5/C=C\CCCCN(C)C(=O)[C@@H]4C3)c3ccc(OC)c(C)c3n2)cc1,0.32270734058551476,5.0387707041133645
2178,CC(Oc1cccc2ccccc12)C(=O)OC1CC2CCC(C1)N2C.O=C(O)/C=C\C(=O)O,0.5027501165426042,4.15187795464132
2179,O=C(O)/C=N/OC1CCC(c2ccc(OCc3ccc4ccccc4n3)cc2)(c2ccc(OCc3ccc4ccccc4n3)cc2)CC1,0.11269632296298879,3.0999680313492606
2180,CN1CCC[C@@H]1Cc1c[nH]c2ccc(NS(=O)(=O)c3ccc(OC(F)(F)F)cc3)cc12,0.5763054849454694,2.8935218938851524
2181,CCCCCCCCCCCCCCCC(=O)N[C@@H](Cc1ccc(O)cc1)C(=O)N[C@@H](Cc1ccc(O)cc1)C(=O)N[C@@H](Cc1ccc(O)cc1)C(=O)NCCCn1ccnc1,0.02683820389533358,4.032761649963308
2182,O=c1[nH]c2cnc(-n3cnc4ccccc43)nc2n1C1CCOc2ccc(Cl)cc21,0.47362202705094014,3.188244935825381
2183,CCCCCCCCCCC(=O)N[C@@H](Cc1ccc(O)cc1)C(=O)N[C@@H](Cc1c[nH]cn1)C(=O)N[C@@H](Cc1c[nH]cn1)C(=O)Nc1ccccn1,0.05979198865010681,4.059961709867648
2184,CCCCCCCCCCCCSCCCCCCCCCCCCCCCCCCCCCCCCCCCCC(=O)NCCCCCCCCCCC(=O)NCC(=O)O,0.05291222566189028,2.834272750481597
2185,C[C@@H](O)C1=C[C@@H](n2cnc3c(N)nccc32)[C@H](O)[C@@H]1O,0.5542485524536014,4.322483213982569
2186,Cc1ccc(-c2cc(-c3ccccc3)nc(NC(=O)CN3CCOCC3)n2)cc1,0.7257007077798165,2.043331346860592
2187,O=S(=O)(NCC(c1ccccc1)N1CCCCC1)c1ccc(Cl)cc1,0.8301887016792006,2.3314158455575384
2188,CC(C)CNC(=O)c1cc(S(N)(=O)=O)ccc1SC(C)C,0.7827265493882554,2.274509354697905
2189,Cn1ncc2c1CCc1c-2c2c(c3c4cc(C5CCCCO5)ccc4n(C)c13)CNC2=O,0.49325806171880865,3.663340743836387
2191,CCCCCCCCCCC(=O)N[C@@H](Cc1ccc(O)cc1)C(=O)N[C@@H](Cc1c[nH]cn1)C(=O)N[C@@H](Cc1c[nH]cn1)C(=O)NCCCn1ccnc1,0.050211159796286334,4.198630670073119
2192,CC(C)(O)[C@H]1CC=C(C(=O)OC[C@H]2O[C@@H](O)[C@H](O)[C@@H](O)[C@@H]2O)CC1,0.40160427783387614,4.270069994009759
2198,Cc1ccc(Cn2nc(OC(C(=O)O)C(=O)O)c3ccccc32)cc1,0.6677870383485713,2.3463404669458736
2199,CN1CCC(N(C)C(=O)C2CN(S(=O)(=O)c3ccc(-c4ccccc4)cc3)c3ccccc32)CC1,0.5390759559373132,2.9175500567856094
2201,N=C1NC[C@H](Cc2ccccc2)N1CC1CCCN1C[C@H](Cc1ccccc1)N1C[C@H](Cc2ccccc2)N(CCc2ccc(Cl)c(Cl)c2)C1=N,0.1282816752839184,4.478285455713768
2202,O=C(C[C@@H]1C/C=C/CCCC(=O)O[C@H](c2ccccc2)CNC1=O)NCc1ccc(Cl)cc1,0.499722740596565,3.7422005904637308
2203,Cc1[nH]c2nc(N)[nH]c(=O)c2c1Sc1nccn1C,0.6479090751140804,3.1550387838728478
2204,CN(C)CC(O)CCN1c2ccccc2N(c2ccccc2)S1(=O)=O,0.856736809400723,2.986677603799297
2205,O=C(CCc1ccccc1O)CC(O)Cc1ccccc1,0.8216536762623351,2.4280936144284517
2206,COc1cc(O)c2c(c1)[C@@H](O)[C@H](C[C@H](O)[C@H](O)[C@@H](O)/C=C/C[C@H](C)O)OC2=O,0.2570809611770065,4.517051600067019
2208,COc1cc(Cc2cnc(/N=C3\C(=O)N(CN(Cc4ccccc4)Cc4ccccc4)c4ccc(Cl)cc43)nc2N)cc(OC)c1OC,0.16198680538487986,3.029380062061966
2209,COc1ccccc1NC(=S)N/N=C/c1ccc2ccccc2n1,0.4333041093809738,2.1189657710229852
2212,COC(=O)c1cc2cc(NC(=O)c3ccc4[nH]ccc4c3)cnc2[nH]1,0.5012622476651284,2.4550646977151054
2213,CCCCCCCCCCCCCCOc1ccc(C(=O)NCc2cccc[n+]2C)cc1.[I-],0.18102970887425612,2.492165267984044
2214,CCCCCOC(=O)N1CCN(C(=O)[C@H](CCC(=O)O)NC(=O)c2cc(N3CCC(N4CCOCC4)CC3)cc(-c3ccccc3)n2)CC1,0.30231973852886473,3.3775161077534666
2215,Cc1ccccc1Nc1nc(NCc2ccco2)c2ccccc2n1.Cl,0.5008809603708908,2.151702104848276
2216,Cc1ccc(Nc2cc(C)nc(N3CCN(C(=O)Nc4cccc(Cl)c4)CC3)n2)cc1,0.611495684078477,2.1863362014416374
2217,CCC(CC)COc1nc(N)c2ncn(C3O[C@@H](CO)[C@H](O)[C@@H]3O)c2n1,0.5231924666224392,3.865337957005841
2218,CC(=O)Nc1sc(C)c(C)c1N=Nc1ccc(S(=O)(=O)O)cc1,0.63970152162952,2.750245728308821
2219,CCCC[C@H](NC(=O)O[C@@H]1CN(C(=O)Oc2ccc3ccccc3c2)CC1(C)C)C(=O)C(=O)N[C@H](C)c1ccccc1,0.2973495976499258,3.6966056177829465
2221,N=C(N)N1CCCC(C[C@@H](NS(=O)(=O)Cc2ccccc2)C(=O)NCC(=O)N[C@H]2CCCN(C(=N)N)C2O)C1.O=C(O)C(F)(F)F,0.10704409579349841,4.2957581036177
2222,O=C(/C=C/c1ccccc1)c1cc2ccccc2s1,0.4904220433327807,1.9381198226453975
2224,C/C=C(\CSC(=N)N)C(=O)OC,0.29615336070295006,3.2480859782812868
2225,O=C(CCc1ccccc1)N(O)CCCP(=O)(O)O,0.3998944421295038,2.4428992393825055
2229,CCc1nc(C)c2c(OC3CCCC3)nc3ccc(OC)nc3n12,0.7343662292453299,2.805885646799382
2231,Cc1cccc(C)c1NC(=O)CNC(=O)C1=CC(C)(C)N([O])C1(C)C,0.880396050972409,2.6701029844283912
2232,CC(=O)Nc1cc(O)ccc1/C=C/c1ccc(O)cc1,0.749166330489561,2.14767348769913
2234,COc1cc(C(=O)N(O)CCOC(=O)[C@@H](N)CCSC)ccc1O,0.3373706062724476,3.015744632305827
2235,CC(C)=C(c1ccncc1)c1ccc(-c2cccc(NC(=O)OC(C)(C)C)c2)cc1,0.5160424018795196,2.281597109661268
2236,COc1ccc(/C=C/c2ccc(N)cc2)c(OC)c1,0.6718586136474659,1.860559199934773
2237,CCn1c2ccc3cc2c2cc(ccc21)C(=O)c1ccc(cc1)Cn1cc[n+](c1)Cc1cccc(n1)C[n+]1ccn(c1)Cc1ccc(cc1)C3=O,0.19149396889302955,7.162440111964742
2238,O=C(Nc1ccc(-c2ccccc2)cc1)Nc1cccc(Cn2nc(Cl)c(N3CCNCC3)cc2=O)c1,0.34777941599032525,2.4772687394914907
2239,CC[C@H](C)[C@H](N)C(=O)NS(=O)(=O)OC[C@H]1O[C@@H](n2cnc3c(N)ncnc32)[C@H](O)[C@@H]1O,0.2833598039845633,4.258876264501259
2241,C[C@H](CCC(=O)N[C@@H](CCC(=O)Nc1ccc(Cl)cc1)C(=O)O)[C@H]1CC[C@H]2[C@@H]3[C@H](O)C[C@H]4C[C@H](O)CC[C@]4(C)[C@H]3CC[C@]12C,0.2140054494743992,4.556970694008211
2242,CC1=C(CCC(C)C)C(=O)c2ccccc2C1=O,0.8071003972853845,2.1778295547203292
2244,COC(=O)C1=C(C)Nc2n[nH]c(C)c2C1c1cccc(O)c1,0.7413279668318672,3.141618357488208
2245,CN(C)c1cc[n+](Cc2c(Cl)cccc2Cl)cc1,0.782616143388669,2.462279118299607
2246,CCOC(=O)c1cn(-c2nc(N)c3ncn([C@@H]4O[C@H](COS(=O)(=O)NC(=O)c5ccccc5O)[C@@H](O)[C@H]4O)c3n2)nn1,0.13140330420727753,4.241685463293849
2247,CC(=O)N(CC(O)CO)c1c(I)c(C(=O)NCC(O)CO)c(I)c(C(=O)NCC(O)CO)c1I,0.11425581094764035,4.162206248954906
2253,O=C(N/N=C/c1ccc(-c2ccccc2)cc1)c1cnccn1,0.5949709859902649,1.9552662435620682
2254,C[C@H]1CC[C@@]2(OC1)O[C@H]1C[C@H]3[C@@H]4CC[C@@H]5C[C@@H](O)CC[C@]5(C)[C@H]4CC[C@]3(C)[C@H]1[C@@H]2C,0.54274787345835,5.219575048480591
2257,COc1ccccc1C(=O)Nc1ccc(C[C@H](NC(=O)[C@@H]2OCO[C@H]2C(=O)Nc2ccccc2-c2ccccc2)C(=O)O)cc1,0.19836735265850491,3.4599878405429694
2258,O=C(O)[C@H](Cc1ccc(OCc2c(F)cccc2F)cc1)NC(=O)[C@@H]1OCO[C@H]1C(=O)Nc1ccccc1-c1ccccc1,0.2274521301630541,3.55619743445582
2259,CCOc1ccc2c(c1)O/C(=C\c1cc[n+](Cc3cccc(F)c3)cc1)C2=O,0.4954702868542879,2.593966519021638
2261,COc1ccc2c(c1)c1c(n2C(=O)c2ccc(S(=O)(=O)/N=C/N(C)C)cc2)CCN(CCCOc2cc(F)cc(C3(OC)CCOCC3)c2)C1.Cl,0.10323862452809672,3.503601355208785
2262,C[N+](C)(C)CC(=O)Nc1ccc2nc(O)c3ccccc3c2c1,0.5774237411471197,2.4348099652815254
2263,COc1ccccc1CNC(=O)c1ccc(Oc2nc(Oc3cccc(C(=N)N)c3)c(F)c(N(C(C)C)C(C)C)c2F)c(C(=O)O)c1,0.09396066598900653,3.0896806596135145
2264,CCCCCCCCCCCCCCCNOC(=O)CC1COC(COC(=O)CCCCC[n+]2ccsc2)C1,0.0589100053423632,3.975918833147567
2267,N#Cc1ccc(Cn2cnnc2CN(C(=O)c2ccc3ccccc3n2)c2ccc(Oc3ccccc3)cc2)cc1,0.22375991225316308,2.626689092402195
2268,N#C[C@H]1CSCN1C(=O)CN(N)C1CCN(CC(=O)Nc2ccc(Cl)cn2)CC1,0.49371921572417987,3.404037973678859
2270,CN(C)c1ncnc2c1ncn2CCCCCOC(=O)CCN,0.5422748110585288,2.6075182345122947
2272,COc1c(O)cc(C(=O)O)cc1OS(=O)(=O)O,0.660762162979699,2.3705050433790174
2273,CCCCCCCCC/C=C/CCCCCCCC(=O)OC[C@@H](O)COP(=O)(O)O,0.09248220451166715,3.0620177629982095
2274,CCOC(=O)C(=O)Oc1ccc(-c2c(C(=O)OCC)oc3cc(O)cc(O)c3c2=O)cc1.O=C(O)C(=O)O,0.20834386206814168,2.8066118237032747
2275,CC(C)=CCC/C(C)=C/CC[C@@]1(C)C=Cc2c(cc(C)c(C(=O)O)c2O)O1,0.5745740617317424,3.6066159663717112
2279,C[n+]1c2cc(Cl)c(Cl)cc2cc2[nH]c3ccccc3c21,0.4578240920837366,2.676112556525041
2280,N[C@@H](Cc1cc2ccccc2[nH]1)C(=O)N[C@@H](Cc1c[nH]c2ccccc12)C(=O)NCCCCCCCCCCCCOP(=O)(O)Oc1ccccc1Cl,0.02881758413889972,3.976581801294839
2281,CC[C@@H](CO)NC(=O)[C@@H]1C=C2c3cccc4[nH]cc(c34)C[C@H]2N(C)C1,0.7971701178185844,3.8233787214606467
2283,CC(C)Oc1ccccc1N1CCN(Cc2cccc(CN3C(=O)CCC3=O)c2)CC1.O=C(O)CCC(=O)O,0.4368340054623295,2.4748007767110796
2284,Cl.O=C(C1CCCN1)N1CCCC1P(=O)(Oc1ccc(NN2CCCC2)cc1)Oc1ccc(NN2CCCC2)cc1,0.31190580109156096,3.9886928824129946
2285,N=C(N)c1ccc(C2=NOC(CC(=O)NC[C@H](NC(=O)OCc3ccccc3Cl)C(=O)O)C2)cc1,0.24395957062870377,3.328531247503209
2286,Oc1ccc(-c2ccc3c(c2)CCC=C3c2ccncc2)cc1O,0.6827536589580399,2.4159776391548533
2288,CCOC(=O)/C=C/[C@H](CCC(N)=O)NC(=O)[C@H](Cc1nccn1C)NC(=O)[C@H](CC(C)C)NC(=O)OCc1ccccc1,0.1564803166435877,3.7806048720998158
2289,Cc1cc(C(C)C)[n+](-c2cc[nH]n2)c(C(C)C)c1,0.8259606692861439,3.6680600099793557
2291,CC(C)[C@H](NC(=O)[C@H](CC(=O)O)NC(=O)C1(NC(=O)[C@@H](N)Cc2ccc(O)cc2)CCCCC1)C(=O)N[C@H](C(=O)NCC(N)=O)C(C)C,0.09637508826182993,4.02337351443731
2295,CCCCCCCOc1ccc(C(=O)O)cc1,0.6993574079066573,1.4907550433790178
2297,CO[C@@H]1Cc2ccccc2[C@@]2(CCCN(Cc3ccccc3)C2)O1,0.8590791911152426,3.6012849144887156
2298,COc1c(N2C[C@@H]3CCCN[C@@H]3C2)c(F)cc2c(=O)c(C(=O)O)cn(C3CC3)c12.Cl,0.7648652853676655,3.589432355408192
2299,COc1ccc2c(O[C@@H]3C[C@H]4C(=O)N[C@]5(C(=O)NS(=O)(=O)C6CC6)C[C@H]5/C=C\CCCCN(C)C(=O)[C@@H]4C3)nc(-c3ccccc3)nc2c1C,0.3469009293854448,4.992604203681447
2301,C[n+]1ccccc1-c1c2nc(c(-c3cccc[n+]3C)c3ccc([nH]3)c(-c3cccc[n+]3C)c3ccc([nH]3)c(-c3cccc[n+]3C)c3nc1C=C3)C=C2,0.2055783793533762,5.777237426664429
2302,CCOC(=O)c1c2[nH]c3ccccc3c2c(OC)c[n+]1C,0.5933486158819365,2.8002866452040074
2303,COc1ccc2nccc([C@@H](O)CN3CCC(NCC(=O)Nc4cc(F)cc(F)c4)CC3)c2n1,0.4645460837046965,3.1168787707967773
2304,CCOC(=O)CN1C(=O)CC[C@H](NC(=O)[C@@H](N)Cc2c[nH]c3ccccc23)C1=O,0.44997794007337094,3.115106316945032
2305,FC(F)(F)c1cc(Nc2nccc(-c3cccnc3)n2)cc(C(F)(F)F)c1,0.6212840443952431,2.3614976541457136
2306,CC(C)CCN1CC=C(CCCC(CC[C@@]2(C)C3=CCCC(C)(C)[C@@H]3CC[C@H]2C)COS(=O)(=O)O)C1=O,0.2022273273636936,4.718748862276119
2307,O=C(Nc1ccc(Oc2ccnc3[nH]c(=O)cnc23)cc1F)Nc1cc(C(F)(F)F)ccc1F,0.35660950720801465,2.662652995257025
2308,CC(Nc1nc2c(S(=O)(=O)c3ccccc3)nnn2c2ccsc12)C12CC3CC(CC(C3)C1)C2,0.41161456914630756,4.584410463052388
2309,O=[N+]([O-])c1cccc2ncccc12,0.491210814052725,1.7898052385743135
2310,Cc1cc(OCc2nc(-c3ccc(C(=O)N(C)C(C)C)cc3)c(-c3ccc(OC(F)(F)F)cc3)s2)ccc1OCC(=O)O,0.19071794662496708,2.755588775509967
2311,CN1CCN(c2ccc(-c3cnc4c(c3)N(Cc3cc(F)ccc3F)CCN4)cn2)CC1,0.674486662317261,2.6596093850758376
2313,O=C(Nc1cc(C(=O)Nc2cccc3ccccc23)cc(C(=O)Nc2cccc3cc(S(=O)(=O)O)ccc23)c1)c1cccc(Cl)c1,0.1309186861170741,2.4884912076207133
2314,O=C(Nc1cccc2cc(S(=O)(=O)O)ccc12)c1cc(NC(=O)c2ccco2)cc(C(=O)Nc2cccc3cc(S(=O)(=O)O)ccc23)c1,0.12095031388659555,2.7652006640686544
2315,NC(=O)c1cn(Cc2c(F)cccc2F)nn1,0.8549954528788274,2.283213881349557
2316,CC(CCOC(=O)c1ccccc1)N(C)C,0.713712562026055,2.2963515462676902
2317,Cc1cccc(N2CCN(CCCCCCN3CCN(c4cccc(C)c4)CC3)CC2)c1,0.5252651663406255,2.0502144519848198
2319,C=C(C)[C@@H]1CC[C@]2(COC(C)=O)CC[C@]3(C)[C@H](CC[C@@H]4[C@@]5(C)CC[C@H](OC(=O)n6ccnc6C)C(C)(C)[C@@H]5CC[C@]43C)[C@@H]12,0.25816838095197003,5.121141149869594
2321,CCCc1nc(-c2ccccc2)c(CNCCCN2CCN(c3ccc(C)cc3)CC2)o1,0.46157324806582023,2.393348812772368
2322,Nc1ncnc(=O)n1C[C@H]1COP(=O)(O)CO1,0.6340304851552444,4.562703212761725
2324,CC(C)[C@H](NC(=O)[C@H](Cc1ccc(O)cc1)NC(=O)CNC(=O)[C@H](Cc1ccccc1)NC(=O)CN)C(=O)N[C@@H](C)C(=O)N[C@@H](CCC(=O)O)C(=O)O,0.06853566015732813,4.0171204903040625
2325,COCCOCCOCC[N+]1(C)CCCC1COCCOCCOC,0.28299845162529524,3.7865691273269437
2326,O=C(NCCCN1CCCC1)c1ccc2c(c1)C(=O)N(Cc1ccc(Cl)cc1)C2=O,0.5452193085633924,2.0465688449027706
2328,c1ccc(CNCCCCCN2CCCN(CCCCCNCc3ccccc3)CCN(CCCCCNCc3ccccc3)CCC[N+](CCCCCNCc3ccccc3)(CCCCCNCc3ccccc3)CCC2)cc1,0.01964013059836645,3.8924575101877545
2329,NCc1cccc(CNC(=O)CI)c1,0.6485169802727867,2.069350408177346
2335,COc1ccccc1N1CCC(CNC(=O)Nc2c(C(C)C)cc(N)cc2C(C)C)(c2cccc(C(F)(F)F)c2)CC1,0.23599171051432757,2.8926059184205126
2336,CN(C)CCCOc1nonc1-c1c[nH]cn1,0.7480672742451877,3.1971303181042927
2338,CC(C(=O)OC1CC2CCC(C1)N2)c1ccc(Br)cc1.O=C(O)/C=C\C(=O)O,0.463049391083108,4.323289869359973
2341,N=C(N)c1ccc(CNC(=O)[C@@H]2CCCN2C(=O)[C@H](N)C(c2ccccc2)c2ccccc2)cc1.O=C(O)C(F)(F)F,0.2017335417059724,3.3101374492894173
2342,CCCCc1cc(-c2ccccc2)cc(-c2ccccc2)[n+]1-c1ncc[nH]1,0.464354250510591,2.729428269530329
2343,O=P(O)(O)OC[C@H]1O[C@H](OCCCCCCCCCCO[C@H]2O[C@H](COP(=O)(O)O)[C@@H](O)[C@H](O)[C@@H]2O)[C@@H](O)[C@@H](O)[C@@H]1O,0.05287553782849811,4.597755717616985
2348,C=C1C[C@H]2C=Nc3cc(OCCCOc4cc5c(cc4OC)C(=O)N4CC(=C)C[C@H]4C=N5)c(OC)cc3C(=O)N2C1,0.34994496889472804,4.287234019104357
2349,CN1CC2CC1CN2CCOC(c1ccc(F)cc1)c1ccc(F)cc1.O=C(O)C(=O)O,0.6568760245211378,3.9784919302909465
2350,Cc1[nH]c(/C=C2\C(=O)Nc3ccc(F)cc32)c(C)c1NC(=O)C1CCNCC1,0.615155690877784,2.787811244760034
2351,COC(=O)c1ccc(COC(=O)C2CC=NN2C(=O)C[C@H](N)Cc2cc(F)c(F)cc2F)cc1,0.4620388128445093,3.519474842820454
2352,O=C1CCON1CC#CCN1CCCCC1,0.6427623577731816,3.1179452020259095
2353,COC(=O)[C@H](CC(C)C)NC(=O)[C@H](COC(C)(C)C)NC(=O)[C@H](Cc1ccccc1)NC(=O)/C=C/c1ccc(F)cc1,0.23094109832521315,3.488624663188535
2354,CN1CCC2(CC1)OC(=S)N(C(C)(C)C)C2=O,0.6132853889086621,3.6672127296829915
2356,Nc1cncc(-c2ccccc2O[C@H]2C[C@@H]3CNC[C@H]2C3)c1,0.9137821988787439,4.261794904968676
2357,CC(=O)CCC(=O)Nc1ccc2c(Cl)c(OCCSC(=N)N)oc(=O)c2c1,0.3448661929896657,2.8931349015469614
2358,CCCCC/C=C/C/C=C/CCCCCCCC(=O)O[C@H](COC(=O)CCCCCCC/C=C/CCCCCC)CO[C@@H]1O[C@H](CO)[C@H](O)[C@H](O)[C@H]1O,0.028689795358567076,4.618247489395253
2359,Cc1ccc2oc(=O)c3c(O)c4cccc(O[C@H]5O[C@H](C)[C@H](O)[C@H](O)[C@H]5O)c4c4oc(=O)c1c2c34,0.16680705805869958,4.289698902733692
2362,CC(C)(C)c1cc(Cn2cc(C(=O)NCCNC(=N)N)nn2)cc(C(C)(C)C)c1,0.33673204381628485,2.6335862232963745
2364,CC(=O)c1cccc(-c2cccc(NC3=NCCN3)c2C)c1,0.8542469786511777,2.333140939604341
2365,COc1cccc(OC)c1C/N=C(\N)c1cc2cc(F)ccc2[nH]1,0.5580573002579737,2.543926921637077
2366,CCN(CCCl)CCNc1c2ccccc2nc2ccc(OC)cc12,0.47956747003852485,2.261635851561259
2367,C[C@H](N)Cc1c2c(c(C(F)(F)F)c3c1OCC3)OCC2,0.9084826151461091,3.6812879572198884
2369,COc1ccc(/C=N/NC(=O)Nc2cccc3ccccc23)cc1,0.5637004979132805,1.8556297270669404
2370,O=C(O)[C@@H]1O[C@@H](OP(=O)(O)OP(=O)(O)OC[C@H]2O[C@@H](n3ccc(=O)[nH]c3=O)[C@H](O)[C@@H]2O)[C@@H](O)[C@H](O)[C@H]1O,0.12386617155289557,4.892316817483128
2373,CNCCCO/N=C1\CC[C@@]2(C)[C@H](C1)/C(=N/OC)C[C@@H]1[C@@H]2CC[C@]2(C)C(=O)CC[C@@H]12,0.5194272785079341,4.7333795542058965
2374,CN1C(=O)CCS(=O)(=O)C1c1ccc(Cl)cc1,0.7812058854471293,3.1331385490809858
2375,CCc1ccsc1C(=NOCCN1CCC[C@@H](C(=O)O)C1)c1sccc1CC,0.3685502103772877,3.357809654043561
2376,N#C[C@@H]1CSCN1C(=O)CN(N)C1CCN(CCCNC2CC2=O)CC1,0.3258244524389777,3.9220454311935207
2378,COc1cc(C(=O)OCc2cc(COC(=O)c3ccc(O)c(OC)c3)cc(COC(=O)c3ccc(O)c(OC)c3)c2)ccc1O,0.14534573318985847,2.435970275045909
2379,C(=C/c1ccccc1)\CN1CCN(CCCCCCn2c3ccccc3c3ccccc32)CC1,0.24900680726064933,2.244025436314418
2380,O=[N+]([O-])c1cc2c(cc1CCCCc1sc(Nc3ccccc3)n[n+]1-c1ccccc1)OCO2,0.15156999300566865,2.988110630884556
2382,CN1CCN(C[C@@H](c2cccc(OC(F)(F)F)c2)C2(O)CCCCC2)CC1,0.8387442245636203,3.0157725550245864
2383,NC(=O)[C@H]1NCC[C@@H]1NC(=O)[C@@H](N)CCC/N=C(\N)N[N+](=O)[O-],0.08639809277189678,4.049524574862179
2384,CC(C)NC[C@@H](O)Cn1c2c(c3ccccc31)CCc1c-2cnn1-c1ccccc1,0.5152557445758178,3.0669574750103354
2385,O=C1C(NCc2ccc3c(c2)OCO3)=CC2=NCCc3c[nH]c1c32,0.9059803555749825,3.174902576471059
2387,CNc1ccnc2c1ncn2[C@@H]1O[C@H](CO)[C@](O)(CO)[C@H]1O,0.4581499668472536,4.2240071715133
2388,CC(C)=CCC/C(C)=C/CC/C(C)=C/CC/C(C)=C/C[n+]1cnc2c(ncn2C)c1N,0.35760677528614615,3.6083239182714504
2389,Clc1cccc(Cl)c1C[n+]1ccc2ccccc2c1,0.612248883095587,2.2946612512168247
2390,CCCN(Cc1cccc(CN(CCC)C(=N)N)n1)C(=N)N,0.42605877133813264,2.870301049494449
2391,CS(=O)(=O)O.Fc1ccc([C@@H]2CCNC[C@H]2COc2ccc3c(c2)OCO3)cc1,0.7277174310178284,3.1563285391672533
2392,Cc1c2c(c(CCCCCN)c3c1Oc1ccccc1O3)C(=O)OC2,0.5560960045675557,2.9099339284843335
2393,Cc1ccccc1S(=O)(=O)N(Cc1ccccc1)[C@H]1CNC[C@@H]1N(Cc1ccccc1)S(=O)(=O)c1ccccc1C,0.28925192287790946,3.3084450485420502
2394,N/C(=N\O)c1ccc(-c2cnc(-c3ccc(/C(N)=N\O)nc3)s2)cn1,0.23870811504096778,2.9978308678126133
2395,CC[S+]1CCCC1CNC(=O)c1cc(S(N)(=O)=O)ccc1OC,0.7364990641790593,3.841035136651609
2396,CCOC(=O)C1(O)CC(c2ccc(Br)cc2)C2=C(CC(C)(C)CC2=O)O1,0.7482880510695749,3.634624682889152
2399,COC(=O)[C@H](CCSC)NC(=O)[C@@H]1C[C@H](Oc2ccccc2)CN1C(=O)CCC[C@@H](N)CS,0.2818334836484787,3.7682878072546817
2400,NCCc1cnc(S)n1[C@H]1CCc2c(F)cc(F)cc2C1,0.8562670231520302,3.6477151398521794
2405,COc1ccc2[nH]c3c(C)c4cc[n+](CC(=O)N(CCCCCN)CCOc5ccc(/C(=C(/Cl)c6ccccc6)c6ccccc6)cc5)cc4c(C)c3c2c1,0.06212519280397022,3.39969589681536
2406,NCC1CCCCN1C(=O)[C@H]1CCCN1C(=O)[C@@H]1CCCN1C(=O)CC(c1ccccc1)(c1ccccc1)c1ccccc1,0.3833655318143333,3.656417352038238
2407,O=P1(N2CC[N+]3(CCc4ccccc4C3)CC2)NCCCO1,0.6341785991457308,4.688674351096481
2408,Nc1ccn([C@@H]2O[C@H](COP(=O)(O)O)[C@H]3O[C@@H](Cc4ccccc4)O[C@H]32)c(=O)n1,0.5460155979719166,4.101628191283194
2410,C[n+]1c(-c2cccc(C(=O)NCCCCCC(=O)NC(CCCN=C(N)N)C(=O)O)c2)c2cc(N)ccc2c2ccc(N)cc21,0.02793275367240631,3.502924560065729
2412,COc1cccc(CN2CCN(Cc3cc4ccccc4o3)CC2)c1,0.7092952297677896,1.942457888983295
2413,Cc1ccc(-n2cncn2)c(CNC(=O)CN2C=CN=C(NCC(F)(F)c3ccccn3)C2)c1,0.5278484693899247,3.3157724582000965
2414,CC[C@H]1CCN2CCCC[C@@H]2[C@H]1c1ccc(Cl)c(Cl)c1,0.7101967742792694,3.2615940020074827
2415,Cc1cc2nc(O)c3ccccc3c2cc1NC(=O)C[N+](C)(C)C,0.5748538296062505,2.5493488879061026
2416,COc1ccccc1N1CCN(CCc2ccc(C(=O)C(=O)N3CCCCC3)n2C)CC1,0.4913501654501964,2.5407843176467733
2417,C#CCN(Cc1ccc2nc(C)cc(Cl)c2c1)c1ccc(C(=O)N[C@@H](CCC(=O)N[C@@H](CCC(=O)N[C@@H](CCC(=O)O)C(=O)O)C(=O)O)C(=O)O)c(F)c1,0.08177978799592413,4.1347436024062185
2418,Nc1ncnc2c1ncn2[C@@H]1O[C@H](COP(=S)(S)OCC(O)OP(=S)(S)OC[C@H]2O[C@@H](n3cnc4c(N)ncnc43)[C@H](O)[C@@H]2O)[C@@H](O)[C@H]1O,0.04341355615253172,5.61571548033627
2419,COc1ccc(C2C=C(c3ccccc3)NC3=C2C(=O)CCC3)cc1,0.9040147037965081,2.8350305979284567
2420,CC(C)[C@H](NC(=O)[C@H](Cc1ccc(O)cc1)NC(=O)CNC(=O)[C@H](Cc1ccccc1)NC(=O)[C@@H](N)CC(=O)O)C(=O)N[C@@H](C)C(=O)NCC(=O)O,0.07027566960428001,3.989756730339937
2422,C#CC(CN)c1ccccc1,0.6246792359233916,2.9202443501446282
2424,CCCc1csc(SC2=C(C(=O)O)N3C(=O)[C@H]([C@@H](C)O)[C@H]3[C@H]2C)n1,0.7491905073411511,3.946261567390187
2427,COc1cccc2[nH]cc(CN3CCC(n4c(=O)[nH]c5ccccc54)CC3)c12,0.5712633267095238,2.3682174883774856
2429,COc1ccc(-c2nnc(-c3ccc(OC)c(OCCCOc4cc5c(cc4OC)C(=O)N4CCC[C@H]4C=N5)c3)o2)cc1OC,0.18596820798267344,3.3728052870310687
2430,NCCCO/N=C/c1cc(=O)[nH]c(=O)[nH]1,0.3216363720963399,3.1334485034193023
2433,CC(Oc1ccc(S(C)(=O)=O)cc1C(=O)N1CCN(c2ncc(C(F)(F)F)cn2)CC1)C(F)(F)F,0.5529228313369083,3.1389497032667872
2438,COc1cccc(NC(=O)Nc2ccc(C)c(-c3ccc(C(=O)Nc4ccncc4)cc3)c2)c1,0.33643244332208244,2.036448596347663
2439,CC(=O)Oc1cc(/C=C/c2ccc([N+](=O)[O-])cc2)cc(OC(C)=O)c1,0.2709009626515713,2.2713368549057407
2440,c1cc2[nH]ncc2cc1NC1CCNCC1,0.7162378040566413,2.3889350138098706
2441,COC(=O)CN(C(C)=O)c1ccc(OC)c2nc(NC(=O)c3ccc(F)cc3)sc12,0.6021036598801337,2.4725978510885156
2444,NCCCCC(N)C(=O)NCCCCCCCCCCCC(=O)NC(CCCCN)C(=O)NCCCCCCCCCCCC(=O)NC(CCCCN)C(=O)NCCCCCCCCCCCC(=O)NC(CCCCN)C(=O)O,0.026416932041874227,4.538659887762419
2445,CCOC(=O)Nc1c(-c2ccc([C@H](C)[C@H](N)C(=O)N3CC[C@H](F)C3)cc2)cn(C)c(=O)c1F,0.6867011596112775,3.7926041103137615
2447,CCCc1cc(O)c(C(=O)CCc2ccc3occc3c2)c(O[C@@H]2O[C@H](CO)[C@@H](O)[C@H](O)[C@H]2O)c1,0.2865291369892545,3.978198996601532
2448,CCCNCCC[PH](c1ccccc1)(c1ccccc1)c1ccccc1,0.44575046710900595,3.3864017172358896
2449,Cc1ccnc(C2=CN(CCCCN3C(=O)c4ccccc4OC=C3Cl)CCC2)n1,0.5016511378629115,3.1625594438787754
2450,CC(C)N(c1c(F)c(Oc2cccc(C(=N)N)c2)nc(Oc2ccc(C(=O)NCC3CCCCC3)cc2C(=O)O)c1F)C(C)C,0.1262056535483774,3.1360518152718564
2451,Nc1ncnc2c1ncn2[C@@H]1O[C@H](COS(=O)(=O)NC(=O)[C@@H](N)Cc2c[nH]c3ccccc23)[C@@H](O)[C@H]1O,0.15140532075959678,4.143397196630186
2452,Cc1nc2cc(Nc3ccccc3[N+](=O)[O-])ccc2n1S(=O)(=O)c1ccccc1,0.39103501250623246,2.2843643586694427
2454,[Br-].[Br-].c1cc(C[n+]2ccc(N3CCCCCC3)cc2)ccc1CCc1ccc(C[n+]2ccc(N3CCCCCC3)cc2)cc1,0.23929544038717496,2.799068016329908
2455,COc1ccc2cc3[n+](cc2c1OCCCCCC[n+]1ccccc1)CCc1cc2c(cc1-3)OCO2,0.24738556008130863,3.1123133999018346
2456,O=C(CNC(=O)[C@H](Cc1ccc(O)cc1)NC(=O)c1ccc(F)cc1)N[C@@H](Cc1ccc(O)cc1)C(=O)Nc1ccc(F)cc1F,0.1404504447382032,3.204612136501968
2457,O=C(CCNC(=O)[C@H](Cc1c[nH]cn1)NC(=O)OCc1ccccc1)N[C@@H](Cc1ccc(O)cc1)C(=O)NCCCn1ccnc1,0.09474260746196636,3.595960403412537
2458,CN1CCC[C@@H]1C(=O)NCc1c(CN(C)[C@H]2CCCc3cccnc32)ncc2ccccc12,0.6270959504209889,3.5222949942407293
2460,CC(C)N1CCC[C@@H]1C(=O)NC1C2CC3CC(C2)CC1C3,0.8666336456612911,4.139139005047554
2463,CCO/N=C1\C[C@@H]2[C@H](CC[C@]3(C)C(=O)CC[C@@H]23)[C@@]2(C)CC/C(=N\OCCN)C[C@H]12,0.5564828306466312,4.777967836212635
2464,O=C(O)c1c(O)c(C2(c3ccccc3)CC2)nc2c3c(ccc12)CCCC3,0.7170478307316347,2.672974713086772
2466,O=C1c2ccccc2C(=O)N1CCCOc1ccc(Cl)cc1,0.6272783168732906,1.7030112692746684
2467,NC(CC(=O)O)C(O)C(O)C(N)CC(=O)O,0.27757848024267395,3.8338561736597434
2468,NNc1nnc(-c2cccc3ccccc23)s1,0.5353705026659941,2.1282776587636345
2469,CC(=O)O[C@@H]1C[C@H]2C(C)(C)C(=O)C=C[C@]2(C)[C@H]2CC[C@]3(C)C(=CC[C@H]3c3ccoc3)[C@@]21C,0.40672818438522634,4.8579992768323335
2470,CC(C)Oc1cccc(CC(=O)N2CCCC(CC[N+]3(C)CCC4(CC3)NC(=O)Cc3ccccc34)(c3ccc(Cl)c(Cl)c3)C2)c1,0.26233554042396356,4.330551371772994
2472,Nc1ccc2c(c1)sc1c(Nc3cccc(Br)c3)ncnc12,0.4904907543010892,2.407625761032911
2473,CCn1c(/C=C/C=C2\Sc3ccccc3N2C)[n+](CC)c2nc3ccccc3nc21,0.4401637853686602,3.1459265526320888
2474,CC(=O)N1C[C@H](O)C[C@H]1C(=O)NC(CCCN=C(N)N)C(=O)c1nccs1,0.18630558137552053,3.72649634484098
2475,Cc1cc(Br)cc(C)c1Oc1cc(Nc2ccc([N+](=O)[O-])cc2)c([N+](=O)[O-])cc1[N+](=O)[O-],0.29031241653136874,2.552406835234132
2476,N[C@@H](Cc1ccccc1)C(=O)N[C@H]1CCC(=O)N(CC(=O)O)C1=O,0.5888238366259465,2.863564331503957
2478,O=C1C=CC[C@H](c2ccccc2)O1,0.6100921716312038,2.7176812824666463
2479,C[C@@H]1/C=C\C(=O)[C@@H](O)[C@@H](O)C/C=C/c2cc(OCc3ccccc3)cc(O)c2C(=O)O[C@H]1C,0.6117573594614949,4.370081680849625
2480,O=C1CCC(=O)N1CCOc1ccc([C@@H]2Oc3cc(O)ccc3C3=C2c2ccc(O)cc2OCC3)cc1,0.4997853488745018,3.3618220859919674
2481,CCC(CC)C(=O)NCCc1ccc(S(N)(=O)=O)cc1,0.7976774567182308,1.9695722056478484
2482,COc1ccc2c(c1)OCCC1=C2[C@H](c2ccc(OCCN3CCCCC3)cc2)Oc2cc(O)ccc21,0.4427853608019228,3.1736446873809774
2483,Cl.Cl.O=C(O)COCCN1CCN([C@H](c2ccccc2)c2ccc(Cl)cc2)CC1,0.6024582457196294,2.6572216462867377
2484,C[N+]1=C2C(c3ccccc3)=[N+]([O-])c3ccccc3N2CCC1,0.5975691101790235,3.1356370591098335
2485,CNCCC[C@H](c1cccs1)c1cccc2[nH]ccc12,0.6466647650341877,2.9009815781752035
2486,Nc1nc(I)nc2c1ncn2[C@@H]1O[C@H](COS(=O)(=O)NC(=O)c2ccccc2O)[C@@H](O)[C@H]1O,0.1728862921406598,4.077407458840552
2488,N#Cc1cc(Cl)cc(Oc2cc(CC(=O)N3CCc4ccccc4C3)[nH]c(=O)c2Cl)c1,0.6303984836019491,2.7900806266793197
2489,CC[N+](C)(CCCCCC(=O)N(C)CCCCCCCCN(C)C(=O)CCCCC[N+](C)(CC)Cc1ccccc1[N+](=O)[O-])Cc1ccccc1[N+](=O)[O-],0.03548312846800869,4.157896939277514
2491,CC1(C)O[C@@H]2[C@@H](O1)[C@@H](Cc1ccccc1)N(CC#Cc1cc3ccccc3cn1)C(=O)N(CC#Cc1cc3ccccc3cn1)[C@@H]2Cc1ccccc1,0.16742354720027763,4.560325073814623
2492,O=P(O)(O)OC1O[C@H](CO)[C@H](O)[C@H](O)[C@H]1O,0.28890913538834695,3.8555541466112384
2493,CCN1CCC(Nc2ccc3[nH]ncc3c2)CC1,0.8713815393855591,2.21185867708045
2494,CN1CCN(/C(S)=N/c2c(Cl)cccc2Cl)CC1,0.4880813867062187,2.7212132721457607
2495,OC1CCc2cccc(Nc3ncc(-c4ccc(Cl)cc4)o3)c2C1,0.7318757880632987,2.875218951832455
2503,FC(F)(F)c1ccccc1NCCN1CCCCC1,0.9005245156385079,1.9097438153193913
2504,CC1(C)S[C@@H]2[C@H](NC(=O)C(N)c3ccccc3)C(=O)N2[C@H]1C(=O)O.CCOC(=O)C1=CNNN1C[C@@]1(C)[C@H](C(=O)O)C2C(=O)CC2S1(=O)=O,0.13036269218844782,5.369908780449991
2509,C[C@@H](c1ccccc1)[C@@H](NC(=O)[C@H](Cc1c[nH]c2ccccc12)NC(=O)[C@@H]1CCCN1C(=O)[C@@H](N)Cc1ccc(O)cc1)C(N)=O,0.14044259226967906,3.905020821842685
2510,O=C(NCc1ccccn1)c1ccc(-c2cnc3ccc(NCc4ccc(Cl)c(Cl)c4)nn23)cc1,0.3004299766986758,2.449596868219192
2512,O=C(CNC(=O)[C@@H]1CCCN1C(=O)c1coc(-c2ccccc2)n1)N[C@@H](Cc1c[nH]cn1)C(=O)Nc1ccc(F)cc1F,0.22017951908363198,3.563943460927695
2514,[O-][n+]1onc2ccc(COc3ccc(/C=N/NC(=S)Nc4ccccc4)cc3)cc21,0.21396937483778836,2.615567389381548
2515,CCCCc1cc(OC2CCN(CCCS(=O)(=O)CC)CC2)c2ncccc2c1,0.5773600533749275,2.490473818648196
2517,Cc1cn([C@H]2CO[C@@H](COC(=O)[C@H](N)C(C)C)O2)c(=O)[nH]c1=O,0.6809625401125484,3.7874347485594484
2518,COc1ccc(-c2coc3cccc(OCC4CCCCC4)c3c2=O)c(OC)c1,0.5573995771237179,2.350684701741006
2519,COc1ccc2oc(S(N)(=O)=O)cc2c1,0.8319615575713731,2.226002537190409
2520,FC(F)(F)c1ccc(Nc2ccnc3nc(-c4ncc(Br)cc4C(F)(F)F)cnc23)nc1,0.33640123356047624,2.921993030209247
2521,CNC1CCc2c(ccc(C)c2O)C1,0.7088511409687496,2.840672414007946
2522,Cc1ccc2c(c1)[nH]c1ccc(C(F)(F)F)cc12,0.5966081165673106,1.9913520413765315
2523,C=CCN(C(=O)OCc1ccc2nonc2c1)C1CCN(C[C@H]2CN(C(=O)C3CCCC3)C[C@]2(O)c2ccccc2)CC1,0.3680694684519621,3.8921740980759125
2524,O=S(=O)(/C=C/S(=O)(=O)c1ccccc1)CC1=NCCO1,0.8005180104604995,3.121797388798031
2525,CC(C)(C)OC(=O)NCCNC(=S)N1CCN(N2CCN(C(=S)NCCNC(=O)OC(C)(C)C)CC2)CC1,0.2563368709838191,2.9381735645412075
2526,CCCCC(Sc1nc(OCc2ccccc2)cc(OCc2ccccc2)n1)C(=O)O,0.30062412932656635,2.7918236975986783
2527,COc1cccc(N/N=C2\C(=O)NN=C2c2cnccc2OC)c1,0.8100074223391758,2.7191204294080773
2528,CCCCC(=O)N[C@@H](Cc1c[nH]cn1)C(=O)N[C@@H](Cc1ccccc1)C(=O)N[C@@H](Cc1ccc(O)cc1)CN(C)CCc1ccccn1,0.10410987565377668,3.8577260032317877
2529,COc1ccc2nc3cc(Cl)ccc3c(Nc3ccc(Nc4nc(NCCCN(C)C)nc(Nc5ccc(F)cc5)n4)cc3)c2c1,0.07783026182647462,2.774186728572241
2533,CC(C)OC(=O)N(O)CCC#Cc1ccc(OCCCCN2CCN(C(c3ccc(F)cc3)c3ccc(F)cc3)CC2)cc1,0.10997490162684798,2.9171583255841362
2535,NCCN(C(=O)c1cc(Cl)cc(Cl)c1)c1ccc(Cl)cc1,0.9016626726223193,2.1134521084958315
2536,COc1ccc2c(Cc3ccc(C)cc3)c3[n+](cc2c1NCCCc1ccccc1)CCc1cc2c(cc1-3)OCO2,0.16856060001777282,3.0073541909400205
2537,C[n+]1c2ccccc2c(NCCN2CCOCC2)c2oc3ccc(OCCC[N+](C)(C)C)cc3c21,0.22543404018525218,3.12054391808255
2538,Cc1cc(CNC(=N)/N=C(/N)S)c(C)cc1CNC(=N)CC(=N)S,0.22233504265406653,3.950572707836173
2539,CNC(=O)c1ccc(CN2CCN(c3ccccc3OC(C)C)CC2)n1C.O=C(O)CCC(=O)O,0.491674910740355,2.573200601250866
2540,O=C(O)c1cccc(Oc2ncc(Cl)cc2NS(=O)(=O)c2ccc(Cl)c(Cl)c2)c1,0.5008933333289446,2.240634152290456
2541,Cc1cccc2c1C(=O)N(CCCCn1ccnc1)C2=O,0.6245419671106184,2.2593666973552473
2542,C[C@H]1CN(c2nc3c(cc2F)c(=O)c(C(=O)O)cn3C(C)(C)C)C[C@@H]1N,0.8442847525928837,3.5946161097109517
2544,COc1cc(OC)c(C(F)(F)F)cc1NC(=O)Nc1cccc(-c2cn3ccnc3c(NCc3ccncc3)n2)c1,0.20954515936285792,2.8028081397883735
2546,NCCCCNC(=O)c1cc(NC(=O)c2nc(NC(=O)CCCC(=O)Nc3ccc4oc(C(=O)N5CC(CCl)c6ccc(O)cc65)cc4c3)c[nH]2)c[nH]1,0.054945009908042616,4.095725968995839
2547,O=C(N[C@@H](Cc1c[nH]c2ccccc12)C(=O)N[C@@H](CO)Cc1ccccc1)OCC1c2ccccc2-c2ccccc21,0.18554935030677044,3.2280299136013504
2548,C[N+](CCCl)(CCCl)Cc1cc([N+](=O)[O-])cc([N+](=O)[O-])c1,0.3158145777937529,3.217073016036565
2549,CC(C)NC(=N)c1ccc2nc(NC(=O)c3ccccc3)sc2c1,0.4989916715693062,2.3031484148497476
2550,Cc1nc2c(Oc3ccc(NC(=O)Nc4cc(C(F)(F)F)ccc4F)c4ccccc34)ccnc2[nH]c1=O,0.23719421499867227,2.709152645535278
2552,Cc1[nH]c(=O)c(Br)c(Oc2cc(Cl)cc(C#N)c2)c1Cc1ccccc1,0.6074140113384493,2.551440237619614
2553,Cc1ccc(NC(=O)c2cccc(C(F)(F)F)c2)cc1Nc1nc2ccccc2n1-c1cc(NCCN2CCN(C)CC2)ncn1,0.18819949544354725,2.869173071177004
2554,CN(C)CCCOC(=O)c1cc2cc(-c3ccccc3)ccc2n1S(=O)(=O)Cc1ccccc1.Cl,0.22712495578870537,2.5375614725224516
2555,CC(C)/N=C1\S/C(=C\c2ccc(O)c(Cl)c2)C(=O)N1CCC(=O)O,0.7786960058743285,2.6471717389012603
2557,Cc1nccn1Cc1ccccc1N1CCN(C(=O)[C@@H](Cc2ccc(Cl)cc2)NC(=O)[C@H]2Cc3ccccc3CN2)CC1,0.32154833643524766,3.4307139134605276
2558,O=C(O)CCc1c(/C=C2\C(=O)Nc3ccc(Br)cc32)[nH]c2c1C(=O)CCC2,0.6441244471987905,2.809319484105229
2559,N=C(N)Nc1ccc(Sc2ccc(N=C3NCCN3)cc2)cc1,0.4386548424976857,3.030559979632846
2560,NCC1OB(O)c2c(OCCF)ccc(Br)c21,0.7959113422771253,3.8460619604522224
2561,Cc1ccc(C(=O)Oc2ccc(C(O)CNC(C)(C)C)cc2OC(=O)c2ccc(C)cc2)cc1,0.37331531004804225,2.6737785986942555
2562,N#Cc1ccc(N2N=C3c4ccc(C(=O)O)cc4CC[C@@H]3[C@@H]2C2CCCC2)cc1,0.8374788995776111,3.3257009445396593
2563,COc1ccc([C@H]2CC(=O)O[C@@H](C)C[C@@H](C)/C=C(\C)CCC(=O)N[C@@H](C)C(=O)N(C)[C@H](Cc3c[nH]c4ccccc34)C(=O)N2)cc1,0.2750577469922026,4.839093105040148
2564,C#CC[N@+]12CCC34c5ccccc5N5C6OCC=C7C[N@+]8(CC#C)CCC9%10c%11ccccc%11N(C%11OCC=C(C1)C(CC32)C%11C54)C9C6C7CC%108,0.2677373955219657,5.879826273676148
2565,C[N+](C)(C)CC(=O)NCC(=O)NCC[N+]1(C)CCOCC1,0.556870021849483,3.163695442294518
2568,Nc1nc(O)c2ncn(C3O[C@H](COP(=S)(S)OP(=O)(O)OP(=O)(O)O)[C@@H](O)[C@H]3O)c2n1,0.14529352001134138,4.8517326032301575
2569,COc1ccc(F)cc1C1CC1CNCc1ccsc1OC,0.84128988875,3.3970780615238727
2570,CCCCC(=O)OC([C@H](C[C@@H]1CCNC1=O)NC(=O)[C@H](CC(C)C)NC(=O)OCc1ccccc1)S(=O)(=O)O,0.18220693691650797,4.04106810264172
2571,CC(C)(C)OC(=O)N[C@@H](Cc1c[nH]c2ccccc12)C(=O)NCCCCCCCCCCCCOP(=O)(O)Oc1ccccc1Cl,0.06948186018610973,3.5167523071363433
2572,CC1(C(N)C(=O)N2C(C#N)C[C@@H]3C[C@@H]32)CCCC1,0.8016421793731037,4.266432970457172
2574,CNCc1nnc(S)o1,0.5784598541609058,3.251637237994788
2575,C[n+]1csc(COc2ccc(/C=N/NC(=O)c3ccc(N)cc3)cc2)c1,0.30398271369830926,2.6188861048482757
2576,Cc1cccc(CN(CC(C)C)C2CCNCC2)c1,0.8743442256764191,2.1803540717296457
2577,CCN1CCN(C(=O)c2cn(CC3CCCCC3)c3c(F)cccc23)CC1.Cl,0.7427693989373877,2.4259428903296545
2578,COC1C(NC(C)=O)C(OC2C(C(=O)O)OC(OC3C(NC(C)=O)C(OC4C(C(=O)O)OC(C)C(O)C4O)OC(CO)C3OS(=O)(=O)O)C(O)C2O)OC(CO)C1OS(=O)(=O)O,0.06025656140105935,6.040772218765357
2579,Clc1ccc(C(ON=C2CCCCC2)c2ccccc2)cc1,0.6568868633943125,2.669908321597239
2581,Cc1cc([C@@H]2CC[C@H]3CCC2N3C)on1.O=C(O)C(=O)O,0.756222237249315,4.3039305655091
2583,NC(=O)c1c(F)ccc(OCc2nc3ccc(Cl)cc3s2)c1F,0.7722312377197283,2.293988090281527
2584,CNCCCCCC(=O)N[C@@H](CCCNC(=N)N)C(=O)N1CCC[C@H]1C(=O)N[C@@H](Cc1ccc(O)cc1)C(=O)N[C@H](C(=O)N[C@@H](CC(C)C)C(=O)O)C(C)(C)C,0.04261840780367717,4.3883270002206505
2585,O=C(Nc1n[nH]c2ncc(Br)cc12)c1ccccc1C(F)(F)F,0.7010224822812323,2.405084003743063
2586,COc1cc2c3cc1Oc1cc(ccc1O)C[C@H]1c4c(cc(OC)c(OC)c4Oc4ccc(cc4)C[C@H]3N(C)CC2)CCN1C,0.2706099989659305,5.745393417430505
2587,O=C(N[C@H]1COC1=O)c1ccc(C(=O)Oc2ccccc2)cc1,0.6843210042621545,2.3347372494875973
2588,O=C(Nc1ccc2c(O)c(/N=N/c3ccc(C(=O)O)cc3)c(S(=O)(=O)O)cc2c1)Nc1ccc2c(O)c(/N=N/c3ccc(C(=O)O)cc3)c(S(=O)(=O)O)cc2c1,0.04852844962923883,3.3734742784847658
2589,[N-]=[N+]=N[C@H]1C[C@H](CO)S[C@H]1n1cnc2c(Cl)ncnc21,0.40367222357279114,4.412238536420439
2590,CN1c2ccc(OC(=O)Nc3ccccc3)cc2[C@]2(C)CC[N@@+](C)([O-])[C@H]12,0.660684977812689,3.861906231934623
2592,CCN1CCN(C(=O)c2cn(CC3CCCC3)c3c(OC)cccc23)CC1.Cl,0.7529298401447234,2.3892488299596444
2595,Clc1ccc(Cn2cc[n+](Cc3ccc(Cl)cc3)c2)cc1,0.6382678972885852,2.263059761667984
2597,COc1cc2c(/C=C3/C(=O)N(C)c4ccc(O)cc43)c[nH]c2cc1C,0.7022830738373457,2.5600617856271928
2598,O=C(N[C@H](COCc1ccccc1)CN1CCN(Cc2ccccc2)CC1)C12C[C@H]3C[C@@H](C1)C[C@@H](C2)C3,0.5116708325515357,4.016189252312005
2599,Cc1ccc(Nc2c3ccccc3[n+](C)c3c2oc2ccccc23)cc1C,0.3988814900505264,2.5914721156841765
2600,NC1CCc2c(c3cc(OCCc4ccc(O)cc4)ccc3n2CCCCCc2ccccn2)C1,0.29692655509261195,3.0500565661209347
2602,C[C@H](NC(=O)[C@@H](Cc1ccccc1)NC(=O)OCc1ccccc1)C(=O)NC(c1ccc(C(N)N)cc1)P(=O)(Oc1ccccc1)Oc1ccccc1,0.058943866523232684,3.8612290506399205
2603,Cc1cn([C@H]2C[C@H](N=[N+]=[N-])[C@@H](COP(=O)(O)OCCO[C@H]3O[C@H](CO)[C@@H](O)[C@H](O)[C@@H]3O)O2)c(=O)[nH]c1=O,0.05568714607697209,4.870653913393498
2605,C[n+]1c(-c2ccc(/C=N/Nc3nc[nH]n3)cc2)cn2ccsc21,0.34270741185850373,3.7026834381322056
2606,NCc1ccnc(Oc2cccc(C(=O)N3C[C@@H](O)[C@H](F)C3)c2)c1,0.8859435931366022,3.1952285231946185
2607,NC(=O)c1cccc(Cn2ccnc2)c1,0.8057705722199717,1.9460823137949728
2609,Cc1ccc(NC(=O)CC[C@H](NC(=O)CC[C@@H](C)[C@H]2CC[C@H]3[C@@H]4[C@H](O)C[C@H]5C[C@H](O)CC[C@]5(C)[C@H]4CC[C@]23C)C(=O)O)cc1,0.23098558565190105,4.548963758320949
2610,O=C(O)c1cccc(OCc2cn3ccccc3n2)c1,0.7896063447630751,2.023276538097008
2611,O=C1CCCN1CCN([C@]1(C(=O)O)C[C@H]1c1ccccc1)S(=O)(=O)c1ccc(-c2ccncc2)cc1,0.47779801573100444,3.4382821328018034
2612,CC(=O)NCCCCC/C=C(\NC(=O)C1CC1(C)C)C(=O)O,0.44691354686431267,3.128993271607442
2613,CSc1cc(C(C)(C)C)cc(CN)c1O,0.7607750240784811,2.6057201010524373
2615,CN(C)CCC1(c2ccc(Cl)cc2)Cc2ccc3ccccc3c2C(=O)O1.O=C(O)C(=O)O,0.4353519836659266,3.131133347086709
2617,CC[C@@H](C)[C@H](N)C(=O)N[C@H]1CCC(=O)N(CC(=O)O)C1=O,0.5436848486560082,3.3269026294037545
2624,Cc1ccc(-c2c(NS(=O)(=O)c3ccc(C(C)(C)C)cc3)nc(-c3ccccn3)nc2OCCOc2ncc(Br)cn2)cc1,0.1624231177137434,2.940289648661061
2625,FC(F)(F)c1ccccc1NCC12CC3CC(CC(C3)C1)C2,0.7950635950897478,3.5238114950586077
2628,Clc1ccc(-c2cc(C3CCN(CCc4ccccc4)CC3)[nH]n2)cc1,0.6774144226865492,2.0787853336195052
2629,Cc1ccc(Sc2cncc3sc(C(=O)Nc4ccc(Cl)cc4)cc23)cc1,0.4085365888964016,2.302460281364649
2630,COC(=O)CC/C=C\CC[C@H]1C(=O)C[C@@H](O)[C@@H]1/C=C/CC(C)(O)CCC1CCCCC1,0.337092820893684,4.173335911197627
2631,CN1Cc2c(C(=O)OC(C)(C)C)ncn2-c2ccc(N=[N+]=[N-])cc2C1=O,0.35590098430189776,3.0997943865384174
2637,Cc1ccc(-c2c(CN)c(CC(C)C)nc(C)c2C(=O)OC[C@H]2CC[C@H](C(=O)O)CC2)cc1,0.5421837690899893,2.636698864502092
2640,CC(=O)n1cc(C[C@H](N)C(=O)N[C@@H](Cc2ccccc2)C(=O)N2CCC[C@@H]2C(=O)N[C@@H](Cc2ccccc2)C(N)=O)c2ccccc21,0.18566617176731576,3.7461126876221567
2643,COc1ccc(NS(=O)(=O)C(F)(F)F)cc1C[C@H]1[C@@H](CO)c2cc(OCc3ccc4ccc(C)cc4n3)ccc2OC1(C)C,0.21755445850802,3.8515781713372137
2644,CCc1ccc(C(=O)Nc2cccc(OC)c2)cc1,0.9075005854425892,1.387856635832211
2647,NCCN(C(=O)c1ccc(Cl)cc1Cl)c1ccc(F)cc1,0.9298163256837406,2.0358468034560424
2652,Cc1sc(-c2ncc(C#N)cc2O)nc1CC(=O)NCCc1ccccn1,0.680044482271767,2.7785489388609985
2660,NC(=O)c1cc(-c2ccc(Cl)cc2)nnc1Cl,0.9094073369253812,2.0436872037718175
2661,Cc1cnc(NS(=O)(=O)c2cccc3c(N(C)C)cccc23)cn1,0.7889528939665862,2.307362769546849
2662,CN(C)/C=N\c1nc(/N=C/N(C)C)nc2ncc(Sc3ccc(Cl)c(Cl)c3)nc12,0.40946505574326614,3.4654529557092593
2663,COc1cccc2[nH]c3c(c12)CCNC3,0.7398053779793838,2.5351740278948256
2664,Cl.c1ccc(COc2noc3c2CNCC3)cc1,0.9262467929787233,2.575218680429785
2665,COc1cc2c(Oc3ccc(NC(=O)c4nn(-c5ccc(Br)cc5)c(=O)c5ccccc45)cc3F)ccnc2cc1OCCCN1CCN(C)CC1,0.14085051598664472,2.931636439301375
2666,CCCCNC(=O)[C@@H](C[C@H](O)[C@H](CC1CCCCC1)NC(=O)[C@H](CCCC)N1Cc2ccccc2C[C@H](N2C(=O)c3ccccc3C2=O)C1=O)C(C)C,0.13140703173870688,4.414830441259148
2667,CCCCCCOC(=O)c1c(Br)c(OC)c2c(c1-c1c3c(c(OC)c(Br)c1C(=O)OCCCCCC)OCO3)OCO2,0.13376472161054062,3.344660101759091
2670,N=C(N)NCCC[C@H](NC(=O)[C@H](CC(=O)O)NC(=O)[C@H](CCC(N)=O)NC(=O)[C@H](CCCNC(=N)N)NC(=O)c1ccccc1N)C(=O)O,0.023961304951304035,4.0643646824747846
2671,COc1ccccc1S(=O)(=O)NC(=O)c1ccc(CCNC(=O)c2ccc3ccc(OCc4ccc5ccccc5n4)cc3c2)cc1,0.17543351731277643,2.5863180609604584
2672,COc1cc2c(c(OC)c1)C(=O)/C(=C/c1ccc(C(C)C)cc1)N2,0.8430256088299469,2.390495490557182
2675,CN(C)C1=NC(c2ccc(Cl)cc2Cl)c2ccccc2C1,0.7499440351812194,3.013448647022975
2676,CO[C@@H]1[C@@H](O)[C@@H](O)[C@H](Oc2ccc(CCNC(=O)c3ccc(Cl)cc3)c(-c3cccc(C(F)(F)F)c3)c2)OC1(C)C,0.33019486841980833,3.7996976226732784
2689,CCC1CCN(C(=O)[C@H](Cc2ccc(N)cc2)NS(=O)(=O)c2cnccc2N[C@@H](Cc2ccccc2)CN2CCOCC2)CC1,0.24363291710631751,3.565996024421776
2690,C[C@@H](Oc1cc(-n2cnc3cc(-c4ccnc(N)c4)ccc32)sc1C(N)=O)c1ccccc1C(F)(F)F,0.28423543729305356,3.3744655480834354
2691,Fc1ccc(C(c2nnnn2Cc2ccccc2)N2C[C@H]3CC[C@@H](C2)N3C2CCC2)cc1,0.5951870135706004,4.120344777021617
2695,COC(=O)c1cccc(NC2=CC(=O)C=CC2=O)n1,0.6392965841491246,2.585899161231339
2696,O=C([C@@H]1CCCN1)N1CCN(Cc2cccnc2)CC1,0.8707122439190529,2.5502514608349163
2697,Cn1cc(C2=C(c3cn(CCCCCN)c4ccccc34)C(=O)NC2=O)c2ccccc21,0.34807291539002216,2.576618765807309
2698,Cc1cc(-n2ncc(=O)[nH]c2=O)cc(Cl)c1C(=O)c1ccc(Cl)cc1,0.7127727970883897,2.408445885006074
2699,O=C(c1ccccc1)c1cccc(-n2ncc(=O)[nH]c2=O)c1,0.7341053003565499,2.0653761044395047
2700,CC(=O)c1ccc(-n2ncc(=O)[nH]c2=O)cc1Cl,0.8132508339383868,2.336735363197567
2701,COC(=O)CNC(=O)CSC1=CC(=O)c2cccc(OC)c2C1=O,0.7644135078650462,2.467058678115894
2702,O=C(ON(C(=O)c1ccccc1)c1ccc(C(=O)c2ccccc2)cc1)c1ccc(Cl)cc1,0.27369716437304703,2.163429061592451
2708,COc1cc2c(c3c1c(=O)c1cc4ccccc4cc1n3C)[C@@H](O)[C@@H](OC(=O)/C=C/c1ccc(Cl)cc1)C(C)(C)O2,0.15442665861143365,3.7178422722558864
2710,Cc1cc(C[C@@H](OC(=O)N2CCC(n3cc(-c4ccccc4)[nH]c3=O)CC2)C(=O)N2CCC(N3CCCCC3)CC2)cc2cn[nH]c12,0.2973686955006174,3.6031271174464177
2717,CS(=O)(=O)c1ccc(-c2cc3c(cc2C(=O)c2ccc(F)cc2)OCO3)cc1,0.6245224152539846,2.1364916731923618
2719,CCCCNc1nc(N)nc(C)c1CCCN1CCNCC1,0.6304415635366492,2.515088192351593
2723,O=C1C=CC(=O)C(Nc2ccccn2)=C1,0.725677515680531,2.503560667998908
2724,C=CC(=O)Nc1cccnc1,0.6402297835725348,2.0232534380342013
2725,COc1cccc2c1CC([N+](C)(C)C)CC2,0.6946916603080401,3.1483242735404176
2726,C=CCn1c(=O)c2cccnc2n(CC=C)c1=O,0.7505304140088342,2.498633579838067
2727,C#CCN(Cc1ccc2nc(C)nc(O)c2c1)c1ccc(C(=O)NCc2cccc([N+](=O)[O-])c2)cc1,0.2205171994596456,2.7145371999610397
2728,CC/C(=C(\c1ccc(I)cc1)c1ccc(OCCCCCN(C)C)cc1)c1ccccc1,0.14026710126764752,2.284209066810652
2729,Cc1cc(-n2ncc(=O)[nH]c2=O)ccc1C(=O)c1ccc(C#N)cc1,0.7278937002843401,2.3525831043085113
2730,COC(=O)[C@H](CC(C)C)NC(=O)CSC1=C(OC)C(=O)c2ccccc2C1=O,0.662996406840525,3.008148267403884
2735,Cl.O=C(O)CCCCNC1(c2ccccc2)CCCCC1,0.7449363748095974,2.282891078059288
2738,CC(C)[C@H](NC(=O)OCc1ccccc1)C(=O)N[C@@H](C)C(=O)N[C@@H](CC(=O)O)C(=O)COC(=O)C(Cc1ccccc1)Cc1ccccc1,0.14696059306524042,3.594636395870909
2741,C[C@H]1CC2=C([C@@H]3Oc4c(O)ccc5c4[C@@]34CCN(CC3CC3)[C@H](C5)[C@]4(O)C2)N(Cc2ccccc2)C1=O,0.6693473512058759,5.55084946382433
2747,Cc1ccc(-c2c(COCc3ccc(C(=O)O)cc3)c(C)nc(CC(C)C)c2CN)cc1,0.47033953891700325,2.455492770917976
2748,NCCCN1N=C(CCc2nc3ccccc3s2)c2ccccc2N(Cc2ccc(-c3ccccc3)cc2)C1=O,0.21483183372633693,2.7806951566807268
2751,COc1cc(/C=C/c2nnc(NC(=O)c3ccc(Cl)cc3)s2)c(Br)c(OC)c1OC,0.458038546484848,2.6012454613096203
2753,Cc1cc[n+](CCCCCc2cc(CCCCC[n+]3ccc(C)cc3)c(CCCCC[n+]3ccc(C)cc3)cc2CCCCC[n+]2ccc(C)cc2)cc1.[Br-].[Br-].[Br-].[Br-],0.049133510275841744,3.540513740157439
2755,CC[C@@H]1C[C@]2(CC[C@H]1OC)Cc1ccc(-c3cncnc3)cc1[C@@]21COC(N)=N1,0.8650032554624876,5.1284138076862344
2758,COc1cc(OC)c2c(O)cc(=O)oc2c1,0.7798629135906919,2.1737432305930877
2759,C[C@@H]1OC(=O)[C@@H](NC(=O)c2cccc(NC=O)c2O)[C@@H](C)OC(=O)[C@H](Cc2ccccc2)[C@H]1OC(=O)c1ccccc1,0.159198658640008,4.469338437225293
2763,CC(C)CCn1c(=O)c2cccnc2n(CCC(C)C)c1=O,0.8240738757933108,2.2696941264175265
2764,Cc1cc(CC(C)N)cc2c1OCO2,0.7757259830875498,2.8044984495109055
2765,Cn1cc(C2=C(c3cn(CCC[N+](C)(C)C)c4ccccc34)C(=O)NC2=O)c2ccccc21,0.36559005315098664,2.7928777699638765
2766,Cn1cc(C2=C(c3cn(CCCCC(=N)N)c4ccccc34)C(=O)NC2=O)c2ccccc21,0.17643403695790616,2.7163551206845344
2767,c1cc(CN2CCN(C[C@@H]3CCCN3)CC2)ccn1,0.8733006770557635,2.6111471561442823
2768,O=c1oc2c(Cl)c(Cl)ccc2c2cc(O)c(O)cc12,0.37718077869547245,2.480331783761203
2769,COC(=O)CNC(=O)CSC1=C(C)C(=O)c2ccccc2C1=O,0.8185563811129906,2.3893639487980103
2773,COc1cc(-c2ccc3c(c2)NC(=O)/C3=C\c2cc(C(=O)NCCN3CCOCC3)c(C)[se]2)ccc1O,0.3006060391322272,3.0516400505703487
2775,COc1ccc(C(=O)Nc2ccc(C)cc2)cc1,0.8953091412058717,1.2430235707882957
2776,CN1CCN(Cc2ccc(C(=O)NN(c3nc(C#N)ncc3Br)C3CCCCC3)cc2)CC1,0.5943799184943653,2.7846243652361746
2784,COc1cc(C(=O)C[n+]2ccc3c([nH]c4ccccc43)c2C)cc(OC)c1OC,0.40082635514781845,2.601969799570007
2786,Cn1c(=O)ccc2cc(C(=O)NCCCCCCC(=O)NO)ccc21,0.38519232570241124,2.1833831043085112
2787,C#CCN(Cc1ccc2nc(C)nc(O)c2c1)c1ccc(C(=O)NCc2cncs2)cc1,0.4236866738697603,2.8897675952387463
2788,Cc1cn(C2CC(O)C(CO)O2)c(=O)[nH]c1=O,0.5842742137821719,3.3763667036123843
2789,C#CCN(Cc1ccc2nc(C)nc(O)c2c1)c1ccc(C(=O)NC)cc1,0.6841214632910456,2.6272607796517864
2790,Cc1cc2c(cc1/N=C(\S)Nc1ccc(S(N)(=O)=O)cc1)C(C)(C)CC(C)(C)S2,0.3405083931467491,3.247173205544893
2791,CCOC(=O)c1ccc(NC(=O)Nc2cc3c(cc2C)SC(C)(C)CC3(C)C)cc1,0.5576833657153003,2.5850789107869705
2792,C=CCNC(=O)c1cccnc1NC(C)(C)CCCCC,0.5372675128502931,2.481306219901665
2793,CON(C)C(=O)c1cc2c(Sc3ccc(C)cc3)cncc2s1,0.6584382276678251,2.680632317352531
2794,CCCCCCCC/C(=C/Cn1oc(=O)n(CC(=O)O)c1=O)c1cccc(OCc2nc(-c3ccc(C(F)(F)F)cc3)oc2C)c1,0.12826134608739911,3.2899866424894135
2795,C=CCNc1ccc(-c2ccc(N3CC(CNC(C)=O)OC3=O)cc2)ccc1=O,0.7065557171965187,2.9434845027595333
2796,CCCN(NC(=O)[C@H]1CCCN1C(=O)[C@@H](NC(=O)[C@@H](NC(C)=O)C(C)C)C(C)C)C(=O)Oc1ccc([N+](=O)[O-])cc1,0.26456378684036896,3.7454351960972385
2797,NC(=O)c1cc(-c2ccc(NS(=O)(=O)c3ccccc3)cc2)nnc1Cl,0.6967683267077704,2.102466370390953
2799,CCC[C@H]1C[C@H](C(=O)N[C@@H]([C@@H]2O[C@H](SC)[C@@H](O)[C@@H](O)[C@@H]2O)[C@@H](C)O)N(C)C1,0.37034350763056995,4.698714423376483
2800,C[C@H]1CC=C2[C@H]1C[C@]1(O)C(=O)C[C@@]2(C)C1(C)CO,0.6961490868054996,5.701531202288799
2801,COc1c(C)c(OC)c(OC)c2c1C[C@H]1N[C@@H]2[C@@H]2Cc3c(OC)c(C)c(OC)c(OC)c3[C@H](COC(=O)c3cccc4ccccc34)N2C1=O,0.22950386644239268,5.205792568664778
2802,COc1ccc([C@H]2CC(=O)O[C@@H](C)C[C@@H](C)/C=C(\C)CCC(=O)NCC(=O)N(C)[C@H](Cc3c(Br)[nH]c4ccccc34)C(=O)N2)cc1,0.24883134869490492,4.876027725897283
2803,O=C(/C=C/c1ccc(O)c(O)c1)NCCN1CCOCC1,0.5455260179428956,2.201496697355246
2805,O=C(c1csc(-c2cccc(O)c2O)n1)N(O)CCc1c[nH]cn1,0.3183752506486702,3.1255692293293853
2808,N#Cc1c(-c2cccc(NC(=O)C(O)CCC(=O)O)c2)cc(-c2ccccc2)nc1N,0.4622301730207663,2.7895388700124712
2810,CCCCCCCCCCCCCCOc1ccc(/C=C(\C)C(=O)OCC)cc1,0.1518297481828936,2.1541173774989826
2815,COC1=Nc2ccc(NC(=O)CCCCCCC(=O)NO)cc2C(C)(C)C1,0.3651276925830911,2.7803068849149444
2816,COc1cc(C(=O)N2CCN(C(=O)c3cc(OC)c(OC)c(OC)c3)C(COC(C)=O)C2)cc(OC)c1OC,0.4102812435512047,2.979266336500567
2817,COc1cc2nc(N3CCN(C(=O)Nc4ccccc4)CC3)nc(N)c2cc1OC,0.6833765554276484,2.167658290341052
2818,COC(=O)/C=C/C(=O)Nc1ccc(/C=C/C(=O)N2CCN(c3nc(N)c4cc(OC)c(OC)cc4n3)CC2)cc1,0.3181979921580562,2.7133767226024315
2819,O=C1NC(=S)NC(=O)C1=Cc1ccncc1,0.40659303992554735,2.521286936886792
2820,Cc1nonc1S(N)(=O)=O,0.573501076268597,3.105266999811608
2821,Cc1c(S(N)(=O)=O)no[n+]1[O-],0.5140404434635694,3.7109635231104168
2822,Cc1no[n+]([O-])c1S(N)(=O)=O,0.5140404434635694,3.6766398967367895
2823,O=C(c1ccccc1)c1ccc(-n2ncc(=O)[nH]c2=O)cc1Cl,0.7433721434336338,2.1573627315537163
2824,Cc1nccn1CCCCc1ccc(CC(=O)N[C@@H](CO)Cc2ccc(OCCC3CCCCC3)c(CCCN)c2)cc1,0.1651194025063212,3.2518658316911226
2825,CCn1cc(C(=O)O)c(=O)c2ccc(C)nc21,0.849523695002097,2.150688320970991
2826,Cc1cc(C)c(C(=O)c2ccc(-n3ncc(=O)[nH]c3=O)cc2)c(C)c1,0.7427283791753002,2.2904224736348358
2827,COc1cc(C(=O)N2CCN(C(=O)c3cc(OC)c(OC)c(OC)c3)CC2)cc(OC)c1OC,0.5754127815390554,2.001598919603369
2828,CC1(C)C2=CCC3C(CC[C@@]4(C)C3CC[C@@H]4OC3CC3)[C@@]2(C)CC[C@@H]1O,0.6610609362317178,4.427992548375583
2829,NS(=O)(=O)c1ccc(N2N=C(C(F)(F)F)CC2c2cccc3ccccc23)cc1,0.6855603932310729,2.949561154833747
2831,COc1ccccc1CCOCc1nc2ncccc2c(=O)[nH]1,0.7053383146471797,2.3422573389899064
2832,O=C(O)C(Cc1c[nH]c2ccccc12)NC(=O)[C@H](Cc1ccccc1)C[C@@H](Cc1ccccc1)C(=O)O,0.22974236479210697,3.2004869761536234
2836,O=C1OCC2=C1C(c1ccc(F)cc1)c1c(c3cccnc3c3ncccc13)N2,0.39241061313616893,3.236175051264114
2847,CC1(C)CC(=O)Nc2cc(C(=O)NCc3cccc(/C=C/C(=O)NO)c3)ccc21,0.3558621453418635,2.5438016736579776
2848,CC1(C)[C@H](C(=O)O)N2C(=O)[C@@H](Cc3cn(-c4ccccc4)nn3)[C@H]2S1(=O)=O,0.7427600386149379,3.8642244113690465
2849,COC(=O)/C=C/CC1C(=O)N2[C@@H](C(=O)O)C(C)(C)S(=O)(=O)[C@H]12,0.42091339404078976,4.053486584045717
2850,COc1ccc2c3c([nH]c2c1)CNCC3,0.739805377979384,2.3738222796430772
2851,CC(=O)/C=C/CC1C(=O)N2[C@@H](C(=O)O)C(C)(C)S(=O)(=O)[C@@H]12,0.5760491507711697,4.132534377655502
2852,C=Cn1cc(C(=O)O)c(=O)c2cc(F)c(N3CCC(CNCC)C3)c(F)c21,0.8092545549317629,3.4026512780796248
2853,NS(=O)(=O)c1ccc(-c2no[n+]([O-])c2-c2ccccc2)cc1,0.7311869863029181,2.487703009792215
2854,NS(=O)(=O)c1ccc(-c2c(S(=O)(=O)c3ccccc3)no[n+]2[O-])cc1,0.64532051082146,2.6763990622635987
2855,COC(=O)CC/C=C\CC[C@H]1C(=O)C[C@@H](O)[C@@H]1/C=C/CC(C)(O)CCC1CCCC1,0.35843298728798006,4.18735337940125
2856,Nc1cc(C(F)(F)F)c(S(N)(=O)=O)cc1S(N)(=O)=O,0.6335964420893468,2.6058096636554495
2857,CC(N)Cc1ccccc1,0.6542162175383444,1.8385878222102576
2858,NC(=O)c1cc(-c2ccc(F)c(Cl)c2)nnc1Cl,0.9223244750677424,2.2325585971065145
2859,COc1cc2nc(N3CCC(C(=O)NCCc4ccccc4)CC3)nc(N)c2cc1OC,0.5882139388915694,2.2227110734996156
2860,C/N=C(\NC1c2cc(C#N)ccc2OC(C)(C)[C@H]1O)NS(N)(=O)=O,0.41568644978274755,3.899501175909551
2861,CS(=O)(=O)c1ccc(N2N=C(C(F)(F)F)CC2c2ccc3c(c2)OCCO3)cc1,0.7482899112033227,3.0813987616713536
2867,CC(=O)N[C@@H]1[C@@H](O[C@@H]2O[C@H](CO)[C@@H](O)[C@H](O)[C@H]2NC(C)=O)[C@H](O)[C@@H](CO)O[C@H]1O,0.20220895494015403,4.419210237834212
2869,C[N+]12CCCC1c1ccccc1CC2,0.5487922818678757,3.638673992789908
2871,O=C1OCC2=C1C(c1cccc(Cl)c1)c1c(c3cccnc3c3ncccc13)N2,0.3675178665814586,3.2693553227573275
2879,Cc1cccc(/C=C/CN(C)Cc2coc3ccccc23)c1,0.665414753336215,2.325189222571373
2882,CC1(C)CC(=O)Nc2ccc(S(=O)(=O)NCCCCCCC(=O)NO)cc21,0.28828615390301027,2.5791284566405164
2883,COc1cc2nc(N3CCN(/C(S)=N/c4ccc(N=[N+]=[N-])cc4)CC3)nc(N)c2cc1OC,0.14543935765280458,3.0595556116828995
2884,CCC(c1ccc(O)cc1)C(CC)c1ccc(O)c(F)c1,0.8190870186501378,3.011249442616954
2885,CN(C)N=Nc1ccc2c(c1)C(=O)N(C)Cc1c(C(=O)OC(C)(C)C)ncn1-2,0.46077106374509413,3.1318694879825006
2886,NC(=O)c1nonc1COc1ccc(S(N)(=O)=O)cc1,0.7467184111715341,2.410398592594234
2887,Ic1ccc(OCc2ccc(CN3CCCCC3)cc2)cc1,0.6571126206628983,1.7462452506778803
2888,CC1Nc2ccc(O)c(CN)c2S1,0.5984630600425569,3.913742820928184
2889,COc1ccc2c(O[C@@H]3C[C@H]4C(=O)N[C@]5(C(=O)NS(=O)(=O)C6CC6)C[C@H]5/C=C\CCCCN(C)C(=O)N4C3)nc(-c3ccc(F)cc3)nc2c1C,0.3459265364857266,4.919910876456768
2890,CCCC[P+](CCCC)(CCCC)Cc1ccc(NC(=O)C2Cc3ccccc3CN2C(=O)C(CCc2ccccc2)NC(=O)OC(C)(C)C)cc1,0.12774029967226114,3.8770862456793047
2892,CN1CCN(CC(c2ccc(OC(F)(F)F)cc2)C2(O)CCCCC2)CC1,0.8387442245636203,2.9674221501662874
2893,COc1ccc(S(C)(=O)=O)cc1C(=O)N1CCN(c2ccc(C#N)cc2F)CC1,0.7565373513586319,2.1909420369058417
2894,Ic1ccc(Cn2cc[n+](Cc3ccc(I)cc3)c2)cc1,0.37682875861600945,2.6273089419958513
2895,O=C(O)CCC/C=C\C[C@H]1[C@@H]2CCC(C2)[C@@H]1NS(=O)(=O)c1cccc2ccccc12,0.44743250520904815,4.310000391430672
2896,CCOc1cccc(-c2cc(COc3ccc(CCC#N)cc3)cc3cccnc23)c1,0.3414917033922419,2.277750871818796
2899,COc1nc(N)nc2c1ncn2[C@@H]1O[C@H](COP(=O)(N[C@@H](CC(C)C)C(=O)OCC(C)(C)C)Oc2cccc3ccccc23)[C@@H](O)[C@@]1(C)O,0.11303604977494917,4.7128580698707605
2900,COc1ccc(C2=NN(C(C)=O)C(c3ccc(Cl)cc3)C2)cc1,0.852722111329769,2.426703435609168
2901,CCOC(=O)c1ccc(OCCCOCCc2cc(C)no2)cc1,0.4911029157546117,2.155463573220789
2902,Fc1ccc(OCCCOc2ccc3c(c2)OCO3)cc1,0.7640495376577102,1.7935128512014007
2911,C[N+](C)(C)C1CCc2c(sc(NC(=O)Nc3ccc(Cl)cc3)c2C(N)=O)C1,0.6747634028856191,3.12099431342266
2912,COc1ccc2c3c([nH]c2c1)C=NCC3,0.7520615993013846,2.843553048873847
2913,COC(=O)CC/C=C\CC[C@H]1C(=O)C[C@@H](O)[C@@H]1/C=C/CC(C)(O)CCC1CCC1,0.37618595533156857,4.215187427524944
2914,c1ccc2c(c1)nc1n2CCNC1,0.647090702213402,2.315874069535454
2915,C/C=C(/C)C(=O)O[C@@]12C[C@@H](C)[C@]3(O)C4C=C(C)C(=O)[C@@]4(O)CC(COC(C)=O)=C[C@H]3[C@@H]1C2(C)C,0.36757739619751617,5.1205133821041695
2920,Nc1nc(/C(=N/OCCSc2nnc(-c3cc(O)c(O)cn3)o2)C(=O)N[C@@H]2C(=O)N3C(C(=O)[O-])=C(C[n+]4ccc(SCCO)cc4)CS[C@H]23)cs1,0.025618043928287978,4.856125983945107
2922,O=C(/C=C/c1c(C(=O)O)[nH]c2cc(Cl)cc(Cl)c12)Nc1cccc(O)c1,0.4909164030578472,2.519467951002122
2923,O=C1CSC(c2ccc([N+](=O)[O-])cc2)N1c1ccc(Cl)cc1O,0.6731316802641201,2.852001497739346
2924,O=C1CC[C@@H](c2nc(Nc3cc(C4CC4)[nH]n3)c3cccn3n2)N1C(=O)c1ccc(F)nc1,0.3568419200890729,3.648757719556345
2925,COc1ccc2c(c1)C(=O)N(C[C@@]1(c3ccc(-c4cccnc4)cc3)NC(=O)NC1=O)C2,0.6082851107942573,3.0581738434156307
2926,CCCCCc1ccc(NC(P(=O)(O)O)P(=O)(O)O)cc1,0.3641015131864284,2.5313150490035987
2928,O=C(O)[C@@H]1C[C@@H](Cc2ccc(Cl)cc2)CN1,0.847770075064296,2.8616886741909404
2929,COC1(C(=O)O)C[C@H](O)[C@@H](NC(C)=O)[C@H]([C@H](O)[C@H](O)CNC(=O)CC23CC4CC(CC(C4)C2)C3)O1,0.24506670190263338,5.498788085735863
2930,N=C(N)NCCC[C@H](NC(=O)[C@H](Cc1c[nH]c2ccccc12)NC(=O)[C@@H](N)CCCNC(=N)N)C(=O)NCCc1ccccc1,0.051911449198570846,3.698762553542842
2931,CC1(C)S[C@@H]2[C@H](NC(=O)C(N)c3ccc(O)cc3)C(=O)N2[C@H]1C(=O)O.O=C(NCP(=O)(O)N[C@H](Cc1ccccc1)C(=O)O)OCc1ccccc1,0.09204684031681146,4.533224828218371
2932,CC(=O)c1ccc(OCCCOCc2ccc3c(c2)OCO3)cc1,0.5472551815760692,1.9681079688251835
2936,CS(=O)(=O)Nc1ccc(Nc2c3ccccc3nc3ccc(N=[N+]=[N-])cc23)cc1.Cl,0.1743715058460018,2.571014692078851
2937,Cc1ccc(N(CCN)C(=O)c2ccc(Cl)cc2Cl)cc1,0.9271947339702249,2.012840702660286
2943,C=C1CCC[C@H]2[C@](C)(CC3=C(O)C(=O)C=C(NCC(C)C)C3=O)[C@@H](C)CC[C@@]12C,0.48818349359639734,4.42730327072021
2944,CC(C)C[C@H](NC(=O)[C@@H](NC(=O)[C@H](Cc1c[nH]c2ccccc12)NC(=O)[C@H]1CCCN1C(=O)C(CCCCN)CCCCN)C(C)(C)C)C(=O)O,0.10113213356370067,4.1409506603748785
2945,CC(C)C[C@H](NC(=O)[C@@H](NC(=O)[C@H](Cc1ccc(O)cc1)NC(=O)[C@H]1CCCN1C(=O)[C@H](CCCCN)NC[C@@H](N)CCCCN)C(C)(C)C)C(=O)O,0.07170527520749392,4.479601622100296
2946,NCc1c[nH]c2ccccc12,0.6303990386862902,1.8405787016818458
2947,CCCCCCCC/C(=C\Cn1oc(=O)[nH]c1=O)c1cccc(OCc2nc(-c3ccc(C(F)(F)F)cc3)oc2C)c1,0.15355317397771145,3.1080275576332266
2948,COC(=O)/C=C/CC1C(=O)N2[C@@H](C(=O)O)C(C)(C)S(=O)(=O)[C@@H]12,0.42091339404078976,4.053486584045717
2949,O=C(c1ccc(Cl)cc1)c1ccc(-n2ncc(=O)[nH]c2=O)cc1Cl,0.7257157092686666,2.212849336711029
2950,O=C1O/C(=C/I)CCC1c1cccc2ccccc12,0.5488232585487887,3.2031489375207993
2951,C1=C(c2ccccc2)CCNC1,0.66105755957187,2.1307800229463005
2952,O=C(O)c1cn(C2CC2)c2cc(N3CCNCC3)c(F)cc2c1=O,0.8932298763507216,2.465200657032499
2960,O=C1CSC(c2ccc(Cl)cc2)N1c1ccc(Cl)cc1O,0.8764125906288882,2.736825961234187
2962,COc1ccc2c(c1)c(CN1CCNCC1)cn2S(=O)(=O)c1ccc(C(C)C)cc1,0.6531569723081952,2.3772979241409065
2973,O=C(OCCCCCCN1CCCCC1)c1cc(O)c2c(c1)C(=O)c1cccc(O)c1C2=O,0.3928265448376484,2.470183762255731
2975,C=C1CCC[C@H]2[C@](C)(CC3=C(O)C(=O)C=C(N)C3=O)[C@@H](C)CC[C@]12C,0.5868363165786606,4.463478360435241
2976,CCNCC1CCN(c2c(F)cc3c(=O)c(C(=O)O)cn(CC4CC4)c3c2F)C1,0.7411077666351921,3.1898918385944306
2977,COc1cc2nc(N3CCN(C(=O)/C=C/c4ccc(N=C=S)cc4)CC3)nc(N)c2cc1OC,0.3280969065047657,2.7499983802897887
2978,Nc1cc[n+](Cc2ccc(Cc3ccc(C[n+]4ccc(N)c5ccccc54)cc3)cc2)c2ccccc12,0.3115482793439012,2.7202626885199024
2979,Cc1ccc(Sc2cncc3sc(/C=N/OCC(=O)O)cc23)cc1,0.5282771882480808,2.87718932572915
2980,C[C@H](O)CNc1nccc(-n2ccnc2Cc2cccc(NC(=O)c3ccc(Cl)cc3)c2)n1,0.36592954429739066,2.9544576385846852
2981,CN(CCCNC(=O)c1ccccc1)C(=O)c1cc2ccccc2cc1C(=O)C(c1cccc2ccccc12)P(=O)(O)O,0.10375100936618206,3.1405172960038588
2986,CCCN(CCc1cccs1)C1CCC2=C(CCCC2=O)C1,0.7637155265958558,3.2808966204138077
2988,CC(C)NC(=O)Cn1c(-c2cccc(Cl)c2)cn2cc(N3CCC4(CC3)CNC4)cc2c1=O,0.6044597546444712,3.4540999475829874
2989,COc1ccc(C2SCC(=O)N2c2ccc(Cl)cc2O)cc1,0.9256856527648532,2.7005465273616984
2990,NC(=O)n1ccc(-c2ccc(-c3ccccc3Cl)cc2)n1,0.7818479309045812,2.132900543509093
2991,C=CCCCCCCCCCOC(=O)[C@H](CC(C)C)NC(=O)[C@H](COC(C)(C)C)NC(=O)[C@H](Cc1ccccc1)NC(=O)CCc1ccccc1,0.05796895594949949,3.755494640673108
2992,COc1ccc(F)cc1C1CC1CNCc1sccc1OC,0.84128988875,3.2657923472381576
2993,C[C@@H](O)[C@H]1C(=O)N2C(C(=O)O)=C3CCSCC3[C@H]12,0.7049908316273542,4.207831978306464
2994,CCCCc1nc(Cl)c(C(=O)OC(OC(=O)C(C)(C)C)C(C)C)n1Cc1cccc2c1ccn2-c1ccccc1-c1nn[nH]n1,0.12470221137139734,3.7244860985272634
2995,CC(=O)NC1C(O)CC(SC[C@@H](O)C2OC3OC(C)(C)OC3C2O)(C(=O)O)OC1[C@H](O)[C@H](O)CO,0.14544037235471435,5.287173951857751
3004,CN1CCN(C(=O)c2cn(Cc3cc(C(C)(C)C)cc(C(C)(C)C)c3)nn2)CC1,0.7973529638339659,2.469018572933104
3008,C#CCN(Cc1ccc2nc(C)nc(O)c2c1)c1ccc(C(=O)NCc2ccsc2)cc1,0.4179768256957982,2.748475120322359
3009,CC/C(=C(\c1ccc(I)cc1)c1ccc(OCCCCCCCCN2CCCC2)cc1)c1ccccc1,0.10286000964747731,2.3931488147678976
3010,CN(C)c1cccc2c(S(=O)(=O)Nc3ccc(Br)cn3)cccc12,0.7148955232662666,2.210995605367744
3011,Oc1ccc(C(=C(C(F)(F)F)C(F)(F)F)c2ccccc2)cc1,0.7382186489392515,2.3972224032467864
3012,C[C@H](O)CNc1nccc(-n2ccnc2Cc2cccc(NC(=O)c3ccccc3-c3ccccc3)c2)n1,0.26195056672988265,3.0117949629621084
3016,CCCCc1nc2ccc(C(C)C)cc2c(=O)n1Cc1ccc(-c2ccccc2S(=O)(=O)NC(=O)Nc2ccccc2)cc1,0.17594987146836163,2.566910940968752
3018,CC(=O)Cc1cccc(-c2ccc3c(c2)CC(NS(=O)(=O)C(C)C)C3)c1,0.8475107022641748,2.84540756038302
3019,COc1ccc(F)c(CC[N+](C)(C)C)c1,0.6943267824014346,2.2830535034193
3020,C[N+](C)(C)CCc1cccc(OC(F)(F)F)c1,0.7444344250473353,2.3552881203020934
3024,COc1ccc(C2SCC(=O)N2c2ccc(Cl)cc2O)c(OC)c1,0.8915494193174307,2.827021523589055
3028,CCCc1ccc(CC(C)(Oc2ccc(C(C)C)cc2)C(=O)O)cc1,0.7157476291988428,2.542271363952189
3034,CN1C(=O)[C@H](CCO)CC2=C1[C@@H]1Oc3c(O)ccc4c3[C@@]13CCN(C)[C@H](C4)[C@]3(O)C2,0.6684898253436812,5.827129143690699
3042,COc1cc2c(Oc3ccc(NC(=O)c4nn(-c5ccccc5)c(=O)c5ccccc45)cc3F)ccnc2cc1OCCCN1CCOCC1,0.15968498214132903,2.82796275370254
3043,CN(C)c1cccc2c(S(=O)(=O)Nc3cccnc3)cccc12,0.7996626082226874,2.0799116072933597
3044,O=C1NCCN(c2cccnc2)N1,0.6416382378931991,2.8754895475796776
3045,Cc1c(C)c2c(c(C)c1O)CCC(C)(CNCCOc1ccc(/C=C3\SC(=O)NC3=O)cc1)O2,0.39770154973725064,3.4271057018039137
3046,CCCc1nc(Br)cnc1NS(=O)(=O)c1cccc2c(N(C)C)cccc12,0.6103837516333357,2.6238250387610975
3047,Cc1c(C)c2c(c(C)c1OCc1ccccc1)CCC(C)(CN(C)CCOc1ccc(/C=C3\SC(=O)NC3=O)cc1)O2,0.2680336876428408,3.462580660873206
3048,C[C@H](O)CNc1nccc(-n2ccnc2Cc2cccc(NC(=O)c3ccc(Cl)c(C(F)(F)F)c3)c2)n1,0.296976669939877,3.1932020865449733
3054,NC(=O)c1c(NC(=O)Nc2ccc(Cl)cc2)sc2c1[C@H]1CC[C@@H](C2)N1,0.659710446789369,4.11180695347183
3055,Nc1nccc(Oc2ccc(-n3ccc(C(=O)Nc4ccc(F)cc4)cc3=O)cc2F)c1Cl,0.43844524763609855,2.4963080429167306
3060,O=C(O)COc1cccc(CC(C(=O)O)c2nc(-c3ccccc3)c(-c3ccccc3)o2)c1,0.37919179011620957,2.8012098653053314
3061,COc1nc(N)nc2c1ncn2[C@@H]1O[C@H](COP(=O)(N[C@@H](C)C(=O)OC(C)C)Oc2cccc3ccccc23)[C@@H](O)[C@@]1(C)O,0.13909113038106563,4.537352837482818
3062,COc1nc(N)nc2c1ncn2[C@@H]1O[C@H](COP(=O)(N[C@@H](C)C(=O)OC2CCCC2)Oc2cccc3ccccc23)[C@@H](O)[C@@]1(C)O,0.13529398304030718,4.589883358964361
3063,CCCNC1COCCN1c1nc(Nc2nc(SC)cc(-c3cc(OC)c(OC)c(OC)c3)n2)nc(N2CCOCC2NCCC)n1,0.16013568281219626,4.268998795248015
3065,CCS(=O)(=O)c1cc(C(=O)N[C@@H](Cc2ccccc2)[C@H](O)CNCc2cccc(C(F)(F)F)c2)cc(N(c2ccccc2)S(C)(=O)=O)c1,0.16680956490159193,3.6427245066359593
3066,CCCOc1ccc2c(c1)C(=O)C(C1=C(O)C(=O)c3c(ccc4c3C=CC(C)(C)O4)C1=O)=C(C1=C(O)C(=O)c3c(ccc4c3C=CC(C)(C)O4)C1=O)C2=O,0.27059582655748166,3.893296183101869
3067,CC1(C)C=Cc2c(ccc3c2C(=O)C(O)=C(C2=C(C4=C(O)C(=O)c5c(ccc6c5C=CC(C)(C)O6)C4=O)C(=O)c4c(ccc5c4C=CC(C)(C)O5)C2=O)C3=O)O1,0.2632781106221979,3.939228736673921
3068,CC1(C)C=Cc2c(ccc3c2C(=O)C(O)=C(C2=C(C4=C(O)C(=O)c5c(ccc6c5C=CC(C)(C)O6)C4=O)C(=O)c4c(ccc5c4CCC(C)(C)O5)C2=O)C3=O)O1,0.264158781501984,4.076262836645269
3069,CCN(CC)CCN(CC)c1cc(C)c(OCC(=O)N[C@@H](Cc2ccccc2)[C@H](O)C(=O)N2CSC(C)(C)[C@H]2C(=O)N[C@H]2c3ccccc3C[C@H]2O)c(C)c1,0.15771803585144503,4.564896834126205
3070,C[C@H](NC[C@@H](O)[C@H](Cc1ccccc1)NC(=O)c1cccc(OS(=O)(=O)Cc2ccccc2)c1)C(=O)NC1CCCCC1,0.20535667190247633,3.5094139817849648
3071,COc1ccccc1N(c1cccc(C(=O)N[C@@H](Cc2ccccc2)[C@H](O)CN[C@@H](C)C(=O)NC2CCCCC2)c1)S(C)(=O)=O,0.21059398487861095,3.676797320350838
3072,C=C(C)[C@@H]1CC[C@]2(C(=O)NC(CO)(CO)CO)CC[C@]3(C)[C@H](CC[C@@H]4[C@@]5(C)CC[C@H](O)C(C)(C)[C@@H]5CC[C@]43C)[C@@H]12,0.2993960346614149,5.04503676681289
3073,C[C@H](NC[C@@H](O)[C@H](Cc1ccccc1)NC(=O)c1cccc(N(c2ccc(Cl)cc2)S(C)(=O)=O)c1)C(=O)NC1CCCCC1,0.21684391884508847,3.6354769984402218
3074,O=C1N/C(=N/S(=O)(=O)c2ccccc2)S[C@@]12O[C@H](CO)[C@@H](O)[C@H](O)[C@H]2O,0.37443067794107104,4.880664627544771
3077,C[C@H]1CCCC[C@H](CCCC(Cl)Cl)c2c(O)cc(cc2O)C[C@@H](C)CCCC[C@H](CCCC(Cl)Cl)c2c(O)cc(cc2O)C1,0.20792823023641843,6.04464142705324
3079,COC(=O)CC[C@@H](C)[C@H]1CC[C@H]2[C@@H]3[C@H](OC(C)=O)C[C@@H]4C[C@]5(CC[C@]4(C)[C@H]3CC[C@]12C)OOC1(CC[C@@H](C)CC1)OO5,0.24362370616037246,5.700720561357895
3081,O=C(Cc1ccccc1)OC(Cn1ccnc1)c1ccccc1,0.65553679476481,2.509534699096813
3082,CCOC(=O)C(CC)[N+]1(C)CCc2cc(OC)c3cc2[C@@H]1Cc1ccc(cc1)Oc1cc(ccc1OC)C[C@H]1c2c(cc(OC)c(OC)c2O3)CCN1C,0.13193151048294044,6.589289793375126
3083,N=C(N)N1CCC[C@H]1Cc1nc(-c2ccc(Nc3nc(-c4cccc(OC(F)(F)F)c4)cs3)cc2)no1,0.2145453628256983,3.25396997199769
3087,CCC(c1ccc(O)c(Br)c1)C(CC)c1cc(Br)c(O)c(Br)c1,0.45487288527733194,3.4191225524616042
3088,Cc1cc(-n2ncc(=O)[nH]c2=O)ccc1Cc1ccccc1,0.8006513140215892,2.146813467076866
3089,O=C1O/C(=C\I)CCC1c1cccc2ccccc12,0.5488232585487887,3.2031489375207993
3090,CCc1cc2c(Sc3nnc(N)s3)ncnc2s1,0.7486190961626973,2.8251577336842217
3091,O=c1cnn(-c2ccc(C(O)c3ccc(Cl)cc3)c(Cl)c2)c(=O)[nH]1,0.7466920471596323,2.8078580333479533
3092,CNn1cc(C(=O)O)c(=O)c2cc(F)c(N3CCN(C)CC3)cc21,0.8630949703831076,2.5856069298641433
3093,COc1cc(C(=O)N2CCN(C(=O)c3cc(OC)c(OC)c(OC)c3)C(COC(=O)CC(C)(C)C)C2)cc(OC)c1OC,0.3521539372279048,3.1903283737029575
3100,Cc1ccc(N(c2ccccc2)S(C)(=O)=O)cc1C(=O)N[C@@H](Cc1ccccc1)[C@H](O)CNCc1cccc(C(F)(F)F)c1,0.19042249678626338,3.4149990122316245
3101,COP(=O)(O)C(=O)Oc1ccccc1,0.7820861031105903,2.8769261667329555
3103,COc1cc2c(c(OC)c1)C(=O)/C(=C/c1ccc(N(C)C)cc1)N2,0.8734727198296331,2.448769198938354
3104,CC(=O)N1N=C(c2ccc(Cl)cc2)CC1c1ccc(Br)cc1,0.7396564188897468,2.5047909442351486
3109,NCCN(C(=O)c1ccc(Cl)cc1Cl)c1ccc(Oc2ccccc2Cl)cc1,0.5129606234347557,2.14181455537347
3119,O=C(C1CCCCN1)N1CCN(Cc2ccccn2)CC1,0.8963886042762849,2.575238999043835
3120,CCCCN(CCCC)C(=O)OCC1CN(C(=O)c2cc(OC)c(OC)c(OC)c2)CCN1C(=O)c1cc(OC)c(OC)c(OC)c1,0.2494820388386953,3.3063277817231853
3121,O=S(=O)(c1ccccc1Br)n1cc(CN2CCNCC2)c2ccccc21,0.6861824708556938,2.34578825869443
3122,Cc1ccc([S+]([O-])c2cncc3sc(C(N)=O)cc23)cc1,0.7545720152334889,3.774754774793511
3123,COc1cc2nc(N3CCN(C(=O)/C=C/C(=O)c4ccccc4)CC3)nc(N)c2cc1OC,0.4527580594400258,2.434307493843292
3124,COc1cc2nc(N3CCN(C(=O)c4ccc5ccccc5c4)CC3)nc(N)c2cc1OC,0.516940137055105,2.24364201705804
3125,Cc1ccc(Sc2cncc3sc(/C=N/OCc4ccccc4)cc23)cc1,0.28585032314211195,2.661379615684176
3126,O=C(CCCc1ncc(C(F)(F)F)cc1C1CCCCC1)N1CCc2c(Cl)c(O)c(O)c(Cl)c2C1,0.41782236196144995,3.045028575081159
3127,C[C@]1(Cc2ccc(Br)cc2)NC(=O)N(c2cc(Cl)cc(Cl)c2)C1=O,0.7138979616021272,2.8177876231611254
3128,COc1ccc(C(=O)/C(Cc2ccc(OC)c(OC)c2OC)=C(\C(=O)O)c2ccc3c(c2)OCO3)cc1,0.3157319109838129,2.6376768262765022
3133,COc1cccc(N2C(=O)N(Cc3ccccc3F)C3(CCN(Cc4ccc(-c5cccc(NS(C)(=O)=O)c5)cc4)CC3)C2=O)c1,0.22929264094429017,3.1792888175888105
3134,CN(C/C=C/c1ccc([N+](=O)[O-])cc1)Cc1ccc2c(c1)CCO2,0.6007188658653737,2.359822770545202
3137,N=C(N)NCCC[C@H]1NC(=O)[C@@H](CCCN=C(N)N)NC(=O)[C@H](Cc2ccc(O)cc2)NC(=O)/C=C\[C@@H](Cc2ccc3ccccc3c2)NC1=O,0.0700467893992442,4.937075407118414
3141,O=C(N1CCOCC1)N1CCc2c([nH]c3ccccc23)C1,0.8043483825803127,2.2983436204321688
3142,O=C(/C=C/c1ccc(O)c(O)c1)N1CCN(c2ccccn2)CC1,0.6652113150097054,2.1822027036555696
3148,Cc1c(C)c2c(c(C)c1O)CCC(C)(COc1ccc(CC3SC(=O)NC3=O)cc1)O2,0.7166041254699328,3.586458714609586
3149,c1ccc2c(c1)cc1n2CCNC1,0.6402199171315861,2.4408231819614876
3150,Cc1ccc2c(c1)C1(OCCO1)C(=O)N2,0.6906691234499851,3.0724569410649574
3151,Cc1cc(O)nc2c3c(ccc12)OC(C)(C)[C@H](OC(=O)C12CCC(C)(C(=O)O1)C2(C)C)[C@@H]3OC(=O)C12CCC(C)(C(=O)O1)C2(C)C,0.35092109586442527,6.114904315531165
3152,Cc1ccc(O)c(C2C3=C(COC3=O)Nc3c2c2cccnc2c2ncccc32)c1,0.3718165843352139,3.3684089338962755
3153,CCC(c1ccc(O)cc1)C(CC)c1ccc(O)cc1,0.8200551330488968,2.8163482189987104
3154,COc1cc(CC(C)N)c(OC)cc1I,0.8649335012315389,2.6993554204925054
3155,CCC1CCc2nc(N)nc(N)c2C1,0.6994419364235775,3.073067680280136
3156,Oc1ccc2nc(N3CCNCC3)cnc2c1,0.7565047740780125,2.344003504917479
3157,CN1CCN2c3ccccc3Cc3ccccc3C2C1,0.7212588245608211,2.5796240814346554
3158,NC(=O)c1cc(-c2ccc([N+](=O)[O-])cc2)nnc1Cl,0.6793325921765031,2.1853820796191936
3159,CN1Cc2c(C(=O)OCC3CC3)ncn2-c2ccc(Cl)cc2C1=O,0.8022022978531387,2.6462360186857694
3160,CC1=CC(C)(C)Nc2cc3oc(=O)cc(C(F)(F)F)c3cc21,0.732537571396702,2.8744547783080083
3161,Cc1ccc(Sc2cccc3sc(C(N)=O)cc23)cc1,0.7756088104272177,2.2073668075371877
3162,CC(N)Cc1ccc(I)cc1,0.8111627877424624,2.3499634072165883
3163,COC(=O)c1cc2c(Sc3ccc(C)cc3)cncc2s1,0.6650828245403879,2.420485158893708
3164,Cc1ccc(Sc2cncc3sc(C(=O)O)cc23)cc1,0.7759716394717082,2.4391295605736243
3165,C[C@]1(/C=C/C#N)[C@H](C(=O)[O-])N2C(=O)C[C@H]2S1(=O)=O.[Na+],0.2853477030997905,4.997425277670927
3166,CC(=O)NC[C@H]1CN(c2ccc(C(C)=O)cc2)C(=O)O1,0.8422050786185118,2.5058829222548535
3167,Cc1ccc(NS(=O)(=O)c2cccc3c(N(C)C)cccc23)nc1,0.7898049766323484,2.16166816564329
3168,Cn1cc(O)c(=O)cc1CNCCCNc1ccnc2cc(Cl)ccc12,0.5556536529172811,2.6077409239750953
3169,O=c1cc(CNCCCCNc2ccnc3cc(Cl)ccc23)n(C2CC2)cc1O,0.4614947013762974,2.6817525952932364
3170,CNC(=N)NCCCC(N)P(=O)(O)O,0.1531211131513621,3.905079810457651
3171,NC(=O)c1cc(-c2ccccc2)nnc1Cl,0.8613696074903057,1.9664438599637162
3172,CCOC(=O)CNC(=O)c1cc(-c2ccncc2)nnc1Cl,0.8386623728813896,2.26034916363837
3173,O=C(NCc1ccc(Cl)cc1Cl)c1cc(-c2ccncc2)nnc1Cl,0.7118361750806788,2.24402090031532
3174,Cc1nc2ccccn2c1C(=O)NNC(=O)c1ccccc1,0.7065906312177562,2.0209387418021407
3175,O=C(C(=O)N1CCCCC1C(=O)OCCS(=O)(=O)c1ccccc1)c1ccccc1,0.3804614866797157,2.683099999585151
3176,COc1c2occc2c(CN2CCCCC2)c2ccc(=O)oc12.Cl,0.6698772877764892,2.662730994035268
3177,C#CCN(Cc1ccc2nc(C)nc(O)c2c1)c1ccc(C(=O)N[C@H](CCC)C(=O)O)cc1,0.43215117934311115,3.1424615076218263
3178,CCCCNC(=O)CC1CCN(c2nc(N)c3cc(OC)c(OC)cc3n2)CC1,0.6557178005849145,2.359912013453684
3179,Oc1ccc(/C(=C(/c2ccc(O)cc2)C(F)(F)F)C(F)(F)F)cc1,0.5832249782870366,2.425252810864361
3180,O=C(CN1C(=O)/C(=C/c2ccc(O)c(O)c2)SC1=S)NO,0.21377986058076512,2.483487345128525
3181,NC(=O)c1cc2c(Sc3ccc(-c4ccccc4)cc3)cncc2s1,0.5418048228987928,2.3595633541956094
3182,CC(C)NCC(O)COC(=O)c1ccc(O)cc1,0.6566648754888016,2.4364522488735982
3183,CCCCCCCCCCCCCCCCCCNC(=O)OCCSCCOC(=O)N(Cc1cccc[n+]1CC)C(C)=O.[I-],0.0796643555799481,3.2137104347652787
3184,COc1ccc(-c2cc(C(N)=O)c(Cl)nn2)cc1,0.9173898299275625,2.0003908106073
3185,NC(=O)c1cc2c(Cl)cncc2s1,0.7867452295476717,2.566128211547287
3186,COC(=O)c1c(O)cc(O)c(Cl)c1CCC(=O)Nc1ccccc1,0.7206905530035951,2.1700335032907176
3187,COC(=O)c1c(O)cc(O)c(Cl)c1CCC(=O)Nc1ccccc1Br,0.6283416192496973,2.337972503144968
3188,O=C1N(CN2CCCCC2)c2ccccc2C12OCCO2,0.8300924931119631,2.8901452025177825
3189,Nc1nc(N)c2nc(Sc3cc(Cl)c(Cl)cc3Cl)cnc2n1,0.6599493190804846,2.820822726669734
3190,O=c1ccc2ccccc2o1,0.530221668211064,1.6719282209126138
3191,CSc1ccc(CC(C)N)cc1,0.7240567300872014,2.3071705064530708
3192,C#CCN(Cc1ccc2nc(C)nc(O)c2c1)c1ccc(C(=O)NCC(=O)O)cc1,0.5165679931862214,2.6597207360348936
3193,O=C1Nc2ccc(Cl)cc2C12OCCS2,0.7569750365057146,4.056538187297375
3195,Cc1ccsc1C(=O)N1CCc2c([nH]c3ccccc23)C1,0.7294158298227973,2.2932125989945913
3196,c1ccc2[nH]c(CN3CCc4c([nH]c5ccccc45)C3)nc2c1,0.5941249102145789,2.229613351569151
3197,Clc1ncc(C2CC3CCC2N3)cn1,0.7164423715440327,4.598677132752451
3198,COc1cc2nc(N3CCN(/C(S)=N/C4CCCCC4)CC3)nc(N)c2cc1OC,0.43785720634733116,2.805074032738192
3199,CCNCC1CCN(c2c(F)cc3c(=O)c(C(=O)O)cn(CC)c3c2F)C1,0.8064753576144807,3.107885373713721
3200,CCNCC1CCN(c2c(F)cc3c(=O)c(C(=O)O)cn(C4CC4)c3c2F)C1,0.7921741291322385,3.1211551710265777
3201,CCCCCCCC(=O)OCC1CN(C(=O)c2cc(OC)c(OC)c(OC)c2)CCN1C(=O)c1cc(OC)c(OC)c(OC)c1,0.19201497533379477,3.146417263362431
3202,c1ccc(C[n+]2ccc(NCCCCCCCCCCNc3cc[n+](Cc4ccccc4)c4ccccc34)c3ccccc32)cc1,0.07988456276631088,2.7975315098347515
3203,CSc1ccc(C(=O)c2ccc(-n3ncc(=O)[nH]c3=O)cc2Cl)cc1,0.5607787854618064,2.3723692581546647
3205,NC(=O)c1cc(-c2ccc(C(F)(F)F)cc2)nnc1Cl,0.9269600549625081,2.1990747697504123
3206,C#CCNc1cccc(-c2ccc(N3CC(CNC(C)=O)OC3=O)cc2)cc1=O,0.7375841622906835,3.046481313266101
3207,COc1ccc2c(c1)-c1nc(-c3ccccc3)[nH]c1CCC2,0.7662174871007965,2.128588682630543
3208,CC(C)NCC(O)COc1ccc(COCC2CC2)cc1,0.6951122052355703,2.509056730464957
3209,COc1cc(Cc2cnc(N)nc2N)cc(OC)c1OC,0.8533555071280714,2.2113109944374756
3210,Nc1nc(N)c2cc(NC(=O)Cc3ccc(Cl)c(Cl)c3)ccc2n1,0.6628600502588947,2.0913565697764724
3211,O=C(O)/C(O)=C/C(=O)c1cccc(CN(Cc2ccccc2)Cc2ccccc2)c1,0.311300566915407,2.1829550703052742
3212,Cc1ccc(Sc2cncc3sc(/C=N/O)cc23)cc1,0.4378234318118456,2.8419065115718087
3213,CN1CCN(c2cc3c(cc2F)c(=O)c(C(=O)O)cn3-c2ccc(F)cc2)CC1,0.7337853615542815,2.334049536905841
3214,C[C@]1(Cn2ccnn2)[C@H](C(=O)O)N2C(=O)C[C@H]2S1(=O)=O,0.6721670015102429,4.174614244922463
3215,CCn1cc(C(=O)O)c(=O)c2cc(F)c(N3CCNCC3)cc21,0.8910262977655083,2.4120525133584483
3216,CC1(C)[C@H](C(=O)O)N2C(=O)[C@@H](Cc3cn(CC4CCCN4)nn3)[C@H]2S1(=O)=O,0.6054157078611359,4.423933493829265
3217,COC(=O)c1c(O)cc(O)c(Cl)c1CCC(=O)Nc1ccccc1OC,0.6658613366150125,2.2431796519772043
3218,COc1ccc(N(CC(=O)NCCC[Se]c2ccccc2)C(=O)c2ccccc2)cc1,0.3572971435147856,2.4282206266793214
3219,COc1c2occc2c(COCCCO)c2ccc(=O)oc12,0.5561899016620758,2.7616244560878567
3220,CNc1ncnc2c1ncn2Cc1ccccc1,0.7582687046226794,2.061439809155921
3221,Cc1nc(NS(=O)(=O)c2cccc3c(N(C)C)cccc23)ccc1Br,0.688353117071359,2.3459194636013923
3222,CCNCC1CCN(c2c(F)cc3c(=O)c(C(=O)O)cn(C4CC4C)c3c2F)C1,0.7729862986434571,3.698683916329758
3223,c1cncc(CN2CCN(CC3CCCCN3)CC2)c1,0.8977061127245456,2.607469635541566
3224,O=[N+]([O-])c1ccc(CN2CCc3c([nH]c4ccccc34)C2)o1,0.5946192266470431,2.441217828340603
3225,CCc1cc2c(O)ncnc2s1,0.7292664619421895,2.7275759505481094
3226,CCCC[C@@H](C[C@@H](CCc1ccc(Cc2ccccc2)cc1)C(=O)N[C@H](C(=O)Nc1ccccc1)C(C)(C)C)C(=O)O,0.17896584161587417,3.4278447312118887
3227,Fc1ccc(-c2c(-c3ccccn3)nc3n2CCC3)cc1,0.7158484620597954,2.2647488313502837
3228,CNC(=N)NCCCC(N)[PH](=O)O,0.17677081509651227,4.890554247493969
3229,COc1cc2nc(N3CCN(C(=O)c4ccco4)CC3)nc(N)c2cc1OC,0.7265621787893097,2.3020663908165098
3230,COC(=O)/C=C/C=C/C(=O)N1CCN(c2nc(N)c3cc(OC)c(OC)cc3n2)CC1,0.41124639311695943,2.661536594849082
3231,C#CCN(Cc1ccc2nc(C)nc(O)c2c1)c1ccc(C(=O)NCC)cc1,0.6486458035816999,2.6189968338544833
3233,Nc1nc(S)c2ccccc2n1,0.47335707459068116,2.3699664482856644
3234,Cc1c(NC(=O)C(Sc2ccc3ccccc3c2)C(C)C)ccc2nc(N)nc(N)c12,0.3834571507868113,3.0015807798267957
3235,CC/C(=C(\c1ccc(I)cc1)c1ccc(OCCCCCCN(C)C)cc1)c1ccccc1,0.1275070857885536,2.310045255924434
3236,Nc1nc(N)c2nc(Sc3ccc4ccccc4c3)cnc2n1,0.5849219647025896,2.5186738717109183
3237,Oc1ccc(C(=C2CCCCC2)c2ccc(O)cc2)cc1,0.8240433626108904,2.144053204290934
3238,COc1cc(C(F)(F)F)c(OC)cc1CC(C)N,0.9077511621628027,2.6568779077132376
3239,O=C(O)c1cn(Cc2ccccc2)c2ccc(Cc3ccccc3)cc2c1=O,0.5692807747080963,1.9329682284233467
3240,COc1ccc(/C=C/C(=O)N2CCN(c3nc(N)c4cc(OC)c(OC)cc4n3)CC2)cc1,0.5730983475823188,2.366199146871116
3241,COc1cc2nc(N3CCN(C(=O)/C=C/c4cccc(F)c4)CC3)nc(N)c2cc1OC,0.6136131452511382,2.4211903138245088
3242,O=c1oc2cc(O)c(O)cc2c2cc(F)ccc12,0.362958798933863,2.2109520413765296
3243,CCCCC(CC)CNC(=O)OCC1CN(C(=O)c2cc(OC)c(OC)c(OC)c2)CCN1C(=O)c1cc(OC)c(OC)c(OC)c1,0.2715374363213461,3.5830449096464356
3244,Cc1cc(Br)ccc1C(=O)c1ccc(-n2ncc(=O)[nH]c2=O)cc1Cl,0.6603780156836552,2.4104465539023945
3245,CN/C(=C\[N+](=O)[O-])NC1c2cc(C#N)ccc2OC(C)(C)[C@H]1O,0.5594893781190615,3.8723094010968406
3246,c1cc(CN2CCN(CC3CCCCN3)CC2)ccn1,0.8977061127245456,2.6158511740031045
3247,COC(=O)[C@@H](N)CCC(=O)Nc1ccc([N+](=O)[O-])cc1.Cl,0.46169444832650436,2.466511446596284
3248,CC1(C)[C@H](C(=O)O)N2C(=O)C(C/C=C/C=O)[C@H]2S1(=O)=O,0.4288236762806958,4.29014531001122
3249,CCNCC1CCN(c2c(F)cc3c(=O)c(C(=O)O)cn(C)c3c2F)C1,0.847263984492492,3.114861921163084
3250,Cc1ccc(Sc2cncc3sc(C(=O)c4ccccc4)cc23)cc1,0.41839843413227823,2.3347787388109946
3251,Br.Oc1noc2c1CNCC2,0.6731416252092156,3.526457259374152
3252,C[C@H](O)CNc1nccc(-n2ccnc2C(=O)c2cccc(NC(=O)c3ccc(Cl)cc3)c2)n1,0.332001472551033,3.007619770003755
3253,CCCC(=O)c1ccc(-n2ncc(=O)[nH]c2=O)cc1,0.8266775822002653,2.183631817254561
3254,CN(C)c1cccc2c(S(=O)(=O)Nc3cnccn3)cccc12,0.7962284567423096,2.2573191812578575
3255,CN(C)c1cccc2c(S(=O)(=O)Nc3ccc(Br)cc3)cccc12,0.6970375866197919,1.9831623103045999
3256,NC(N)=NCCCC(N)[PH](=O)O,0.1888412131245618,4.501500519555657
3257,CC1OC(OC2CCC3(C)C(CCC4C3CCC3(C)[C@@H](C5=CC(=O)OC5)C(O)CC43O)C2)CC(O)C1O,0.33038369343292057,5.199422917844084
3259,CC(=O)N(CCCC[C@H](NC(=O)N[C@@H](CCC(=O)O)C(=O)O)C(=O)O)Cc1ccccc1,0.2629578044678615,2.9929747263844355
3261,Fc1ccccc1Cn1cnc2c(N3CCC3)ncnc21,0.7392318079518055,2.2135949445179204
3262,Clc1ccc2nc(N3CCNCC3)c(Sc3ccccc3)nc2c1,0.7716826966473581,2.3479517639033443
3263,CN(C)c1ncnc2c1ncn2Cc1ccccc1,0.7153867670413879,2.1362939784895527
3264,Clc1ccc(C2CC3CCC2N3)cn1,0.7171230906591743,4.308380697480406
3265,COc1ccc(NS(=O)(=O)c2cccc3c(N(C)C)cccc23)nn1,0.7543170443892979,2.3262180493634563
3266,N#Cc1c(NC(=O)COc2ccc(F)cc2F)sc2c1CCC2,0.9319512370494664,2.2020538558140714
3267,Brc1ccc2[nH]c3c(c2c1)CCN=C3,0.7431837215238872,3.0159323680561165
3268,O=C(NCc1ccccc1)c1cn(C2CC2)c2ccc(I)cc2c1=O,0.6217515075957335,2.152484172254649
3269,Cc1cc(CCCCCOc2ccc(C3=NCCO3)cc2Cl)on1,0.6705587227702539,2.6043110457482594
3270,c1ccc(C2CN3CCNCC3c3ccccc32)cc1,0.8517875986652543,2.8965052250032777
3271,COc1ccc(C2CN3CCN(C)CC3c3ccccc32)cc1,0.8475687668062077,2.8722286744570855
3272,COc1cc2nc(N3CCC(C(=O)NCC4CC4)CC3)nc(N)c2cc1OC,0.7835524373314434,2.319097904935301
3273,COc1ccc(N(CC(=O)NCCC[Se]c2ccccc2)C(=O)C#Cc2ccccc2)cc1,0.2764821524914949,2.7895992184750433
3274,CN1CC[N+](C)(CCCOc2c3occc3cc3ccc(=O)oc23)CC1.[Br-],0.3120129241401186,3.2845030873440937
3275,C/C=C/COc1noc2c1CNCC2.Cl,0.8033701907475702,3.417268283639081
3276,Cc1cc2c(cc1CC(C)N)OCO2,0.7757259830875498,2.6535469702209635
3277,CC(C)COc1noc2c1CNCC2.Cl,0.8632025614383876,3.1058107923498817
3278,CC1c2ccccc2CN1NC(=O)c1ccc(Cl)c(S(N)(=O)=O)c1,0.871691470851573,3.0002694413429447
3279,CN(C)c1cccc2c(S(=O)(=O)Nc3ncccn3)cccc12,0.7962284567423096,2.176261666464958
3280,C[C@]1(/C=C\C#N)[C@H](C(=O)[O-])N2C(=O)[C@@H](CO)[C@H]2S1(=O)=O.[Na+],0.3100198896714222,5.209783800601345
3281,C[C@H](O)CNc1nccc(-n2ccnc2C(=O)c2cccc(NC(=O)Nc3ccc(Cl)c(Cl)c3)c2)n1,0.24596991652705114,3.1415710401111685
3282,CC[C@]1(F)C(=O)OCc2c1cc1n(c2=O)Cc2cc3c4c(ccc3nc2-1)OCO4,0.46212640911028086,3.703009697723253
3283,CCC(c1cc(Br)c(O)c(Br)c1)C(CC)c1cc(Br)c(O)c(Br)c1,0.37537251741014704,3.4942899341475
3284,CNC1C2CCC(C2)C1(C)C,0.6075372291376281,4.6777066769785565
3285,O=c1cc(-c2ccc(O)cc2O)oc2cc(O)ccc12,0.6318329361180623,2.315288597589239
3286,O=C(c1cc2ccccc2[nH]1)N1CCN(c2ncccc2NCc2ccccc2)CC1,0.5181622045349545,2.1827251082846715
3288,CC(=O)NCCOc1cc(Br)ccc1C(=O)NCCCC[C@H](NC(=O)N[C@@H](CCC(=O)O)C(=O)O)C(=O)O,0.1249088154954211,3.242533282981114
3289,Nc1nc(N)c2c(Cl)c(N)ccc2n1,0.5624723151046671,2.561108520914811
3290,CN1Cc2c(C(=O)OCC(C)(C)C)ncn2-c2ccc(Cl)cc2C1=O,0.7696082719214971,2.7292464850454206
3291,C=C1C[C@@H]1CC(N)=O,0.5160053966576148,3.3607260166188935
3292,CC(C)(CNC(=O)Cc1ccccc1)NCC(O)COC(=O)c1ccccc1F,0.5298224704233193,2.684556026628618
3293,Oc1ncnc2c1Cc1ccccc1N2,0.5795632626332767,2.7173013006220987
3294,O=C(NCc1ccccc1)c1cn(C2CC2)c2cc(F)ccc2c1=O,0.7937223525653951,2.016899123500586
3295,NC(=O)c1cc2c(Sc3ccc(C(F)(F)F)cc3)cncc2s1,0.7497779038605705,2.6209779941276796
3296,CCc1nc(Br)cnc1NS(=O)(=O)c1cccc2c(N(C)C)cccc12,0.659698963551061,2.5911044894636603
3297,Nc1nc(N)c2nc(Sc3ccc(Cl)c(Cl)c3)cnc2n1,0.7393192813946162,2.6641202827529007
3298,O=C1Nc2ccc(Cl)cc2C12OCCO2,0.7278891362330536,3.091561413336871
3299,O=C1N(Cc2ccccc2)c2ccccc2C12OCCO2,0.8483605355899044,2.5786045077286985
3300,CC(=O)Nc1nc(C)c(O)c(C)c1C,0.7144236045602917,2.4757536626152152
3301,Nc1ccc(NS(=O)(=O)c2ccc(N3C(=O)c4ccccc4C3=O)cc2)cc1,0.5231768035085693,1.9605473693948934
3302,C[C@@]1(O)[C@H](O)[C@@H](CO)O[C@@]1(C#N)n1ccc(N)nc1=O,0.4638888574102285,4.497425496605606
3303,COc1ccc2c(c1)[nH]c1cnccc12,0.6524354206962715,2.0141117901325885
3304,Cc1c(C)c2c(c(C)c1O)CCC(C)(CN(C)CCOc1ccc(/C=C3\SC(=O)NC3=O)cc1)O2,0.5356785937863856,3.4749403692360463
3305,CCC(c1cc(I)c(O)c(I)c1)C(CC)c1cc(I)c(O)c(I)c1,0.31606209589697287,3.9004711841474995
3306,CCOC(=O)c1ncn2c1CN(C)C(=O)c1cc(F)ccc1-2,0.793247744649229,2.5284532436936917
3307,O=[N+]([O-])c1ccc2nc(N3CCNCC3)cnc2c1,0.6381377372837309,2.3372142582098334
3308,Nc1nc(N)c2nc(Sc3cccc(C(F)(F)F)c3)cnc2n1,0.7401568063826672,2.6942025133584497
3309,CC(C)Nc1ccc(N2CCN(C(=O)c3ccc4[nH]ccc4c3)CC2)nc1,0.7461403977234798,2.3017484470451226
3310,O=C(c1cc2ccccc2[nH]1)c1cc2cc(OC(=O)c3ccccc3C(=O)c3ccccc3)ccc2[nH]1,0.1641433793281573,2.4411866882094415
3311,NC(=O)c1[nH]nc2nc(S)nc(O)c12,0.3724723722889974,3.588431192979588
3313,CC[N+](CC)(CC)Cc1c2ccoc2c(OC)c2oc(=O)ccc12.[Cl-],0.4814691184877142,3.3282188832354658
3314,O=C1Nc2ccccc2C12SCCS2,0.7312845635146857,3.4791074840036176
3315,Cc1ccc2[nH]c(C(=O)c3cc4ccccc4[nH]3)cc2c1,0.5289864280275105,2.191545511983241
3316,Nc1ccc2nc(N)nc(N)c2c1,0.5018346806599204,2.1808551346242098
3317,COC(=O)c1cc(Cn2cc(C(=O)O)c(=O)c3cc(I)ccc32)ccc1O,0.44071451803305384,2.3417342778463386
3318,CCNCC1CCN(c2c(F)cc3c(=O)c(C(=O)O)cn(C4CCC4)c3c2F)C1,0.7724723374855644,3.131492223209815
3319,Cc1ccc(Sc2cncc3sc(/C=N/OCC(N)=O)cc23)cc1,0.5400775275468681,2.9309806300769754
3320,CCNCC1CCN(c2c(F)cc3c(=O)c(C(=O)O)cn(C4CCCC4)c3c2F)C1,0.749428405162967,3.1330386421190877
3321,COC(=O)[C@@H](N)COC(=O)Nc1ccc([N+](=O)[O-])cc1.Cl,0.4705235904980303,2.6466473906522268
3322,Cc1cc(-n2ncc(=O)[nH]c2=O)ccc1C(O)c1ccccc1,0.7633609318084625,2.7259145598695227
3323,Cc1nccn1CCCCc1ccc(CC(=O)N[C@@H](CO)C(=O)N[C@@H](CCCCN)C(=O)NCCC2CCCCC2)cc1,0.15738379805127573,3.4427783577382023
3324,C#CCN(Cc1cc2c(O)nc(C)nc2cc1C)c1ccc(C(=O)N[C@@H](C(=O)O)c2cccc([N+](=O)[O-])c2)c(F)c1,0.15576227099626072,3.556595663763188
3325,Nc1nc2ccc(Nc3ccccc3)cc2o1,0.7027497586507755,1.998425658763633
3326,CN(C)c1ccc2nc(N)oc2c1,0.7163259618520866,2.3683012884703647
3327,COc1ccc(S(=O)(=O)N2C[C@@H]3CCCN3C(=O)C[C@@H]2C(=O)NO)cc1,0.5564752107592086,3.1302723806139623
3328,N/C(=N/CCCC(N)[PH](=O)O)N[N+](=O)[O-],0.11089110973983915,4.6177838501909045
3329,c1ccc(CN2CCN3CC(c4ccccc4)c4ccccc4C3C2)cc1,0.6731053143296074,2.757225476919947
3330,CN1CCN2CC(c3ccc([N+](=O)[O-])cc3)c3ccc([N+](=O)[O-])cc3C2C1,0.6108112257309053,3.2249466869964207
3331,COc1cc2c(Oc3ccc(NC(=O)c4nn(-c5cccc(F)c5)c(=O)c5ccccc45)cc3F)ccnc2cc1OCCCN1CCC(C)CC1,0.1363970470583524,2.9414838239167587
3332,C=C1[C@@H](CC(N)=O)[C@H]1CCCCCCCCCCCC,0.3749975237849653,3.2484375326955854
3333,CN(C)S(=O)(=O)NCC(C)(C)NCC(O)COC(=O)c1ccccc1F,0.48873341786402075,3.042293095500076
3334,C[C@@H](N)Cc1c2ccoc2cc2ccoc12.Cl,0.7585366149175499,3.320376526737002
3335,C/C(=C\Cn1oc(=O)[nH]c1=O)c1ccc(OCc2nc(-c3ccc(C(F)(F)F)cc3)oc2C)cc1,0.4019830424362213,2.903519557294823
3337,S=C(Nc1nc(Nc2ccc(Cl)cc2)nc(Nc2ccc(Cl)cc2)n1)N1N=C(c2ccccc2)CC1c1ccccc1Cl,0.15129986556115324,3.170176847075739
3338,CC[C@H]1CCC(=O)N2[C@H](Cc3c[nH]c4ccccc34)CO[C@H]12,0.9461815070706311,3.621213874025475
3339,CCCCCNC(=N)N/N=C/c1c[nH]c2ccc(O)cc12,0.24433030872251446,2.811576697355246
3340,O=[N+]([O-])O[C@H]1CO[C@H]2[C@@H]1OC[C@H]2O[N+](=O)[O-],0.44641049179076997,4.399977572261141
3341,CC(C)Oc1noc2c1CNCC2.Cl,0.8180883363763979,3.172787873141531
3342,Cc1cc(O)nc2cc(O)ccc12,0.6430395478030222,2.34403590385498
3343,CNc1ncnc2c1ncn2Cc1cccc(F)c1,0.7799138931689797,2.208304048419624
3344,Nc1ccccc1S(N)(=O)=O,0.5805509816764026,1.8933159861646054
3345,C[C@@H](N)Cc1c2ccoc2c(Br)c2ccoc12.Cl,0.7638286350578254,3.552166848559625
3346,CCOC(=O)/C(O)=C/C(=O)c1cccc(Cn2cc(C(=O)O)c(=O)c3cc(I)ccc32)c1,0.15260249987939592,2.680568560577754
3347,Brc1ccc(C2CC(c3ccccc3)=NN2c2ccccc2)cc1,0.5628946308648508,2.349414964833537
3348,O=C(/C=C/c1ccc(O)c(O)c1)N1CCN(c2ccccc2)CC1,0.6723492517870585,2.0182622354281445
3349,ONC1c2cc(O)c(O)cc2-c2cc(O)c(O)cc21,0.34285767128218647,2.975930896187238
3350,Nc1cc[n+](Cc2cccc(-c3cccc(C[n+]4ccc(N)c5ccccc54)c3)c2)c2ccccc12,0.32852242268206505,2.83655271639501
3351,O=c1oc2ccccc2c2ccccc12,0.40845614689355175,1.6082715803423788
3352,Nc1cc[n+](Cc2ccc3c(c2)Cc2cc(C[n+]4ccc(N)c5ccccc54)ccc2-3)c2ccccc12,0.3315101304953762,3.097713528952795
3353,Nc1nc2ccc(N3CCOCC3)cc2o1,0.7814743151211988,2.302751421338513
3354,CN(CCC(=O)N(C)C)Cc1cccc2nc(N)oc12,0.8910428376170193,2.6833490821047246
3355,CN(C)c1ccc(C#Cc2ccccc2)cc1,0.6685817451027781,1.846774274148249
3356,CCNCC1CCN(c2c(F)cc3c(=O)c(C(=O)O)cn(OC)c3c2F)C1,0.7886004773302321,3.3566352697636184
3357,COc1cc2nc(N3CCN(C(=O)/C=C/c4ccc(Br)cc4)CC3)nc(N)c2cc1OC,0.5396173084099449,2.409405867501601
3358,Cn1cc(C2=C(c3cn(CCCSC(=N)N)c4ccccc34)C(=O)NC2=O)c2ccccc21,0.17756700448182305,2.83373809940794
3359,O=c1ccc2cc3ccoc3c(OCCO)c2o1,0.7144504076421709,2.6311118756960568
3360,C[C@H](Nc1ccnc2cc(Cl)ccc12)C(=O)NCCN1CCCCC1,0.82953314074928,2.597725460942156
3361,CC[C@H](C)[C@H](Nc1ccnc2cc(Cl)ccc12)C(=O)N1CCN(C)CC1,0.8698495897353389,3.0160346830375664
3362,NCC(=O)N[C@@H](CCCN=C(N)N)C(=O)NCC(=O)N[C@@H](CC(=O)O)C(=O)N[C@@H](CO)C(=O)N1CCC[C@H]1C(=O)O,0.043084205597911256,3.8648784308916087
3363,CCNCC1NCC(c2ccccc2)c2ccccc21,0.8884433199384303,3.019300114181897
3364,Cc1c(C)c2c(c(C)c1OCc1ccccc1)C(CN(C)CCOc1ccc(/C=C3\SC(=O)NC3=O)cc1)C(C)(C)O2,0.2625296171732543,3.513735011009609
3365,CS(=O)(=O)c1ccc2nc(N3CCNCC3)cnc2c1,0.8656284930334025,2.3235166051080363
3366,O=C(O)c1cc(/N=N/c2ccc(O)c(C(=O)O)c2)ccc1O,0.6399634717122534,2.4387464341098344
3367,Cn1cc(C[C@@H]2CO[C@H]3CCCC(=O)N23)c2ccccc21,0.8487456394067269,3.3637018016203033
3368,Clc1ccc(OC(CC2CNC2)c2ccc(Cl)c(Cl)c2)cc1Cl,0.6722760959497255,2.870274093893192
3369,Brc1cccc2[nH]c3c(c12)CCNC3,0.7395372032485468,2.707963512521406
3370,Brc1ccc2[nH]c3c(c2c1)CCNC3,0.7395372032485468,2.511831054735289
3371,N#Cc1ccc(-c2cc(C(N)=O)c(Cl)nn2)cc1Cl,0.9197307462273348,2.4070616654180093
3372,CCc1cc2c(NCc3ccccc3)ncnc2s1,0.7810744587510062,2.0692033391289133
3373,COc1cc2nc(N3CCC(C(=O)NCCO)CC3)nc(N)c2cc1OC,0.6690504634574566,2.298709767506038
3374,O=C(/C=C/c1ccc(O)c(O)c1)N1CCN(c2ccccc2F)CC1,0.6647651347563474,2.1189920812470646
3375,C#CCN(Cc1ccc2nc(C)nc(O)c2c1)c1ccc(C(=O)NCc2ccccn2)cc1,0.4294133163627838,2.6696808834548005
3376,OCCOCOCc1cc(CCCCCOc2c(Cl)cc(C3=NCCO3)cc2Cl)on1,0.3269992929235409,3.066477549756245
3377,CC(C)(C)C(=O)C(=O)N1CCC[C@H]1C(=O)OCCCc1cccnc1,0.44811579125995205,2.8542352435508516
3378,CC(C)C[C@@H](NC(=O)[C@H](Cc1ccccc1)NC(=O)[C@@H](CC(C)C)NC(=O)[C@H](Cc1ccccc1)NC(N)=O)C(=O)N[C@@H](Cc1ccccc1)C(=O)O,0.09248285960989565,3.663638826862556
3379,COc1noc2c1CNCC2.Cl,0.7102364689720689,3.1748758271421025
3380,C[C@@H](N)Cc1c2c(c(C(F)(F)F)c3c1OCC3)OCC2.Cl,0.909914252626289,3.7701793836592206
3381,CC[N+]1(c2ccccc2)CCSCC1,0.6734805189231372,3.258618296761557
3382,CN(C)c1ccc(C#Cc2ccc(F)c(F)c2)cc1,0.7073956196489861,2.0740591031761877
3383,COc1cc2nc(N3CCC(C(=O)Nc4ccccc4)CC3)nc(N)c2cc1OC,0.6698861530771859,2.1479870917721797
3384,Cc1ccc(Sc2cncc3sc(C=O)cc23)cc1,0.6603050164798502,2.6719362162517886
3385,CC12CCC(OC=O)CC1CCC1C2CCC2(C)[C@@H](C3=CC(=O)OC3)C(O)CC12O,0.5407994220210758,4.866706999771157
3386,CN/C(=N/C1=CC(C)(C)Oc2ccc(C#N)cc21)NC#N,0.3536362231508927,3.4005810209626723
3387,CNC(=O)c1cc(-c2ccncc2)nnc1Cl,0.8756823260581849,2.249708889532865
3388,CN1CCN(C(=O)CCCNc2ccnc3cc(Cl)ccc23)CC1,0.8456831839433269,2.1403893257291493
3389,CC[C@H](C)[C@H](NC(=O)OC(C)(C)C)C(=O)C=[N+]=[N-],0.4609173560341248,3.67807863486797
3390,CC(O)(CS(=O)(=O)c1ccc(F)cc1)C(=O)Nc1ccc(C#N)c(C(F)(F)F)c1,0.5604120760868545,2.9526754849480756
3391,CC[C@H]1Nc2cc3nc(O)cc(C(F)(F)F)c3cc2CC1(C)C,0.7967662681986041,3.7114336627517535
3392,O=C1NC(=O)C(c2ccccc2)(c2ccccc2)N1,0.8001945345367882,2.141492579888153
3393,CSCC[C@H](NC(=O)NC12CC3CC(CC(C3)C1)C2)C(=O)N[C@@H](CC(C)C)C(=O)N[C@@H](Cc1ccccc1)C(=O)O,0.22546060870247503,4.658263472091833
3394,c1ccc2nc(N3CCNCC3)cnc2c1,0.7697746489249019,2.0725013599637165
3395,O=C(c1cnccn1)N1CCc2c([nH]c3ccccc23)C1,0.7416403864288817,2.2906456055438333
3396,CC1OC(n2cc(F)c(=O)[nH]c2=O)C(O)C1O,0.5484019207554993,3.610332741690428
3397,CCc1cc2c(Sc3ccc(C)cc3)ncnc2s1,0.6518777274448277,2.315387684783259
3398,CC1(C)CC(C)(C)c2cc(N/C(S)=N/c3ccc(S(N)(=O)=O)cc3)ccc2S1,0.36305602293730177,3.1205411479015295
3399,O=S(=O)(c1ccccc1)N1N=C(C(F)(F)F)CC1c1ccc2ccccc2c1,0.6238907181240378,2.9030001968867936
3400,CC/C(=C(\c1ccc(I)cc1)c1ccc(OCCCCCCCCCCN2CCCC2)cc1)c1ccccc1,0.08825537609445573,2.451559662292988
3401,O=C1Nc2ccc(Br)cc2C12SCCS2,0.7984962320354978,3.628112755018445
3402,Nc1nc(N)c2cc(Br)ccc2n1,0.7306618104489263,2.100532057701134
3403,O=C(NCc1ccccc1)c1cc(-c2ccncc2)nnc1Cl,0.8003105724548222,2.026114514650068
3404,CN(C)c1ccc(C#Cc2cc(F)ccc2F)cc1,0.7073956196489861,2.135306127849626
3405,c1c2c(cc3c1OCO3)[C@H]1NCCC[C@@H]1C2,0.7207786685623188,3.3678125203447866
3406,COc1cc2nc(N3CCC(C(=O)NCc4ccccc4)CC3)nc(N)c2cc1OC,0.6308120969933881,2.1857247926257326
3407,N#Cc1cc(-c2ccncc2)nnc1Cl,0.7321489026450586,2.4971721170150083
3408,COc1ccc(-c2ccc(N3CC(CNC(C)=O)OC3=O)cc2)ccc1=O,0.8744175197824996,2.6800780206116315
3409,COc1nc(Br)cnc1NS(=O)(=O)c1cccc2ccccc12,0.7351997379860883,2.3211563410211724
3410,CCOC(=O)c1cc2ccccn2c(=O)n1,0.7015979155519378,2.447988475348332
3411,CCOC(=O)c1cc2ccccn2/c(=N/c2ccc(OC)cc2)n1,0.6925721867124195,2.6065010314147674
3413,CC1(C)CCc2cc3c(C(F)(F)F)cc(O)nc3cc2N1,0.7691679786175626,3.0433602196224534
3414,NC1=NC(Cc2ccccc2)CCC1,0.7583242261945352,2.755716864866656
3415,CC(C)(C)/N=C(/NC#N)NC1c2cc(C#N)ccc2OC(C)(C)[C@H]1O,0.3112932127236219,3.9263743512075404
3416,CC1COc2c(N3CCN(C)CC3)c(F)cc3c(=O)c(C(=O)O)cn1c23,0.8747398264671755,3.097642175767634
3417,O=c1oc2c(O)c(O)cc3c(=O)oc4c(O)c(O)cc1c4c23,0.216284535941976,2.9800895110329098
3418,Cc1cc(O)c(O)c2oc(=O)c3cc(O)c(O)cc3c12,0.28355127512029277,2.685815795391438
3419,COc1ccc2sc(C(N)=O)c(OC(C)C)c2c1,0.9242326176378751,2.2511067917689953
3420,Cc1ccc(Sc2cncc3sc(/C=N/Oc4ccccc4)cc23)cc1,0.30852303557456223,2.7673941248282965
3421,Cc1ccc(S(=O)(=O)N2N=C(C(F)(F)F)CC2c2ccc3c(c2)OCO3)cc1,0.7696471346099801,3.0816993729784725
3422,Nc1nc(N)c2c(S(=O)(=O)c3ccc(Cl)c(Cl)c3)cccc2n1,0.7183343250322338,2.4025639487980097
3423,O=C(c1ccc(Cl)cc1)c1ccc(-n2ncc(=O)[nH]c2=O)cc1,0.7433721434336338,2.0546136191276805
3424,CN1CCN(c2c(F)cc3c(=O)c(C(=O)O)cn(CCF)c3c2F)CC1,0.8887969358156733,2.672037940167886
3425,Cn1cc(C2=C(c3cn(CCCCCSC(=N)N)c4ccccc34)C(=O)NC2=O)c2ccccc21,0.14788044978749132,2.8559000627893276
3426,Cc1cc(C)cc(Sc2cncc3sc(C(N)=O)cc23)c1,0.7893525071312837,2.6885599176942296
3427,CN(C)c1ccc(/C=C2\CNC/C(=C\c3ccc(N(C)C)cc3[N+](=O)[O-])C2=O)c([N+](=O)[O-])c1,0.4033950649438511,3.1407979684750424
3428,COc1c2occc2c(CO)c2ccc(=O)oc12,0.7002884021962169,2.7297584124172545
3429,CC1OC(O)C(OC2CCC3(C)C(CCC4C3CCC3(C)[C@@H](C5=CC(=O)OC5)C(O)CC43O)C2)C(O)C1O,0.3381649736574973,5.29557836953535
3430,CN1C(=O)C2(OCCO2)c2ccccc21,0.6302804198967208,2.911960697773365
3431,NC(=O)c1cc(-c2ccncc2)cnc1Cl,0.8057771234026877,2.1237392445791006
3432,CCCCc1ccc2nc(-c3ccc(OC)cc3)cc(C(=O)NC[C@@H](C)C(=O)N3CCC[C@@H]3CO)c2c1,0.42187942760368125,3.1699925280776906
3433,OC1Cc2ccncc2C2(CCN(Cc3ccccc3)CC2)O1,0.9253980488727603,3.480737317527483
3434,CCC(c1ccc(O)cc1)C(CCBr)c1ccc(O)cc1,0.7074029274145717,3.108496257345184
3435,Nc1nc(N)c2cc(Sc3ccc(Cl)c(Cl)c3)ccc2n1,0.7307600899394341,2.3377500089588974
3436,CC(C)(C)NCC(O)COC(=O)c1ccc(N)cc1,0.550180570203826,2.539583688652021
3437,COc1cc(CC(C)N)c(OC)cc1Br,0.9162217628839472,2.5112865743386603
3438,COc1cccc2c1C(=O)c1c(O)c3c(c(O)c1C2=O)C[C@@](O)(C(=O)CO)C[C@@H]3OC1CC(N)C(O)C(C)O1,0.23526258168565614,4.486086475821912
3439,CCOC(=O)c1ccc(N/C(S)=N/c2ccc3c(c2)C(C)(C)CC(C)(C)S3)cc1,0.25441917188339075,2.9986141522904575
3440,C1OC[C@]2(CN3CCC2CC3)O1,0.5254467600094217,4.890350209781472
3441,C[C@@]1(C[N+](C)(C)C)COCCO1.[I-],0.41477379971770834,4.184064499249862
3442,O=C(O)c1ccc(-c2nc(-c3ccc4c(c3)OCO4)c(-c3ccccn3)[nH]2)cc1,0.5455272146401777,2.311161573104936
3443,Cc1cc(O)c(O)c2oc(=O)c3ccc(F)cc3c12,0.3701930436060503,2.437307523406176
3444,O=c1oc2c(O)c(O)ccc2c2cc(O)c(O)cc12,0.27828447861649147,2.5220060441162317
3445,COc1cc2nc(N3CCN(C(=O)C4CC5C=CC4C5)CC3)nc(N)c2cc1OC,0.7729610696619901,4.191931965548319
3446,C/C=C/C=C/C(=O)N1CCN(c2nc(N)c3cc(OC)c(OC)cc3n2)CC1,0.6233818986357702,2.6087208844873953
3447,CCNCC1CCN(c2c(F)cc3c(=O)c(C(=O)O)cn(C4(C)CC4)c3c2F)C1,0.7731274372912917,3.4695183332390265
3448,COc1cc2nc(N3CCN(C(=O)/C=C/c4ccc(F)cc4)CC3)nc(N)c2cc1OC,0.6136131452511382,2.3725218438329616
3449,Nc1cc[n+](Cc2ccc(/C=C\c3ccc(C[n+]4ccc(N)c5ccccc54)cc3)cc2)c2ccccc12,0.22040047028620113,2.8547485856739225
3450,Cc1ccc(C(=O)c2ccc(-n3ncc(=O)[nH]c3=O)cc2)cc1,0.7423863406568361,2.039585216760816
3451,O=c1cnn(-c2ccc(-c3ccc4oc5ccc(Cl)cc5c(=O)c4c3)cc2)c(=O)[nH]1,0.4431526523852541,2.406734676745348
3452,Fc1ccc(-c2c(-c3cccnc3)nc3n2CCC3)cc1,0.7158484620597954,2.2432850596381257
3453,CCC(c1ccc(O)c(I)c1)C(CC)c1ccc(O)c(I)c1,0.4740170716370782,3.4950481714139814
3454,CN(C)c1cccc2c(S(=O)(=O)Nc3ncc(Br)nc3C#N)cccc12,0.6803511753773956,2.7216025663867374
3455,C1=Cc2ccncc2C2(CCN(Cc3ccccc3)CC2)O1,0.845798744564764,3.1402299246096117
3456,CC(N/C(=N\C#N)Nc1ccncc1)C(C)(C)C,0.47634263358580475,3.3745291719505204
3457,COc1cc2nc(N3CCC(C(=O)N4CCOCC4)CC3)nc(N)c2cc1OC,0.8178946028787204,2.356362975274701
3458,CCNc1cccnc1N1CCN(C(=O)c2nc3ccccc3[nH]2)CC1,0.7552544097377579,2.3062317161843087
3459,COc1ccc(-c2ccc3cccc4c3c2C(=O)C(O)=C4)cc1,0.7515876705823877,2.3090236890577494
3460,CCCc1nc2c(C)cccc2c2nc(N)nn12,0.7457551644771966,2.4600190459014186
3461,O=C1NC(=S)NC(=O)C1=Cc1cc(Cl)cc(Cl)c1O,0.4177090187196315,2.6512697580041564
3462,Cc1ccc(C=C2C(=O)NC(=S)NC2=O)o1,0.4230077951047289,2.613582041781898
3463,Cc1c(C)c2c(c(C)c1O)CCC(C)(CN(C)CCOc1ccc(CC3SC(=O)NC3=O)cc1)O2,0.5608504672913731,3.741281160918219
3464,CN(C)c1cccc2c(S(=O)(=O)Nc3ncc(Cl)cn3)cccc12,0.7711976929006655,2.286101690327561
3465,COC(=O)CC/C=C\CC[C@H]1C(=O)C[C@@H](O)[C@@H]1/C=C/CC(C)(O)CCC1CCCCCC1,0.24071450408267028,4.162541748399656
3466,C#CCN(Cc1cc2c(O)nc(C)nc2cc1C)c1ccc(C(=O)N[C@@H](C(=O)O)C(C)(C)C)c(F)c1,0.42771285599830056,3.5181929321669596
3467,Cc1cc(-n2ncc(=O)[nH]c2=O)ccc1C(=O)c1ccccc1,0.7423863406568361,2.1537925540389224
3468,O=c1oc2c(O)c(O)ccc2c2ccccc12,0.35176570260283047,2.101024274148248
3469,CN1CCN2CC(c3ccc(N)cc3)c3ccccc3C2C1,0.8206264835288521,2.9998011041062895
3470,Oc1ccc(/C(=C(/c2ccccc2)C(F)(F)F)C(F)(F)F)cc1,0.5743903798573181,2.462692378432891
3471,COc1ccc2cc3n(c2c1)CCNC3,0.7621632552911237,2.4890852167060142
3472,C[C@]12CCC3c4ccc(O)cc4CCC3C1CC[C@@H]2O,0.757169743555686,3.585348700780936
3473,CCCNc1ncnc2c1ncn2Cc1ccccc1F,0.7828875877923296,2.201283216901274
3474,NC(N)=NCCCC(N)P(=O)(O)O,0.16129903792977954,3.467861702047065
3475,O=C1N(CN2CCCCC2)c2ccccc2C12SCCS2,0.8352690824269791,3.2580687757187743
3476,Cc1c(CC(C)N)ccc2c1OCO2,0.7757259830875498,2.8700830648955193
3477,Cc1cc(O)nc2c3c(ccc12)OC(C)(C)C=C3,0.7679258506561866,2.9987898875303767
3478,C=C1C(=O)O[C@H]2[C@H]1CC/C(COC(=O)Nc1n[nH]c(SC)n1)=C\CC[C@@]1(C)O[C@@H]21,0.25091961618508685,5.03256079394149
3479,Nc1nc(N)c2c(S(=O)(=O)c3ccc4ccccc4c3)cccc2n1,0.5747451677400335,2.306402698798527
3480,O=c1c(-c2ccc(O)cc2O)coc2cc(O)ccc12,0.6318329361180623,2.332757004182646
3481,NS(=O)(=O)c1ccc(CCO)cc1,0.7144019438410941,1.710055134624211
3482,CCN(C)c1cccc2c(S(=O)(=O)Nc3ncc(Br)nc3OC)cccc12,0.6160852866114529,2.6422755002995615
3483,Cc1ccc([C@H]2CC(c3cc(Cl)ccc3O)=NN2C(=O)c2ccncc2)cc1,0.7007672641041632,2.8115217694281753
3484,CN(C)CC1c2ccccc2C(c2ccccc2)CN1C,0.8503376460240949,3.0231199731209326
3485,Cc1ccc2nc(N3CCNCC3)cnc2c1,0.7996007348572278,2.1931385818405555
3486,CCC1CCN(C)c2cc3oc(=O)cc(C(F)(F)F)c3cc21,0.7420241192019938,3.2314018127215007
3487,C/N=C(/NC(N)=O)NC1c2cc(C#N)ccc2OC(C)(C)[C@H]1O,0.43869752547146207,3.7686932720645814
3488,C[C@]1(Cn2ccnn2)[C@H](C(=O)[O-])N2C(=O)[C@@H](CO)[C@H]2S1(=O)=O.[Na+],0.41564849409411314,4.960616702054475
3489,O=C1CCCn2nc(COc3ccccc3)cc21,0.8299316217921198,2.245677254729216
3490,CC1CCn2nc(COc3ccccc3)cc2C1=O,0.8476832706790344,2.9239903361221984
3491,CN1CCN2CC(c3ccc(Cl)cc3)c3ccccc3C2C1,0.7905834756387238,2.8984018252601356
3492,O=C1N(CN2CCOCC2)c2ccccc2C12OCCO2,0.7947532247255795,2.9632774605822974
3493,CN(C)c1cccc2c(S(=O)(=O)Nc3cnc(Cl)cn3)cccc12,0.7711976929006655,2.4100061679395015
3494,COc1cc2c(cc1C)CC(N)C2,0.703949823065587,2.7258812824666467
3495,CNc1cccc2c(S(=O)(=O)Nc3ncc(Br)nc3OC)cccc12,0.6547273190701293,2.532203324088732
3496,Cn1c2c(c3ccccc31)CCNCC2,0.68665300010996,2.2553054964262937
3497,O=C1CCC2=C([C@@H]3Oc4c(O)ccc5c4[C@@]34CCN(CC3CC3)[C@H](C5)[C@]4(O)C2)N1Cc1ccccc1,0.6933729101694732,5.345139941442007
3498,CCNc1cccnc1N1CCN(C(=O)c2ccco2)CC1,0.9363350174860972,2.161469270648295
3499,CCCCNC(=O)COC1CCN(c2nc(N)c3cc(OC)c(OC)cc3n2)CC1,0.5969940664753157,2.4496562951816294
3500,Nc1ccc2nc(NCCCN3CCCCC3)oc2c1,0.6479064862110849,2.303210971401869
3501,CN(C)CCCNc1nc2cccc(N)c2o1,0.6093754102000991,2.532683889532864
3502,Nc1ccc2nc(N)oc2c1,0.547336366742036,2.4095789963468572
3503,CNc1ncnc2c1ncn2Cc1cc(F)ccc1F,0.7957940871224867,2.3497465646222064
3504,CN(C(=O)[C@H](CC#Cc1cccnc1)NS(=O)(=O)c1ccc2ccccc2c1)C1CCCC1,0.5676287188189196,3.073243063685899
3505,CCNc1cccnc1N1CCN(C(=O)c2ccc3ccccc3n2)CC1,0.7739536769401105,2.175175231555645
3506,COc1ccc2c(c1)Cc1c(O)ncnc1N2,0.6660531099268807,2.696283850286397
3507,N[C@@H](Cc1cnc[nH]1)C(=O)N[C@@H](Cc1c[nH]c2ccccc12)C(=O)N[C@@H](Cc1cnc[nH]1)C(=O)NCc1ccccc1,0.11217692615573742,3.5959894573110187
3508,N[C@@H](CCC(=O)Nc1ccc([N+](=O)[O-])cc1)C(=O)O,0.5130044545298578,2.287298620778717
3509,O=C(O)c1ccc(-c2nc(-c3ccc(F)cc3)c(-c3ccncc3)[nH]2)cc1,0.5561500975331852,2.1106076186427565
3510,C[C@]12CC[C@H](O)CC1=CCC1C2CC[C@@]2(C)C1CC[C@@H]2OC1CC1,0.7328753241068289,4.193511247517324
3511,O=C(c1ccccc1)c1cc(-n2ncc(=O)[nH]c2=O)ccc1Cl,0.7433721434336338,2.1705527907253135
3512,COCCCNC(=O)/C=C/c1ccc(C(C)C)cc1,0.6050809578797375,1.9143554747291631
3513,CCNCC1CCN(c2c(F)cc3c(=O)c(C(=O)O)cn(NC)c3c2F)C1,0.7056533191805022,3.33665377288212
3514,CC(=O)OC1CCC2(C)C(CCC3C2CCC2(C)[C@H](C4=CC(=O)OC4)C(=O)CC32O)C1,0.6759431306607898,4.7702505771373485
3516,CN1CCCCC1CN1CCN(Cc2ccncc2)CC1,0.8405991768744432,2.5437680313019015
3517,Cc1ccccc1Sc1cncc2sc(C(N)=O)cc12,0.7989038498919613,2.5579611395209945
3518,Cn1cc(C2=C(c3cn(CCC/N=C(\N)N[N+](=O)[O-])c4ccccc34)C(=O)NC2=O)c2ccccc21,0.09120590970485942,2.964836294983664
3519,CCCCN1CCN2CC(c3ccccc3)c3ccccc3C2C1,0.8289443532507451,2.8647781599290525
3520,c1cncc([C@@H]2CCCN2)c1,0.6525664706122956,2.697823686936868
3521,Cn1c(CC(=O)O)cc(CO)c1C(=O)c1ccc(Cl)cc1,0.8283852831948783,2.428044430148768
3522,COc1cc(C(=O)N2CCN(C(=O)c3cc(OC)c(OC)c(OC)c3)C(COC(=O)NCCC(C)C)C2)cc(OC)c1OC,0.3561059094946872,3.175761587221869
3523,COc1cc(C(=O)N2CCN(C(=O)c3cc(OC)c(OC)c(OC)c3)C(COC(=O)c3ccccc3Cl)C2)cc(OC)c1OC,0.28113287246030694,3.0951643402855087
3524,COc1ccc(-c2c(-c3ccccn3)nc3n2CCC3)cc1,0.7403907628207025,2.228506789139418
3525,Cn1cc(C2=C(c3cn(CCCO)c4ccccc34)C(=O)NC2=O)c2ccccc21,0.5065741392176539,2.5375760005378325
3526,O=C1O/C(=C/Br)CCC1c1cccc2ccccc12,0.7241334783871272,3.1586071193389804
3527,c1ccc2c(c1)c1cc[n+]2Cc2ccc3c(c2)Cc2cc(ccc2-3)C[n+]2ccc(c3ccccc32)NCCCCCCCCCCN1,0.16616477902956286,6.0761911667612285
3528,CN(C)CCCNc1ccc2nc(N)oc2c1,0.7717253458184767,2.358326197225173
3529,C=CCOc1ccc(C(=O)OCC(O)CNC(C)(C)C)cc1,0.5688610364439185,2.6326364281061156
3530,CCCc1cc(=O)oc2c3c(c4c(c12)OC(C)(C)C=C4)O[C@H](C(C)C)[C@H](C)[C@@H]3O,0.735704596053138,4.31958226102304
3531,NC(=O)c1cc2c(Sc3ccc(Cl)c(Cl)c3)cncc2s1,0.7304418225021487,2.6386809085677623
3532,CCOC(=O)c1ccc(N2C(N)=NC(N)=NC2(C)C)cc1,0.8088030614233315,2.4808517175981617
3533,CCc1ccc2c(c1)C(=O)c1nc3ccccc3c(=O)n1-2,0.5364686137518005,2.102879774278323
3534,CCCc1ccc2c(c1)C(=O)c1nc3ccccc3c(=O)n1-2,0.5701629530477811,2.130134346197746
3535,COc1cc2nc(N3CCN(C(=O)/C(F)=C/c4ccccc4)CC3)nc(N)c2cc1OC,0.6136187944088385,2.5329318184737044
3536,COc1cc2nc(N3CCN(C(=O)/C=C/c4ccc(NC(=O)CBr)cc4)CC3)nc(N)c2cc1OC,0.33726252291428965,2.5694390099157918
3537,Cc1cc(-n2ncc(=O)[nH]c2=O)ccc1C(=O)c1ccc(Cl)cc1Cl,0.7127727970883897,2.347221804738515
3538,O=C1c2cc(O)c(O)cc2-c2cc(O)c(O)cc21,0.4512363687592222,2.31705748792891
3539,O=C(C1CCCCN1)N1CCN(Cc2cccnc2)CC1,0.8963886042762849,2.5603409841554985
3540,CC1(C)[C@H](C(=O)O)N2C(=O)[C@@H](Cc3cn(-c4ccc(O)cc4)nn3)[C@H]2S1(=O)=O,0.6735569501433449,3.971107816056036
3541,O=c1oc2ccccc2c2cc(O)c(O)cc12,0.35176570260283047,2.0948136972251703
3542,COc1cc2nc(N3CCN(C(=O)COc4ccccc4)CC3)nc(N)c2cc1OC,0.6418461974696587,2.200448388131351
3543,CCC(C)(C)C(=O)C(=O)N1CCC[C@H]1C(=O)OCCCc1cccnc1,0.4044672408586772,2.8919287142291736
3544,CCNCC1CCN(c2c(F)cc3c(=O)c(C(=O)O)cn(-c4nccs4)c3c2F)C1,0.620508504897386,3.332182598163044
3545,COC(=O)[C@@H](N)CNC(=O)Nc1ccc([N+](=O)[O-])cc1.Cl,0.41367844372170437,2.5856915864564236
3546,CC(=O)/C=C/CC1C(=O)N2[C@@H](C(=O)O)C(C)(C)S(=O)(=O)[C@H]12,0.5760491507711697,4.132534377655502
3547,COc1cc2nc(N3CCN(/C(S)=N/c4ccc(NC(=S)N5CC5)cc4)CC3)nc(N)c2cc1OC,0.1517145120780947,2.8691729465673745
3548,COc1ccc(C2C3=C(COC3=O)Nc3c2c2cccnc2c2ncccc32)cc1F,0.3902583445856426,3.311900620675603
3549,CCCNC(=O)CC1CCN(c2nc(N)c3cc(OC)c(OC)cc3n2)CC1,0.7516408025449834,2.349934516425078
3550,C#CCOc1noc2c1CNCC2.Cl,0.7387018123732776,3.493626147822315
3551,CCNc1cccnc1N1CCN(C(=O)c2cc3ccccc3s2)CC1,0.7650090467972134,2.2379519590992896
3552,C[C@@H](O)CNC(=O)c1c(O)c2ncc(Cc3ccc(F)cc3)cc2n(CC(=O)N(C)C)c1=O,0.48785348293266123,3.09688257785594
3553,COCCNC(=O)c1c(O)c2ncc(Cc3ccc(F)cc3)cc2n(CC(N)=O)c1=O,0.4518197714183134,2.55108796120526
3554,CC(C)Nc1ncnc2c1ncn2Cc1ccccc1F,0.8005586383134153,2.273081312739862
3555,COc1ccc2c(c1OC(C)=O)-c1cc(O)cc3c1C(C2)N(C(=O)CN(CCCl)CCCl)CC3,0.3332671074008161,3.5161787382411616
3556,C=C1[C@@H](CC(N)=O)[C@H]1CCCCCCCC,0.47216711326337796,3.3674967860790543
3557,CCc1nc(N)nc(N)c1-c1ccc(Cl)cc1,0.8561371493463951,2.123367400171162
3558,O=C(Cc1ccccc1)NCCNCC(O)COC(=O)c1ccccc1F,0.4309358161967227,2.4717183434466907
3559,CCOc1ccc(Cc2nc3cc(C(=O)N(CC)CC)ccc3n2CCCCCCCCCCN(C)CCCCCCCCCCn2c(Cc3ccc(OCC)cc3)nc3cc(C(=O)N(CC)CC)ccc32)cc1,0.03616138146016948,3.5662965894955674
3560,CCOc1ccc(Cc2nc3cc(C(=O)NCCCN(C)C)ccc3n2CCC(C)C)cc1,0.4045538140901194,2.297073799740552
3561,CCOc1ccc(Cc2nc3cc(C(=O)NCCCCCCCCCCN(C)CCCCCCCCCCNC(=O)c4ccc5c(c4)nc(Cc4ccc(OCC)cc4)n5CCC(C)C)ccc3n2CCC(C)C)cc1,0.03711547775439449,3.6723933494883854
3562,C/C(=C\Cn1oc(=O)[nH]c1=O)c1ccc(OCCc2nc(-c3ccc(C(F)(F)F)cc3)oc2C)cc1,0.37080506087271903,2.932052158968254
3563,O=C1Nc2ccc(Br)cc2C12OCCO2,0.7785383824506382,3.1660247407071758
3564,CCC1CC(CC)c2cc3c(C(F)(F)F)cc(=O)oc3cc2N1,0.7986445710516351,3.708843927860399
3565,CC(C)(C)c1ccc(N2C(N)=NC(N)=NC2(C)C)cc1,0.8225734352176274,2.6166734151301885
3566,Cc1ccc(S(=O)(=O)N2CC=CC2=O)cc1,0.7731153982239254,2.405905468355325
3567,CC1(C)N=C(N)N=C(N)N1c1ccccc1,0.7321565710277081,2.5110103634602208
3568,CCOC(=O)c1cc2ccccn2/c(=N/c2ccc(F)cc2)n1,0.6989078890980345,2.652748164582224
3569,CC/C(=C(\c1ccc(I)cc1)c1ccc(OCCCCCCCCCN2CCCC2)cc1)c1ccccc1,0.09518369562432316,2.4221737416120988
3570,Brc1cccc2c3c([nH]c12)CNCC3,0.7395372032485468,2.6733818990129645
3571,CCCOc1noc2c1CNCC2.Cl,0.8361515263176534,3.0652154969347416
3572,CCCCOc1noc2c1CNCC2.Cl,0.8062378791434696,2.9617298221006205
3573,CC(C)OC(=O)c1ncn2c1CN(C)C(=O)c1cc(Cl)ccc1-2,0.7925482896800083,2.6143199927540532
3574,Cc1cc(CCCCCOc2c(Cl)cc(C3=NCCO3)cc2Cl)on1,0.6112772232576027,2.763445466945873
3575,O=C(Cc1cccs1)Oc1ccc2[nH]c(C(=O)c3cc4ccccc4[nH]3)cc2c1,0.24511552583145274,2.513649355910367
3576,O=C1C(=O)N(Cc2ccccc2)CC1c1ccccc1,0.7990185331945124,2.4345798742683566
3577,Cc1c([N+](=O)[O-])oc2ccc3c(c12)CCCC3,0.5568819096507847,2.756665620302094
3578,N[C@@H]1CCc2c(ccc(O)c2O)[C@H]1O,0.4513426746305895,3.357295440405192
3579,COC(=O)C1=CCCN(C)C1,0.5139158149125916,2.6169864901433826
3580,CCOC(=O)C1=C(O)C(=O)N(Cc2ccco2)C1,0.8072395230982217,2.559714502914993
3581,O=c1c2sc3ccccc3c2nnn1-c1ccccc1,0.5379073530841261,2.135029485091568
3582,CNc1ncnc2c1ncn2Cc1ccc(F)cc1F,0.7957940871224867,2.327903649642451
3583,Nc1ccc(S(N)(=O)=O)cc1Br,0.71928733891081,2.0874477648817837
3584,Cc1c(NC(=O)Cc2ccc(Cl)c(Cl)c2)ccc2nc(N)nc(N)c12,0.6476499259239042,2.259238527146543
3585,CCC1CCN=C(N)C1,0.562284150523081,3.604811078144916
3586,CN1Cc2c(C(=O)OC(C)(C)C)ncn2-c2ccc(N=C=S)cc2C1=O,0.4610418926554884,3.1008299228331087
3587,Nc1nc(O)c2cc(Sc3ccc(Cl)c(Cl)c3)ccc2n1,0.7256291599244292,2.446892903352639
3588,CN(C)c1ncnc2c1ncn2Cc1c(F)cccc1F,0.7414970959580989,2.4449544418141773
3589,N#CC1(c2cc(CC(=O)O)cc(-c3ccnc4[nH]nc(C(F)(F)F)c34)c2)CC1,0.7094964587867082,3.1347817704368897
3590,Brc1cccc2c3c([nH]c12)C=NCC3,0.7431837215238872,3.1660854637409193
3591,CCN1CCN2CC(c3ccccc3)c3ccccc3C2C1,0.8355315551687437,2.858169828218715
3592,CC1=CC2[C@@]3(O)[C@H](C)C[C@]4(OC(=O)CCCCCCC[C@H]5C[C@@H]5C)[C@H]([C@@H]3C(C)=C(CO)C[C@]2(O)C1=O)C4(C)C,0.19696041940267206,5.280661028752616
3593,COCc1c2ccoc2c(OC)c2oc(=O)ccc12,0.6773864403429573,2.6752258666014406
3594,CC12CCC3c4ccc(O)cc4CCC3C1CCC2O,0.757169743555686,3.585348700780936
3595,COc1cc(O)ccc1/C=C1\SC(=O)NC1=O,0.7826894962582861,2.3736204279944033
3596,Nc1cccc(CCc2nc3ccccc3c3nc(N)nn23)c1,0.5658624420745155,2.337580645534109
3597,Nc1nc2c3c(F)cccc3nc(Cc3ccc4c(c3)OCO4)n2n1,0.603879068362018,2.5873477588320704
3598,Cc1cc(CCCCCOc2ccc(-c3nc(C)c(C)o3)cc2)on1,0.5371817528972854,2.2993089284843347
3599,CC/C(=C(\c1ccc(I)cc1)c1ccc(OCCCCCCCCCCN(C)C)cc1)c1ccccc1,0.09110243032204088,2.4185702012695884
3600,CCOC(=O)c1ncn2c1CN(C)C(=O)c1cc(N=[N+]=[N-])ccc1-2,0.37302971200372886,3.006076891246046
3601,COc1cc2nc(N3CCC(C(=O)NC4CCCC4)CC3)nc(N)c2cc1OC,0.7961794497193792,2.3160589901032456
3602,COCCNC(=O)c1c(O)c2ncc(Cc3ccc(F)cc3)cc2n(CC(=O)NC2CCC2)c1=O,0.4004810740518939,2.604705428566408
3603,CCCc1cc(=O)oc2c3c(c4c(c12)OC(C)(C)C=C4)OC(C)(C)[C@H](C)C3=O,0.6899178976821976,3.8471013038411312
3604,CSCC[C@H](NC(N)=O)C(=O)N[C@@H](CC(C)C)C(=O)N[C@@H](Cc1ccccc1)C(=O)O,0.3025387589216342,3.123991164122433
3605,CCCOc1cccc(C(=O)OCC(O)CNC(C)C)c1,0.6819833696980471,2.4668283889642613
3606,NNc1nc2ccccc2c(=O)n1N,0.4124844364930288,2.3301196389465755
3607,COc1ccc(S(=O)(=O)N2CN(C)C(=O)C[C@@H]2C(=O)NO)cc1,0.5558726828410298,2.941688005183515
3608,CC(C)NCC(O)COC(=O)c1ccc(CO)cc1,0.633639768094605,2.435865919769318
3609,C=CC[C@@](C)(CO)[C@@H](O)C(=O)NCCC(=O)NCCCCC,0.31522820369259513,3.408495159679953
3610,COc1cc(CN2CCc3nc(N)nc(N)c3C2)cc(OC)c1OC,0.8326063843268989,2.400795412000818
3611,C=C(C)c1cc2c3c(ccc2o1)[C@@H]1COc2cc(O)ccc2[C@@H]1O3,0.7007520113018971,3.7416963473142326
3612,CC(C)NCC(O)COc1ccc(C[S+]([O-])CC2CC2)cc1,0.6465955071815458,3.6921747287910316
3613,N#CC1(c2cc(CC(O)CO)cc(-c3ccnc4[nH]nc(C(F)(F)F)c34)c2)CC1,0.6082008473556733,3.6725635693636605
3614,Cc1ccc(C(=O)NNC(=O)c2c(C)nc3ccccn23)cc1,0.7112658569671121,2.0652155126188045
3615,COC(=O)c1ccc(N2C(N)=NC(N)=NC2(C)C)cc1,0.7709909021191645,2.5025978466734884
3616,Brc1ccc2nc(N3CCNCC3)cnc2c1,0.8702848329447116,2.2876801203020953
3617,C[C@H](N)Cc1c2ccoc2cc2ccoc12.Cl,0.7585366149175499,3.320376526737002
3618,COc1ccc2cc3c(ccc4oc([N+](=O)[O-])cc43)cc2c1,0.3061963640451339,2.3772354450988438
3619,C=C1[C@H](CCCCCCCCCCCC)[C@H]1CC(=O)[O-].[Na+],0.2917187499156793,3.7780398516634435
3620,O=c1cc(-c2ccc(O)cc2)oc2cc(O)cc(O)c12,0.6318329361180623,2.25266936682001
3621,COc1ccc(CCNCC(O)COC(=O)c2ccc(N)cc2)cc1OC,0.3299199940568609,2.507542190652117
3622,Nc1nc2c3cccc(O)c3nc(Cc3ccc4c(c3)OCO4)n2n1,0.5756289885473714,2.6215648294327014
3623,CCNc1cccnc1N1CCN(C(=O)c2cccc3cc[nH]c23)CC1,0.7600575354628669,2.357835967196454
3624,CC(CN1CCCCC1)OC(=O)[C@@H]1CCCN1C(=O)C(=O)c1ccccc1,0.43537599150856976,3.005268678163148
3625,Nc1ccc2nc(N3CCNCC3)cnc2c1,0.7017170977086281,2.325086889532864
3626,NS(=O)(=O)c1nc2ccc(O)cc2s1,0.7517257928405745,2.3884979945990192
3627,Nc1nc(S)c2cc(Sc3ccc4ccccc4c3)ccc2n1,0.40779414528803093,2.505945743123089
3628,Nc1nc(N)c2cc(NC(=O)CCc3ccc(Cl)cc3)ccc2n1,0.6757780044818351,1.985531899012642
3629,Nc1nc(N)c2c(CSc3ccc4ccccc4c3)cccc2n1,0.5486863057934092,2.2967187380559526
3630,COc1cc2c(cc1OC)Nc1ncn(C)c(=O)c1C2,0.7651610060989824,2.634842993193635
3631,NS(=O)(=O)c1cc(C(=O)NN2Cc3ccccc3C2CO)ccc1Cl,0.7356921373788273,3.065433236861887
3632,Nc1nc(N)c2c(n1)CCC(Cc1ccc(OC(F)(F)F)cc1)C2,0.8984533550599223,2.988242419111444
3633,OCc1cc(-c2ccc(O)cc2)no1,0.7551099936384981,2.0967094318459836
3634,COc1cc(NC(=O)[C@@H]2N[C@@H](CC(C)(C)C)[C@@]3(C(=O)Nc4cc(Cl)ccc43)[C@H]2c2cccc(Cl)c2F)ccc1C(N)=O,0.28727625571384746,4.462369290580587
3635,CCN(C(C)=O)c1cccnc1N1CCN(C(=O)c2cc3ccccc3[nH]2)CC1,0.7422852448386951,2.4654990271746087
3636,CCCCCCN1CCN2CC(c3ccccc3)c3ccccc3C2C1,0.6724565421161603,2.8916990789156607
3637,C#CCN(Cc1ccc2nc(C)nc(O)c2c1)c1ccc(C(=O)N[C@@H](C(=O)O)c2cccc(O)c2)cc1,0.2720835833752361,3.27348315163373
3638,NCCc1c[nH]c2ccccc12,0.6890236514433125,1.794984198770475
3639,Cc1cc(CCCCCCCOc2ccc(C3=NC(C)CO3)cc2)on1,0.5780371593687265,2.9850918721239097
3640,Cc1oc(-c2ccc(C(F)(F)F)cc2)nc1COc1ccc2oc(Cn3oc(=O)[nH]c3=O)cc2c1,0.37525661371119784,2.936444132719398
3641,C#CCN(Cc1ccc2nc(C)nc(O)c2c1)c1ccc(C(=O)N[C@@H](C(=O)O)C(C)(C)C)cc1,0.46218466767442756,3.264400292374633
3642,CCC(c1ccc(O)cc1)C(CC)c1cc(I)c(O)c(I)c1,0.4740170716370782,3.4387912483370577
3643,C/C(=C\c1ccccc1)c1cc(=O)c2ccccc2o1,0.6867818595022136,2.0656147343834803
3644,OCCCNc1ccc2c(c1)nc(-c1ccc3c(c1)OCO3)n1ncnc21,0.5261334345899575,2.5791421156841743
3645,Nc1nc(N)c2c(Cl)c(Cl)ccc2n1,0.7245005614239679,2.3490145937893026
3646,Nc1ncnc2c1ncn2Cc1ccccc1F,0.741728519912951,2.1159870236250526
3647,Br.CCN(CC)CCCOc1c2occc2cc2ccc(=O)oc12,0.44206657443176867,2.7298709210967917
3648,C#CCN(Cc1ccc2nc(C)nc(O)c2c1)c1ccc(C(=O)NCc2ccc([N+](=O)[O-])cc2)cc1,0.2205171994596456,2.6838978334452026
3649,CN(C)c1cccc2c(S(=O)(=O)Nc3ccc(Cl)cc3)cccc12,0.7516039551475392,1.9277301633470802
3650,Cl.NC(N)=NC(=O)c1ccc2c(c1)C(O)c1cccc(Cl)c1-2,0.5480884233674053,3.116562282082647
3651,CC(C)NCC(O)COC(=O)c1cccc(F)c1,0.7531424437729529,2.428548638198558
3652,Cc1oc(-c2ccc(C(F)(F)F)cc2)nc1COc1cccc(/C(=C/Cn2oc(=O)[nH]c2=O)C2CCCCC2)c1,0.27163679535915025,3.1240464227206655
3653,C[C@H]1Cc2cc3c(C(F)(F)F)cc(O)nc3cc2N[C@@H]1C,0.7733996047776674,3.8278762889104057
3654,CC(C)NCC(O)COC(=O)c1cccc2ccccc12,0.8007887376013143,2.3993200942198474
3655,Nc1nc(O)c2ncn(CCCCP(=O)(O)CP(=O)(O)O)c2n1,0.3374079705916007,3.7523066156053515
3656,O=C(Nc1ccc(-c2ccc3c(c2)CCCC3)oc1=O)c1ccccc1,0.7633895547797259,2.0482796918928106
3657,Nc1nc(N)c2c([S+]([O-])c3ccc(Cl)c(Cl)c3)cccc2n1,0.6888187813213162,3.6735875882574405
3658,CC1(C)CCN=C(N)C1,0.5194428299683604,3.5126568533794034
3659,Cc1oc2c(C)c3oc(=O)cc(C)c3cc2c1CNCCO,0.57193089929233,2.7198547569345486
3660,Nc1nc(N)c2c([S+]([O-])c3ccc4ccccc4c3)cccc2n1,0.5485127139658789,3.471957279591651
3661,CCN(CC)c1cccnc1N1CCN(C(=O)c2cc3ccccc3[nH]2)CC1,0.7406755957573552,2.3699989976541165
3662,Cc1nc2ccccn2c1C(=O)NNC(=O)c1ccc(Oc2ccccc2)cc1,0.5258405459220167,2.115014921521226
3663,Cc1nc2ccccn2c1C(=O)Nc1ccccc1,0.7608415109515339,1.852510761706334
3664,O=c1c(-c2ccc(O)cc2O)coc2cc(O)cc(O)c12,0.5458513994143424,2.5435160342252736
3665,C/C(=C\Cn1oc(=O)[nH]c1=O)c1cccc(OCc2coc(-c3ccc(C(F)(F)F)cc3)n2)c1,0.42444982539089166,2.956775803961479
3666,CC(CCc1ccc(F)cc1)NCC(O)COc1ccc(CCOCC2CCC2)cc1,0.433218670852122,2.96961766216843
3667,CCNC1CN(CCCOC)S(=O)(=O)c2sc(S(N)(=O)=O)cc21,0.6441091760572242,3.554659469203367
3668,COC(=O)c1ncn2c1CN(C)C(=O)c1sccc1-2,0.7371184569211436,2.892656780970091
3669,Cn1nc(S(N)(=O)=O)sc1=N,0.5748913590265254,3.375411874758769
3670,COCCNc1ccc2c(c1)nc(Cc1ccc3c(c1)OCO3)n1nc(N)nc21,0.48103185458965736,2.624286640978239
3671,CCCOC(=O)c1ncn2c1CN(C)C(=O)c1cc(Cl)ccc1-2,0.8100201142452338,2.574342417204603
3672,CC(C)NCC(O)COC(=O)c1ccc(F)cc1,0.7531424437729529,2.3430330965973027
3673,COc1cccc2c1C(=O)c1c(O)c3c(c(O)c1C2=O)C[C@@](O)(C(=O)CO)C[C@@H]3O[C@H]1C[C@H](N)[C@@H](O)[C@H](C)O1,0.23526258168565614,4.486086475821912
3674,COc1c(CC(=O)O)cccc1-c1ccc(Cl)cc1,0.9272103405801038,1.768168827414211
3675,CC1=C(C(=O)OC(C)(C)C)N2C(=O)/C(=C\OC(=O)C(C)(C)C)[C@H]2S(=O)(=O)C1,0.30078979978160525,3.8169795344296205
3676,CCCC(=O)Nc1ccc(Nc2cccc(OC)c2)cc1,0.836389195285691,1.6054336204321693
3677,Cl.NC(N)=NC(=O)c1ccc2c(c1)C(O)c1cccc(F)c1-2,0.5495233474907433,3.145230860961396
3678,CS(=O)(=O)Nc1ccc([N+](=O)[O-])cc1OC1CCCCC1,0.6651670710518857,2.190768554119172
3679,CCNc1cccnc1N1CCN(C(=O)c2cc3ccccc3o2)CC1,0.7827399409166156,2.2084250360223656
3680,O=C(c1cc2ccccc2[nH]1)N1CCN(c2ncccc2[N+](=O)[O-])CC1,0.5774912133813043,2.2316737971559686
3681,CC(C)c1c(Cc2ccccc2)n(COCc2ccc(Cc3cccc(C(=O)/C=C(\O)C(=O)O)c3)cc2)c(=O)[nH]c1=O,0.1276325404084922,2.9130919140146325
3682,CC(C)NCC(O)COc1ccc(CCOC2CCCCC2)cc1,0.6886163841343721,2.5964910588558663
3683,O=C(O)/C(Cc1ccccc1[N+](=O)[O-])=N/Nc1nc(-c2ccc(Cl)c(Cl)c2)cs1,0.2925314850885019,2.6000922719485775
3684,Nc1ccc(C/C(=N/Nc2nc(-c3ccc(Cl)c(Cl)c3)cs2)C(=O)O)cc1,0.30178535820601016,2.521390536736808
3685,CC(=O)NCC1CN(c2ccc(-c3ccc(N4CCOCC4)c(=O)cc3)cc2)C(=O)O1,0.791687969899368,2.8701381487654896
3686,Cc1oc(-c2ccc(C(F)(F)F)cc2)nc1COc1cccc(C2CC2Cn2oc(=O)[nH]c2=O)c1,0.4119906057781183,3.6527812546389313
3687,CNC1C2CCC(C2)C1C,0.5820754804634458,4.666482538554808
3688,CC(C)(C)NCC(O)COC(=O)c1ccc(OCc2ccccc2)cc1,0.7104702955881733,2.3823197047455054
3689,CC(C)(C)C[C@@H]1N[C@@H](C(=O)Nc2ccc(C(N)=O)cc2)[C@H](c2cccc(Cl)c2F)[C@]12C(=O)Nc1cc(Cl)c(F)cc12,0.29801481172539507,4.469514923389389
3690,C/N=c1\ccc(-c2ccc(N3CC(CNC(C)=O)OC3=O)cc2)ccc1O,0.8652425412803164,3.0400270084658825
3691,Cc1ccc(C(=O)OCC(O)CNC(C)C)cc1,0.7524485849192689,2.315801385451305
3692,Nc1nc(N)c2c(Cl)c(NC(=O)Cc3ccc(Br)cc3)ccc2n1,0.617827379125823,2.2899600140933476
3693,CC(N)Cc1ccc2c(c1)CCC2,0.7312665592285476,2.389635960221323
3694,CCC1CCNc2cc3oc(=O)cc(C(F)(F)F)c3cc21,0.8050343827307247,3.3136663199987435
3695,O=C(c1cc2ccccc2[nH]1)c1cc2cc(OCc3ccccc3)ccc2[nH]1,0.40588728891170067,2.168787526126982
3696,Cc1ccc([C@H]2CC(c3cc(Cl)ccc3O)=NN2C(=O)c2ccccc2)cc1,0.65531252937624,2.636843884812791
3697,c1ccc(Cn2cnc3c(N4CCCC4)ncnc32)cc1,0.7386885948839303,2.0768831808717305
3698,CCC[C@H]1Cc2cc3c(C(F)(F)F)cc(O)nc3cc2N[C@@H]1CC,0.8160900588531735,3.8577328629724885
3699,CC(C)(C)NCC(O)COC(=O)c1ccc(C=O)cc1,0.6079635142991587,2.617747071439002
3700,C=C1C[C@@H]1CC(=O)[O-].[Na+],0.2931141049540877,4.7483662429800795
3701,CC(=O)NC1c2ccccc2-c2ccc(C(=O)N=C(N)N)cc21.Cl,0.5686923798501546,2.9295619104123354
3702,C/C(=C\Cn1oc(=O)[nH]c1=O)c1cccc(OCc2cc(C(F)(F)F)cc(C(F)(F)F)c2)c1,0.5185976378286711,2.931393353090428
3703,CC(=O)CC(c1ccccc1)c1c(O)oc2ccccc2c1=O,0.799206301564618,2.7369936131239623
3704,COc1ccc(-c2ccc(Cl)cc2)c(CC(=O)O)c1,0.9272103405801037,1.721086679373574
3705,Oc1cnnc2nc3ccccc3n12,0.5681049093491908,2.6245725181499253
3706,Nc1nc(N)c2cc([S+]([O-])c3ccc4ccccc4c3)ccc2n1,0.5485127139658789,3.4582495872839587
3707,Nc1ccc(C/C(=N\Nc2nc(-c3ccc(Cl)c(Cl)c3)cs2)C(=O)O)cc1,0.30178535820601016,2.521390536736808
3708,Cc1cc(CCCCCCCOc2ccc(C3=NC(C)(C)CO3)cc2)on1,0.5453567870829775,2.538904660062874
3709,Nc1nc(O)nc2ccc(Sc3ccc4ccccc4c3)cc12,0.5785163571884638,2.454270657015165
3710,Nc1nc(N)c2c(Cl)c(NC(=O)CCc3ccc(Cl)cc3)ccc2n1,0.6440864502447475,2.2404292581546645
3711,C[C@H](N)Cc1c2ccoc2c(C(F)(F)F)c2ccoc12.Cl,0.7558015783981308,3.628990647395484
3712,O=[N+]([O-])c1cc2cc3ccccc3c(Br)c2o1,0.4971813300164919,2.554182927994402
3713,CCOC(=O)C1=C(O)C(=O)N(CC2CCCCC2)C1,0.7884543749543863,2.516673616964285
3714,COc1cc(C)cc(-c2nn(C)cc2-c2cc(N3CCOCC3)nc(-c3cccnc3)n2)c1,0.46564420832624764,2.6512761415519677
3715,CC(C)NCC(O)COC(=O)c1ccc(OCc2ccccc2)cc1,0.6854455484559314,2.312195260508785
3716,Nc1nc(N)c2c(Cl)c(NC(=O)Cc3ccc(Cl)cc3)ccc2n1,0.6628600502588948,2.234527867135828
3717,Nc1nc(S)c2cc(S(=O)(=O)c3ccc4ccccc4c3)ccc2n1,0.41835375238014627,2.427115808224313
3718,COc1nnc(-c2ccncc2)cc1C(N)=O,0.8352302376333761,2.3059502356867103
3719,CC(C)C(=O)c1c(O)cc(O)c(C(=O)C(C)C)c1O,0.727601180632195,2.746724905062978
3720,Cc1ccc([C@H]2CC(c3cc(Cl)ccc3O)=NN2C(=O)c2snnc2C)cc1,0.6861867953208942,3.075558327363911
3721,Cc1ccc([C@H]2CC(c3cc(Br)ccc3O)=NN2C(=O)c2ccco2)cc1,0.6390469511498226,2.8830731886015357
3722,Cc1cccc(C(=O)OCC(O)CNC(C)C)c1,0.7524485849192689,2.3936393760321533
3723,CCc1nnc2c(NC(C)C)nc3ccccc3n12,0.7814006843396045,2.384618174293747
3724,CC[C@H]1Cc2cc3c(C(F)(F)F)cc(O)nc3cc2N[C@@H]1CC,0.8390743249550507,3.854953817970289
3725,CCCCON,0.40729124254019344,2.41833631751693
3726,O=C(Cc1ccccc1)Nc1[nH]nc(-c2ccc(F)cc2)c1-c1ccncc1,0.5433517297130974,2.281692535281799
3727,COc1cc(CC2CCc3nc(N)nc(N)c3C2)cc(OC)c1OC,0.8544099067618265,2.971468592810286
3728,O=C1c2ccccc2-c2n[nH]c3cccc1c23,0.4949511667218594,2.1267822741482476
3729,CC(C)NCC(O)COc1ccc(C[S+]([O-])CC2CCCC2)cc1,0.6349817601806644,3.631685763013623
3730,CC(CCc1ccccc1)NCC(O)c1cc(C(N)=O)c2c(ccn2C)c1,0.5741071839999355,3.2167282659437886
3731,CC(C)C(=O)c1cccnc1N1CCN(C(=O)c2cc3ccccc3[nH]2)CC1,0.7090860571429208,2.332671583124201
3732,CC(C)NCC(O)COc1cccc2ccccc12,0.8375057924076362,2.2996622708541317
3733,O=C(O)/C(Cc1ccc(O)c([N+](=O)[O-])c1)=N\Nc1nc(-c2ccc(Cl)c(Cl)c2)cs1,0.25715560210949834,2.7135509558151156
3734,COc1cccc2c1C[C@@H](CO)NC(=O)[C@H](C(C)C)N2C,0.8783009315940109,3.427044709963038
3735,CCN(Cc1ccccc1)Cc1c(C(=O)N(CC)CC)nc2ccccc2c1-c1ccccc1,0.29514528242593546,2.3528148443853407
3736,COc1ccc2c(c1)-c1nc(-c3ccccn3)[nH]c1CCC2,0.7839960242219014,2.3390033571867566
3737,CN(C)c1cccc2c(S(=O)(=O)Nc3ncc(Br)nc3O)cccc12,0.670216913887124,2.6853107679492183
3738,COc1cc(C)cc(-c2c(-c3cc(N4CCOCC4)nc(-c4cccnc4)n3)cnn2C)c1,0.46564420832624803,2.6771107569365835
3739,CN(C)C(=O)c1cccc(COc2ccc(N3C(N)=NC(N)=NC3(C)C)cc2Cl)c1,0.7604258324428507,2.646856396715677
3740,CN(C)c1cccc2c(S(=O)(=O)Nc3ccc(C#N)nn3)cccc12,0.7729347504036391,2.492905961451367
3741,Clc1ccc2nc(N3CCNCC3)cnc2c1,0.8340771548983315,2.20288073568671
3742,CC1(C)N=C(N)N=C(N)N1c1cccc(OCCCCOc2cccc(C(F)(F)F)c2)c1,0.5907825204265759,2.658289140840189
3743,Cc1ccc([C@@H]2CC(c3cc(Br)ccc3O)=NN2C(=O)c2cccs2)cc1,0.5824138857273636,2.882611050739399
3744,Nn1c(C(F)(F)F)nc2ccccc2c1=O,0.6886011743933035,2.286883359069261
3745,C/C(=C\Cn1oc(=O)[nH]c1=O)c1cccc(OCc2nc(-c3ccc(C(F)(F)F)cc3)oc2-c2ccccc2)c1,0.2489916927720988,3.0002703093603413
3746,Cc1c(NC(=O)Cc2ccc3ccccc3c2)ccc2nc(N)nc(N)c12,0.5205589019514542,2.202473414385473
3747,Nc1nc(N)c2cc(Sc3ccc4ccccc4c3)ccc2n1,0.5816143542763601,2.2312731828475414
3748,Cn1c2ccccc2n2c(=O)c(-c3cccs3)nnc12,0.5381082928823705,2.4760577052057613
3749,COc1ccc2[nH]c(C)c(CCN(C)C)c2c1,0.8772844299527793,2.078435157945302
3750,CN1CCN2CC(c3ccccc3)c3ccccc3C2C1,0.7905862599938335,2.837015233666838
3751,O=c1[nH]c(=O)n(C2CC(O)C(CO)O2)cc1F,0.5776171321259124,3.473377071505359
3752,C[C@@H](N)Cc1c2c(c(Br)c3c1OCC3)OCC2.Cl,0.9040604572576131,3.7525291719505205
3753,CC(C)NCC(O)COc1ccc(CCOCC2CCCC2)cc1,0.6099763282914122,2.6098776809294453
3754,CCCCCCCCCCCCCCCC(=O)Nc1nc(C)c(O)c(C)c1C,0.31298764260184125,2.3619826925916563
3755,NS(=O)(=O)c1cccc2ccccc12,0.7696542481774064,1.6406060294791196
3756,CNCC1NCC(c2ccccc2)c2ccccc21,0.8773568137772796,3.0165915599495445
3757,CC/C(=C(\c1ccc(I)cc1)c1ccc(OCCN(C)C)cc1)c1ccccc1,0.2569239421218883,2.212649907619465
3758,CC(N)Cc1ccc2c(c1)OCO2,0.7439354449633745,2.397367353152717
3759,CCC(c1ccc(O)cc1)C(CC)c1ccc(O)c(Br)c1,0.743171661104866,3.070582599115628
3760,CSc1nnc(-c2ccncc2)cc1C(N)=O,0.8267640781299529,2.430026197225171
3761,Cc1cc(O)cc(-c2nn(C)cc2-c2cc(N3CCOCC3)nc(-c3cccnc3)n2)c1,0.5324196430683454,2.7236381691949436
3762,CC(=O)c1cccc(N2C(N)=NC(N)=NC2(C)C)c1,0.7763005865901156,2.6245874050629805
3763,Fc1cccc2ncc(N3CCNCC3)nc12,0.8012407970054294,2.3191579664559416
3764,Cc1cc(=O)n(C(=O)OC(C)(C)C)c2c3c(ccc12)OC(C)(C)[C@H](OC(=O)C12CCC(C)(C(=O)O1)C2(C)C)[C@@H]3OC(=O)C12CCC(C)(C(=O)O1)C2(C)C,0.266210181686965,6.225400576549186
3765,Oc1nc(S)nc2ccc(Sc3ccc4ccccc4c3)cc12,0.4024173134326496,2.617812333249379
3766,CCCC1CCCC(N)=N1,0.6225163828522917,3.4229834266058603
3767,Cc1ccc(/C=C/C(=N\NC(=O)c2cccs2)c2ccc(Cl)cc2)cc1,0.4567327547700895,2.257687951002122
3768,CCOC(=O)c1sc2ccccc2c1/N=N/Nc1ccc(C)cc1,0.37924682907970825,2.5124756133545674
3769,O=c1[nH]c(=O)n(C2COC(CO)C(O)C2)cc1I,0.5707639093663708,3.875160029369093
3770,COC(=O)Cc1ccc(OCCCOc2cc3c(cc2O)CCO3)cc1,0.5777250064756239,2.227113797155969
3771,Nc1ccc(S(=O)(=O)NCCc2ccc(S(N)(=O)=O)cc2)cc1,0.6467090440114003,1.923016696050757
3772,c1ccc2c(c1)CCCc1nc(-c3c[nH]cn3)[nH]c1-2,0.6972638956191596,2.9962910487876755
3773,Oc1nc2ccccc2nc1N1CCNCC1,0.7565047740780124,2.386015504917479
3774,CC(C)CC(=O)C(=O)N1CCC[C@H]1C(=O)OCCCc1cccnc1,0.4094996722943169,2.869669691711385
3775,Cn1nc(-c2ccc(F)cc2)c(-c2ccncc2)c1N,0.7771380860445344,2.1114566860796966
3776,COc1ccc2nc(N3CCNCC3)cnc2c1,0.8553580573894409,2.169949243118186
3777,O=C(C(=O)N1CCCCC1C(=O)OCCCc1cccnc1)c1ccccc1,0.31949222514320263,2.65282856429997
3778,COc1nc(Br)cnc1NS(=O)(=O)c1cccc2c(N(C)C)cccc12,0.6598714739306674,2.541896797155969
3779,O=C(O)C1CN(c2cnc3ccccc3n2)CCN1,0.8160599897655196,2.7815788675907296
3781,Cc1nc(NC(=O)C2CCCC2)c(C)c(C)c1O,0.8455792136233244,2.3514348922399524
3782,Cc1nc(NC(=O)c2ccc(F)cc2)c(C)c(C)c1O,0.884132796722803,2.1273209235965655
3783,CCOC(=O)c1ccc(N/C(S)=N/c2cc3c(cc2C)SC(C)(C)CC3(C)C)cc1,0.23784295125353086,3.119141950186596
3784,CN1Cc2c(C(=O)OCCC(C)(C)C)ncn2-c2ccc(Cl)cc2C1=O,0.767033535758112,2.7254899445015806
3785,CNc1ncnc2c1ncn2Cc1cccc(O)c1,0.7434516920099353,2.295021251216827
3786,CCOC(=O)C1=C(O)C(=O)N(Cc2ccccn2)C1,0.8117273706577944,2.4691577969352565
3787,Cc1cc(O)cc(-c2c(-c3cc(N4CC(O)C4)nc(-c4cccnc4)n3)cnn2C)c1,0.5295763622546628,2.8310510812247767
3788,CN(C)c1cccc2c(S(=O)(=O)Nc3ccc(Cl)nn3)cccc12,0.7711976929006655,2.316988946355117
3789,C/C(=C\Cn1oc(=O)[nH]c1=O)c1cccc(OCc2ccccn2)c1,0.74344599418887,2.7132993130997196
3790,NC(=O)c1cc(-c2ccncc2)nnc1Cl,0.8489702267906598,2.263314629194486
3791,CCC1(F)C(=O)OCc2c1cc1n(c2=O)Cc2cc3ccccc3nc2-1,0.4951666490959152,3.4139017911522496
3792,N#Cc1c(F)c(F)c2nc(-c3ccc(C(F)(F)F)cc3)nc(N)c2c1F,0.5163255260788124,2.7503743246284973
3793,CCn1c(=O)c2ccccc2n2nc(SC)nc12,0.6591071849959937,2.430458864905942
3794,CN(C=O)c1ncnc2c1ncn2Cc1ccccc1F,0.6830843825673112,2.635739774278324
3795,CN(Cc1cnc2nc(N)nc(N)c2n1)c1ccc(C(=O)NC(CCN)C(=O)O)cc1.O=C(O)C(F)(F)F.O=C(O)C(F)(F)F,0.16719279801708595,3.570117019330599
3796,Cc1c([N+](=O)[O-])oc2c1ccc1ccccc12,0.46890663194015064,2.3456252356867093
3797,CCCc1cc(=O)oc2c(C(=O)[C@H](C)[C@H](C)O)c(O)c3c(c12)OC(C)(C)C=C3,0.5986483931390439,3.960379743505273
3798,CCCCCC[C@@H](C(=O)N1C[C@@H](Oc2ccc(CC(=O)O)cc2)C[C@H]1C(=O)O)n1cnc(NC(=O)c2ccccc2S(=O)(=O)O)c1,0.1371928065134938,3.921839276389848
3799,CCCCc1ccc(N2C(N)=NC(N)=NC2(C)C)cc1,0.8823044481700865,2.5063398513354933
3800,CC(=O)Nc1onc(-c2ccc(F)cc2)c1-c1ccncc1,0.803039954471075,2.2235145659779665
3801,Cc1oc(-c2ccc(C(F)(F)F)cc2)nc1COc1cccc(/C(=C/Cn2oc(=O)[nH]c2=O)Cc2ccccc2)c1,0.23542723106566799,3.0145750036937002
3802,CC(=O)Nc1nc(O)c2ccccc2n1,0.7319145380043027,2.043927624298423
3803,CCc1nnc2c(NC3CC3)nc3ccccc3n12,0.7784734575992609,2.335598034433609
3804,CC(CN1CCCCC1)OC(=O)C1CCCCN1C(=O)C(=O)c1ccccc1,0.42718256171410135,3.0140529358129635
3805,Cc1nc(NC(=O)c2ccc3c(c2)OCO3)c(C)c(C)c1O,0.8909522473941153,2.3525821213733913
3806,CC[C@H](C)N[C@H](C)[C@@H](O)c1ccccc1.Cl,0.8336666472487879,3.0622765952090267
3808,COc1ccc(C(=O)Oc2ccc3[nH]c(C(=O)c4cc5ccccc5[nH]4)cc3c2)cc1,0.2396164421583202,2.288211395910089
3809,CC(C)N[C@@H]1CCc2c(ccc(O)c2O)[C@H]1O,0.5873470351413885,3.399701028174804
3810,O=C(O)/C(Cc1ccccc1[N+](=O)[O-])=N/Nc1nc(-c2ccc(N3CCOCC3)cc2)cs1,0.2916518176093562,2.6458407215114796
3811,NS(=O)(=O)c1cc(C(=O)NN2Cc3ccccc3C2C(=O)O)ccc1Cl,0.7143719429149268,3.055797349115414
3812,Cc1oc(-c2ccc(C(F)(F)F)cc2)nc1COc1cccc(C2(C)CC2Cn2oc(=O)[nH]c2=O)c1,0.3949151186612145,3.7969411468436114
3813,Nc1ncnc2ccc(Sc3ccc4ccccc4c3)cc12,0.5914404752085693,2.16375152286723
3814,CC(C)(CNC(=O)N1CCOCC1)NCC(O)COC(=O)c1ccccc1F,0.5601344976963751,2.9152117990139743
3815,CCOC(=O)C1=C(O)C(=O)N(c2ccccc2)C1,0.8199180245635658,2.250452349068839
3816,CSc1nc2nc(Cl)c3ccccc3n2n1,0.49196371155380597,2.437068207789803
3817,COc1ccc2ccc3oc([N+](=O)[O-])cc3c2c1OC,0.5388480748144713,2.4426460151716576
3818,Nc1nc(O)c2cc(S(=O)(=O)c3ccc4ccccc4c3)ccc2n1,0.5750231457606867,2.2586139664041625
3819,CC/C(=C\c1cccc(OCc2nc(-c3ccc(C(F)(F)F)cc3)oc2C)c1)n1oc(=O)[nH]c1=O,0.38916715845487926,3.09476743798556
3820,CN/C(=N\CCSCc1nc[nH]c1C)NC#N,0.2346588097545297,3.3957608126097867
3821,Oc1cc(Nc2ccccc2)ncn1,0.7537107288350713,2.2023830247165286
3822,Nc1onc(-c2ccc(F)cc2)c1-c1ccncn1,0.7617865557259567,2.3670338386294123
3823,Cc1[nH]c(-c2ccccc2)nc1-c1cccnc1,0.7387822874239648,1.9731196349904625
3824,COc1c(N2C[C@@H]3CCCN[C@@H]3C2)c(F)cc2c(=O)c(C(=O)O)cn(C3CC3)c12,0.8185182971562767,3.5089507613894764
3825,CN(C)c1cccc2c(S(=O)(=O)Nc3ncc(Br)cn3)cccc12,0.7188054643111678,2.308011678846505
3826,COc1ccc(Sc2cnc3nc(N)nc(N)c3n2)cc1,0.751723096808289,2.4916059281244785
3827,COc1ccc([C@@H](C)N[C@@H](C)[C@H](O)c2ccccc2)cc1.Cl,0.8478085669757341,2.868967191333166
3828,O=C(O)Cc1csc(-c2ncccc2O)n1,0.8440536746350047,2.4090192445791025
3829,C/C(=C\c1cccc(OCc2nc(-c3ccc(C(F)(F)F)cc3)oc2C)c1)Cn1oc(=O)[nH]c1=O,0.401983042436221,2.956150483511461
3830,CCC(NC(=O)C(CS)C(C)c1ccccc1)C(=O)O,0.6763212338331416,3.156429629537847
3831,CN1C(=O)CN=C(c2ccccc2)c2cc(Cl)ccc21,0.79164533623487,2.120641301464312
3832,CC(=O)Nc1cccnc1N1CCN(C(=O)c2cc3ccccc3[nH]2)CC1,0.7490753405109141,2.181260281364649
3833,O=C1Nc2cccc(Cl)c2C12OCCO2,0.7278891362330536,3.2259013060023447
3834,O=C(O)/C(Cc1ccccc1[N+](=O)[O-])=N/Nc1nc(-c2ccc(C3CCCCC3)cc2)cs1,0.2448135093024462,2.63736979033739
3835,COc1cc(CC(=O)O)cc(-c2ccc(Cl)cc2)c1,0.9272103405801038,1.7198222381544177
3836,COc1ccc(-c2ccc(Cl)cc2)cc1CC(=O)O,0.9272103405801038,1.6569371873561565
3837,C/C(Cn1oc(=O)[nH]c1=O)=C(\C)c1cccc(OCc2nc(-c3ccc(C(F)(F)F)cc3)oc2C)c1,0.3741747124634878,3.0444843402325326
3838,CC[C@H]1Cc2cc3c(C(F)(F)F)cc(O)nc3cc2N[C@@H]1C,0.8232354836563482,3.8317404791062906
3839,C[C@](O)(CO)c1cc2c3c(ccc2o1)[C@@H]1COc2cc(O)ccc2[C@@H]1O3,0.6552703984479962,4.066082200948947
3840,N#Cc1ccc2nc(N3CCNCC3)cnc2c1,0.8010044859057845,2.3843922039309557
3841,CCOC(=O)c1cc2ccccn2/c(=N/c2ccc(Cl)cc2)n1,0.69274770202701,2.6473313813654418
3842,Cc1ccc2c(c1)-c1nc(-c3ccncc3)[nH]c1CCC2,0.7306294133508584,2.346644364849043
3843,O=C(Cc1ccccc1F)Nc1onc(-c2ccc(F)cc2)c1-c1ccncn1,0.5489492891465373,2.4081033830596876
3844,C#CCN(Cc1cc2c(O)nc(C)nc2cc1C)c1ccc(C(=O)NCc2ccccn2)c(F)c1,0.39693921267802706,2.924638538313804
3845,Nc1nccc(Nc2ccc(S(N)(=O)=O)cc2)n1,0.7397177269292536,2.0920468106073002
3846,C[C@]12CC/C(=N\OCCN)C[C@@H]1[C@@H](CCO)C[C@@H]1[C@@H]2CC[C@]2(C)C(=O)CC[C@@H]12.Cl,0.51427463425034,4.755640865048532
3847,C#CCN(Cc1cc2c(O)nc(C)nc2cc1C)c1ccc(C(=O)N[C@@H](C(=O)O)C(C)C)c(F)c1,0.42404623057535884,3.406963206583182
3848,CC(C)C[C@H](NC(=O)[C@@H](NC(=O)[C@H](Cc1c[nH]c2ccccc12)NC(=O)[C@H]1CCCN1C(=O)C(CCCN=C(N)N)CCCN=C(N)N)C(C)(C)C)C(=O)O,0.05244471731284566,4.37699753416886
3849,COc1ccc2[nH]c3c(c2c1)CCN=C3,0.7520615993013846,2.8201404614612606
3850,CCN(CC)C(=O)CN1CCC[C@@H]2Cc3cc4c(cc3[C@H]21)OCO4,0.8509134640295543,3.3076976851068753
3851,O=C1Nc2ccc([N+](=O)[O-])cc2C12OCCO2,0.5734021272070554,3.1653042681445296
3852,Nc1nc(N)c2cc(NC(=O)Cc3cccc(C(F)(F)F)c3)ccc2n1,0.6647666601891902,2.164998720232891
3853,CCC1Nc2cc3oc(=O)cc(C(F)(F)F)c3cc2CC1C,0.8028362808365178,3.66713970987552
3854,COc1ccc(OC)c(C[C@@H](C)N)c1,0.7931634272610012,2.1783148307005664
3855,CC(=O)Nc1nnc(S(N)(=O)=O)s1,0.6318586926732331,2.460960564488465
3856,Cn1c(=O)c2c3c(cnc2n(C)c1=O)C(=O)C1=C(C3=O)C2CCC1C2,0.7069553419051271,4.351720128845139
3857,Cc1ccc(Sc2cncc3sc(C(=O)NCCCN4CCOCC4)cc23)cc1,0.5726940004718022,2.537241573104936
3858,C/C(=C\Cn1oc(=O)[nH]c1=O)c1cccc(OCc2nc(-c3ccccc3)oc2C)c1,0.48902144601097564,2.785081231692285
3859,O=c1c2cc(-c3c(Cl)cccc3Cl)ccc2nc(C2CC2)n1Cc1cccnc1,0.42454739001858144,2.334322567489714
3860,CCCC/C(=C\Cn1oc(=O)[nH]c1=O)c1cccc(OCc2nc(-c3ccc(C(F)(F)F)cc3)oc2-c2ccccc2)c1,0.17263838312643387,3.1285920800963414
3861,Nc1nc(S)nc2ccccc12,0.47335707459068116,2.4864818329010507
3862,CC(C)NCC(O)COc1ccccc1,0.7443142479340611,2.173101024888112
3863,CCCC/C(=C\Cn1oc(=O)[nH]c1=O)c1cccc(OCc2nc(-c3ccc(C(F)(F)F)cc3)oc2C)c1,0.2717611470404692,3.0649832709845954
3864,N#Cc1ccc2nc(N)nc(N)c2c1,0.6274497954368035,2.2402971537394745
3865,Nc1nc2c3c(NCCO)cc(F)cc3nc(Cc3ccc4c(c3)OCO4)n2n1,0.466497189624335,2.84142041602672
3866,CC/C(=C(\c1ccc(I)cc1)c1ccc(OCCCCCCCCN(C)C)cc1)c1ccccc1,0.10709348747669271,2.363338891426036
3867,Cc1c(-c2ccc(Cl)cc2)nnc(Cl)c1C(N)=O,0.9203194547648618,2.1986439974204863
3868,C=C(Br)COc1noc2c1CNCC2.Cl,0.9267424293239356,3.497450942443691
3869,CC1CCN=C(N)C1,0.4936459334606264,3.68853937326225
3870,O=C(C(=O)N1CCC[C@H]1C(=O)OCCS(=O)(=O)c1ccccc1)c1ccccc1,0.3890637972189265,2.667091632215442
3871,CC(C)(C)C(=O)C(=O)N1CCCCC1C(=O)OCCCc1cccnc1,0.44260879785478435,2.853761406536867
3872,CC1(C)N=C(N)N=C(N)N1c1ccc(Br)cc1,0.8263456607114331,2.646796013278683
3873,C#CCN(Cc1ccc2nc(C)nc(O)c2c1)c1ccc(C(=O)NCc2ccccc2)cc1,0.42443610885630456,2.5185100332523707
3874,Cc1ccc(Sc2cncc3sc(C(N)=O)cc23)c(C)c1,0.7893525071312836,2.61734844442174
3875,CCN(CC)C(=O)C1CCCN(c2nc(N)c3cc(OC)c(OC)cc3n2)C1,0.8127155108693987,2.8462490771204827
3876,O=C(NCc1ccc(F)cc1)c1ccc(=O)n(-c2ccc(Oc3ccnc4ccsc34)c(F)c2)c1,0.3444345157043597,2.545304771090928
3877,C#CCN(Cc1ccc2nc(C)nc(O)c2c1)c1ccc(C(=O)NCc2cccc(C(=O)O)c2)cc1,0.3275562562824603,2.6540471547121722
3878,C=C1[C@@H](OC(=O)/C=C/c2ccccc2)CC[C@@]2(C)[C@@H](O)[C@H](O)C3=C(C)C(=O)C[C@@H]([C@@H](OC(C)=O)[C@H]12)C3(C)C,0.3467330095898062,5.377266991631648
3879,Nc1cccc(S(N)(=O)=O)c1,0.5805509816764027,1.8154862779417922
3880,Nc1ccc(S(N)(=O)=O)cc1F,0.6135190822597704,1.979304836842081
3881,CNc1ncnc2c1ncn2Cc1cccc(F)c1F,0.7957940871224867,2.380147374338806
3882,CONC(=O)[C@H](Cc1cnc[nH]1)NC(=O)[C@H](Cc1c[nH]c2ccccc12)NC(=O)[C@H](Cc1cnc[nH]1)NC(=O)OC(C)(C)C,0.10955835742406925,3.8809246411201244
3883,Nc1nc(O)c2ncn(CCCCCCCP(=O)(O)CP(=O)(O)O)c2n1,0.28519377323883766,3.650557912495694
3884,CCOC(=O)c1cc2ccccn2/c(=N/c2ccc(C)cc2)n1,0.6988217183404396,2.6325306820647416
3885,CC(=O)NCC(C)(C)NCC(O)COC(=O)c1ccccc1F,0.6165299900103303,2.7915755982356245
3886,CCCc1cc(=O)oc2c3c(c4c(c12)OC(C)(C)C=C4)O[C@H](C(C)C)[C@@H](C)C3=O,0.6701507151837011,4.094262218708529
3887,O=C(/C=C/c1ccccc1)Oc1ccc2[nH]c(C(=O)c3cc4ccccc4[nH]3)cc2c1,0.1751599749691574,2.4227642276936923
3888,CCOc1ccc(Cc2nc3cc(C(=O)OC)ccc3n2CCC(C)C)cc1,0.5238748824318616,2.112720105519527
3889,Cc1c(N2CC[C@@H](C3(N)CC3)C2)c(F)c(N)c2c(=O)c(C(=O)O)cn([C@@H]3C[C@@H]3F)c12,0.6568543854628506,4.1015274822692165
3890,C=C1[C@H](CCCC)[C@H]1CC(N)=O,0.6238197482212077,3.692007048711986
3891,COCCc1ccc(OCC(O)CNC(C)C)cc1,0.7135696186852984,2.3863470797559216
3892,CCCNc1cccnc1N1CCN(C(=O)c2cc3ccccc3[nH]2)CC1,0.7296580902311408,2.2320759131525296
3893,Nc1nc(O)c2c(Sc3ccc4ccccc4c3)cccc2n1,0.5785163571884638,2.395021518094385
3894,Fc1ccccc1Cn1cnc2c(N3CCCC3)ncnc21,0.745344960757247,2.214560516950071
3895,CC(C)CC(=O)C(=O)N1CCC[C@H]1C(=O)OC(C)CN1CCCCC1,0.5178735004411217,3.2540539099356396
3896,CC(=O)N1CCN(c2cnc3cc(Cl)ccc3n2)CC1,0.8054065836302292,2.0778615443792923
3897,C=CCOc1ccc(-c2ccc(N3CC(CNC(C)=O)OC3=O)cc2)ccc1=O,0.7302059990965442,2.9163544839978073
3898,NS(=O)(=O)c1ccc(CO)cc1,0.6739290235177647,1.638147330638608
3899,Cc1ccccc1OCC(O)CNC(C)C,0.7714830470951082,2.286212385428529
3900,CCOC(=O)[C@H](CCc1ccccc1)N[C@@H](C)C(=O)N1CC2(C[C@H]1C(=O)O)SCCS2,0.5358568540176747,4.162199123257025
3901,CCOc1nc(Br)cnc1NS(=O)(=O)c1cccc2c(N(C)C)cccc12,0.6160852866114527,2.565143192607252
3902,COc1c2occc2c(CN2CCN(C)CC2)c2ccc(=O)oc12.Cl,0.6659197409179292,2.7188534339788397
3903,C#CCN(Cc1ccc2nc(C)nc(O)c2c1)c1ccc(C(=O)NCc2ccoc2)cc1,0.4368901376041417,2.807023280857475
3904,COc1cccc2[nH]c3c(c12)CCN=C3,0.7520615993013845,2.968917384538182
3905,CONC(=O)[C@H](Cc1cnc[nH]1)NC(=O)[C@H](Cc1c[nH]c2ccccc12)NC(=O)[C@@H](N)Cc1cnc[nH]1,0.1268201667146647,3.7352829122929574
3906,Nc1nc(N)c2c(n1)CCC(Cc1ccccc1)C2,0.8587493959243989,2.76124767877954
3907,Nc1nc(N)c2c(n1)CCC(Cc1ccc(Cl)c(Cl)c1)C2,0.8887765602359696,2.9507443445457913
3908,Fc1cccc2nc(N3CCNCC3)cnc12,0.8012407970054295,2.3360973510713254
3909,CCN(C)c1ncnc2c1ncn2Cc1ccccc1F,0.7385534362696249,2.39947362043217
3910,C[C@@H]1Cc2cc3c(C(F)(F)F)cc(O)nc3cc2N[C@@H]1C,0.7733996047776674,3.8278762889104057
3911,CCOc1ccc(Cc2nc3cc(C(=O)N(CC)CC)ccc3n2CCCN(C)C)cc1,0.445325879492728,2.29955866547286
3912,CC(C)NC1CCc2cc(O)c(O)cc2[C@H]1O,0.5873470351413885,3.3640291218202893
3913,CC1=C(C(=O)O)N2C(=O)[C@@H](NC(=O)C(N)c3ccccc3)[C@H]2SC1,0.6816125812503079,3.3644753094650985
3914,CCO[C@H]1O[C@@H]2O[C@@]3(C)CCC4[C@H](C)CCC([C@H]1C)[C@]42OO3,0.7326143216067356,5.714433327363472
3915,C#CCN(Cc1ccc2nc(C)nc(O)c2c1)c1ccc(C(=O)N[C@@H](C(=O)O)c2cccc([N+](=O)[O-])c2)cc1,0.1680189061452561,3.324241603452598
3916,Nc1ncnc2c1ncn2[C@@H]1OC[C@H](CO)[C@H]1O,0.6197526839114722,3.7286975859301794
3917,N#CC1(c2cc(CCO)cc(-c3ccnc4[nH]nc(C(F)(F)F)c34)c2)CC1,0.7306683409365103,3.1757770387610975
3918,C[C@H](O)Cc1cc(-c2ccnc3[nH]nc(C(F)(F)F)c23)cc(C2(C#N)CC2)c1,0.7062503183947058,3.6487116145830196
3919,CN1Cc2c(C(=O)OC(C)(C)C)ncn2-c2ccc(Br)cc2C1=O,0.6997720269222814,2.692327241859841
3920,NC1=Nc2ccccc2CC1,0.5930793352332319,2.4653258170664607
3921,CCCC1CCN=C(N)C1,0.6206483400409253,3.514892217814653
3922,CN1Cc2c(C(=O)OC(C)(C)C)ncn2-c2ccc(I)cc2C1=O,0.5065156400426972,2.8058891353509647
3923,Cc1cc(NS(=O)(=O)c2cccc3c(N(C)C)cccc23)nnc1Cl,0.7542424609945646,2.4832632763104208
3924,COc1cc(=O)n(-c2ccc(Oc3ccnc(N)c3Cl)c(F)c2)cc1C(=O)NCc1ccc(F)cc1,0.3778740345756956,2.650329539013951
3925,C#CCN(Cc1ccc2nc(C)nc(O)c2c1)c1ccc(C(=O)N[C@H](CCC(=O)O)C(=O)O)cc1,0.3229312690952838,3.1769739933438963
3926,CC1(C)Oc2ccc(C#N)cc2C(N2CCCC2=O)[C@@H]1O,0.8533089232658041,3.334793474447192
3927,CCOc1noc2c1CNCC2.Cl,0.7851320354314288,3.1094205192395954
3928,C[N+](C)(C)CCOC(N)=O.[Cl-],0.4676378227892938,3.063061283042792
3929,CCCNC(=O)Cn1c(=O)c(C(=O)NC)c(O)c2ncc(Cc3ccc(F)cc3)cc21,0.5324582058751945,2.507680268897566
3930,O=C(Oc1ccc2[nH]c(C(=O)c3cc4ccccc4[nH]3)cc2c1)c1cccc(Oc2ccccc2)c1,0.15701140556551296,2.402831129782607
3931,C/C=C/C=C/C(=O)OC(Cn1ccnc1)c1ccccc1,0.4636782941464055,3.061906338261995
3932,O=c1c2cn(-c3ccc(O)cc3)nc2c2ccccc2n1O,0.5275980737755747,2.4629101703735685
3933,CNC1CC2CCC1C2,0.55820565924281,4.124039318321085
3934,CC1(C)N=C(N)N=C(N)N1c1cccc(Cl)c1,0.7943028550339225,2.6346324681281814
3935,CC(C)CC(=O)C(=O)N1CCCCC1C(=O)OCCS(=O)(=O)c1ccccc1,0.4811110295169147,2.88068164455305
3936,CN(C)S(=O)(=O)c1ccc(O)c2ncccc12,0.871202828164152,2.1434070500679816
3937,Cc1ccc2c(S(=O)(=O)N(C)C)cc(Br)c(O)c2n1,0.9064701338492365,2.5111763281399018
3938,CC(=O)OCC1=C(C(=O)[O-])N2C(=O)C(=C(Br)Br)[C@H]2SC1.[Na+],0.20476093029350953,4.312726178531015
3939,CCNC(=O)c1nc(-c2cc(Cl)cc(Cl)c2)c(-c2cc(Cl)cc(Cl)c2)[nH]1,0.5262957713829758,2.537079489463661
3940,COc1ccc2c(C(=S)N(C)CC(=O)O)cccc2c1C(F)(F)F,0.8482528251216538,2.5585582847592505
3941,Cc1nc2ccccc2c(=O)n1N=C(N)N,0.5074668509164308,2.4377453284951844
3942,O=C1NC(=O)C(c2cn(CCOCCO)c3ccccc23)=C1c1c[nH]c2ccccc12,0.3194277602375356,2.5948498574485512
3946,C/C(=C\Cn1oc(=O)[nH]c1=O)c1cccc(OCc2noc(-c3ccccc3)n2)c1,0.5015176913766414,2.7830459160273158
3947,C/C(=C\Cn1oc(=O)[nH]c1=O)c1cccc(COc2cc(C(F)(F)F)cc(C(F)(F)F)c2)c1,0.5185976378286711,2.9422102761673514
3948,CC(=O)NCc1cccc(CN)c1,0.718320904950039,1.6918782115472872
3949,NC(=O)c1cnnc(-c2ccncc2)c1,0.7706221215488439,2.302128109859373
3950,CC[C@@H]1CCc2cc3c(C(F)(F)F)cc(O)nc3cc2N1,0.8326055121270511,3.379017778884685
3951,CCc1cccc2c1-c1ccc(C(=O)N=C(N)N)cc1C2(C)O.Cl,0.5738369008288485,3.2560024614478396
3952,Fc1ccc2nc(N3CCNCC3)cnc2c1,0.8012407970054295,2.2285653510713264
3953,Cc1nc2ccccc2c(=O)n1N,0.5900627842765962,1.9650820577011352
3954,Clc1nc2ccccc2nc1N1CCNCC1,0.8340771548983315,2.1710013510713253
3955,COc1ccc(S(=O)(=O)N2CN(C(C)(C)C)C(=O)C[C@@H]2C(=O)NO)cc1,0.5774806995460856,3.102499784463287
3956,O=C1NC(c2cccnc2)Nc2[nH]cnc21,0.65217026519625,3.562813575727592
3957,Cc1cc(C)nc(NS(=O)(=O)c2ccc(N)cc2)n1,0.8285267006028038,2.03800841098014
3958,O=C(NNC(=O)c1cc([N+](=O)[O-])c[nH]1)Nc1ccc(Br)cc1,0.4886293212454878,2.3170746812725067
3959,C[C@@H](N)Cc1c2ccoc2c(C(F)(F)F)c2ccoc12.Cl,0.7558015783981308,3.628990647395484
3960,NC1=NC(C2CCCCC2)CCC1,0.6611410695247906,3.1192634687014635
3961,Nc1nc(N)c2c(CCc3ccc4ccccc4c3)cccc2n1,0.6037308309480154,2.1486875292647447
3962,O=[N+]([O-])c1oc2ccc3ccccc3c2c1CCO,0.5775721889972624,2.554613046088619
3963,CCc1nnc2c(NCC(C)O)nc3ccccc3n12,0.7540757767791921,2.8524156274443992
3964,Nc1ccc(S(N)(=O)=O)cc1,0.5805509816764027,1.694442246111553
3965,COc1ccc2c(c1)c(CCN(C)C)cn2C,0.8044349124850957,2.073102915719444
3966,COc1c(I)cc(S(=O)(=O)N(C)C)c2ccc(C)nc12,0.7351800634111961,2.5736458389328014
3967,COC(=O)c1c(O)cc(O)c(Cl)c1CCC(=O)Nc1cccc(Br)c1,0.6283416192496973,2.331086077805601
3968,COc1ccc(CCNCC(O)COC(=O)c2ccccc2Cl)cc1OC,0.4771508577655704,2.4636954295185127
3969,C=CCOc1cccc(C(=O)OCC(O)CNC(C)C)c1,0.5363036761198205,2.635610617080971
3970,Cc1cccc2nc(N)nc(O)c12,0.6311689478833459,2.3433474423165173
3971,O=C1NC(=O)C(c2cn(CCOCCOCCO)c3ccccc23)=C1c1c[nH]c2ccccc12,0.24984017523740196,2.700041232283155
3973,COc1ccc(N2CCN(C(=O)c3cc4ccccc4[nH]3)CC2)c(OC)c1,0.7716774416945497,2.0292454884652393
3974,COc1c(C)cc(C(=O)N2CCN(c3ccccn3)CC2)cc1C,0.8702691939523077,1.9785721705058545
3975,CNC(=O)N[C@@H](CCSC)C(=O)N[C@@H](CC(C)C)C(=O)N[C@@H](Cc1ccccc1)C(=O)O,0.29790587901758525,3.1819105898049447
3976,Cc1cccc(C)c1NC(=O)c1ccc(Nc2nc(-c3ccc(OC(F)(F)F)cc3)c3ccn(C)c3n2)cc1,0.24331359699034885,2.548763985795574
3977,CN(C)CCCC(=O)Nc1ccc2c(c1)cc1c(=O)n3c(cc4cc(NC(=O)CCCN(C)C)ccc43)c(=O)n12,0.28070367735974977,2.912427481135934
3978,NS(=O)(=O)c1ccc(/C=C/c2cccc(O)c2)cc1,0.8426580961640601,1.9327656343808304
3979,NCCCC[C@H](NC(=O)c1ccccc1Br)C(=O)O,0.6647858256957704,2.3166026061598526
3980,CN(C(=O)[C@H](CC#Cc1ccc(N)nc1)NS(=O)(=O)c1ccc2ccccc2c1)C1CCCC1,0.5312582643655227,3.1684164393138268
3981,O=[N+]([O-])c1cc2c(ccc3cc(Br)ccc32)o1,0.4971813300164919,2.3812675433790176
3982,COc1ccc(OC)c(NC(=O)NNC(=O)c2cc([N+](=O)[O-])c[nH]2)c1,0.47367160392522356,2.343682005407411
3983,Cn1cc([N+](=O)[O-])cc1C(=O)NNC(=O)Nc1ccc(Cl)cc1,0.5862971153088874,2.2353551575892165
3984,CN(C(=O)[C@H](CC#Cc1cccc(N)c1)NS(=O)(=O)c1ccc2ccccc2c1)C1CCCC1,0.4176228808115837,3.090291300535079
3985,Cc1ccc2nc(N)nc(O)c2c1,0.631168947883346,2.1603551346242114
3986,C/C(=C\CC1OC(=O)NC1=O)c1cccc(OCc2nc(-c3ccc(OC(F)(F)F)cc3)oc2C)c1,0.4307597221668804,3.385468862789364
3987,Cc1c(NC(=O)Cc2ccc(Cl)cc2)ccc2nc(N)nc(N)c12,0.6785699718165944,2.144707660476815
3988,NCc1ccc2nc(N)nc(N)c2c1,0.5962613647611208,2.179374076816398
3989,COC(=O)c1c(O)cc(O)c(Cl)c1CCC(=O)Nc1cccc(O)c1,0.6053380823347041,2.3575057610635195
3990,COC(=O)c1c(O)cc(O)c(Cl)c1CCC(=O)Nc1ccc(C)cc1,0.7072499271611182,2.2119989737332038
3991,CS(=O)(=O)N[C@@H](C(=O)N1CCC[C@H]1C(=O)NCc1ccc(CN)nc1)C(c1ccccc1)c1ccccc1,0.3630385770099806,3.2953628323960995
3992,CC1(C(=O)NCc2cccnc2)NC(=O)c2ccccc2N1,0.796280434486146,2.9382484061280945
3993,Ic1ccc(N2CCN(Cc3cnn4ccccc34)CC2)cc1,0.6106866265606788,2.286299275236278
3994,NC(=O)c1ncn(C2OC(CO)C(O)C2O)n1,0.44284203167437103,3.8687708687807296
3995,COc1ccc(CCNCC(O)COC(=O)c2cccc(Cl)c2)cc1OC,0.4771508577655704,2.4743915833646675
3996,Cc1c(N2C[C@@H](F)[C@@H](C3(N)CC3)C2)c(F)c(N)c2c(=O)c(C(=O)O)cn([C@@H]3C[C@@H]3F)c12,0.6338702356951625,4.466647912232759
3997,Nc1nc2ccc(Cl)cc2c2nc(-c3ccc(Br)o3)nn12,0.558464226170865,2.5673120819706305
3998,CCCc1ccc(OCCCc2cc3c(cc2O)CCO3)cc1,0.7751010837778172,2.159523240252824
3999,COCCOCCOC(=O)/C=C(C)/C=C/C=C(C)/C=C/C1=C(C)CCCC1(C)C,0.19172532091289493,3.1288476138289187
4000,Cc1nnc2nc3ccccc3n2c1O,0.5935584260929886,2.5556608468897846
4001,C=CCC1(C(C)CCC)C(=O)NC(=S)NC1=O,0.4440914917068062,3.7121173450676075
4002,CN(C(=O)[C@H](CC#Cc1c[nH]cn1)NS(=O)(=O)c1ccc2ccccc2c1)C1CCCC1,0.5645065033629011,3.4223352146530877
4003,OCC1CC2CC1C(n1cnc3c(Cl)ncnc31)C2,0.8542837312809504,4.6491825749442715
4004,CCOc1ccccc1N1CCN(C(=O)c2cc(C)c(OC)c(C)c2)CC1,0.8074889638618945,1.979029403133568
4005,Cn1cc([N+](=O)[O-])cc1C(=O)NNC(=S)NCc1ccccc1,0.44206240811705216,2.2703133306661414
4006,N#Cc1cnc(-c2nc(CC(=O)N[C@@H](CO)c3ccccc3)cs2)c(O)c1,0.6029421136849641,3.05439866312701
4007,O=C(OC[C@H]1C[C@@H]2O[C@H]1[C@H]1C(=O)OC(=O)[C@H]12)c1ccccc1,0.610722613497172,4.505192979637488
4008,COc1cc(OCc2nc(-c3ccc(C(F)(F)F)cc3)oc2C)cc(/C(C)=C/Cn2oc(=O)[nH]c2=O)c1,0.3572066305248249,3.0441213658295574
4009,CN1CCCN=C1S,0.47486150851395453,3.612532805839394
4010,CC(C)Cn1c(=O)c2c3c(cnc2n(CC(C)C)c1=O)C(=O)C1=C(C3=O)C2CCC1C2,0.7569421629862711,4.450347902192595
4011,CC(=O)OC(C(=O)Oc1ccc2[nH]c(C(=O)c3cc4ccccc4[nH]3)cc2c1)c1ccccc1,0.21229993956922064,3.0026888729185135
4012,Nc1nc2ccc(Cl)cc2c2nc(C3CCCO3)nn12,0.743851688994891,3.0885647549049606
4013,COc1cc2cc([N+](=O)[O-])oc2c2ccccc12,0.5099675074346546,2.3543511725982498
4014,CN(C(=O)[C@H](Cc1ccc(C(=N)N)cc1)NS(=O)(=O)c1ccc2ccccc2c1)C1CCCC1,0.3397254783614907,2.826669259496221
4015,Cc1nccn1CC1CCc2c(c3ccccc3n2C)C1=O,0.7280085381147323,3.059982472062159
4016,CNS(=O)(=O)c1cc(S(=O)(=O)NC)c2ccc(C)nc2c1O,0.7196175017896459,2.6507533306615567
4017,CC(C)(C)NCC(O)COC(=O)C(c1ccccc1)c1ccccc1,0.7599202743268899,2.5757277136894086
4018,CC(C)(C)NCC(O)COC(=O)c1ccc([N+](=O)[O-])cc1,0.4684011517114317,2.558435702340539
4019,Nc1nc(O)c2cc(S(=O)(=O)c3ccc(Cl)c(Cl)c3)ccc2n1,0.7182062151352762,2.348706805940868
4020,CC1(COc2ccc(CC3SC(=O)NC3=O)cc2)CCCCC1,0.8868585940971975,2.9946889977393454
4021,NC(=O)[C@H]1CCCN1C(=O)[C@H](CCC(=O)O)NC(=O)[C@H]1CCC(=O)N1,0.41738810690308625,3.3093632603683023
4022,COc1cc(CC(=O)O)ccc1-c1ccc(Cl)cc1,0.9272103405801038,1.6440210770513684
4023,CC1(C)CCc2cc3c(C(F)(F)F)cc(=O)oc3cc2N1,0.7486800038414652,2.872870341079942
4024,CN1Cc2c(C(=O)OC(C)(C)C)ncn2-c2ccc([N+](=O)[O-])cc2C1=O,0.46306719968534943,2.731769049903221
4025,OCCNc1ncnc2c1ncn2Cc1ccccc1,0.7294134313315507,2.13142009786862
4026,CC(C)Nc1ccccc1N1CCN(C(=O)c2cc3ccccc3[nH]2)CC1,0.7388151092238116,2.1368407547374293
4027,CC(C)(C)NCC(O)COC(=O)c1ccccc1F,0.7992890828858507,2.4990687565253236
4028,Cc1sc(-c2ncc(C#N)c(C)c2O)nc1CC(=O)NCCc1ccccn1,0.6658834109146369,2.8896856361913876
4029,CC(C)NCC(O)COc1ccc(CCSCC2CCC2)cc1,0.6065329757448701,2.7492911279168624
4030,CCOC(=O)c1cc2ccccn2/c(=N/c2ccc(Br)cc2)n1,0.6615659465195948,2.70360340933747
4031,CC(=O)Nc1nc(O)c2cc(S(=O)(=O)c3ccc4ccccc4c3)ccc2n1,0.5528001429127942,2.338498294419235
4032,COc1cc2cc3c(O)ncnc3nc2cc1OC,0.706374724594396,2.454246379421953
4033,Cn1c(=O)c2c3c(cnc2n(C)c1=O)C(=O)C1=C(C3=O)C2CCC1CC2,0.7094755638734357,3.622887765229347
4034,CCCCCC(O)C(O)C/C=C\C/C=C\C/C=C\CCCC(=O)O,0.30572275377319935,3.564284047608748
4035,CCCCN(CCCC)CCC(O)c1c2ccccc2nc2ccccc12,0.46785219141114537,2.7174958966627045
4036,Cc1cccc(Cn2cnc3c(N(C)C)ncnc32)c1,0.7299450161382953,2.252770046403585
4037,Oc1cc2c(cc1Sc1ccncc1)OCC2,0.883047752666401,2.548818581840555
4038,CC[C@H](C)[C@H](NC(=O)c1ccccc1Br)C(=O)O,0.8779376617015631,2.5206785094499082
4039,CCCC(=O)Nc1ccc(Oc2cccc(OC)c2)cc1,0.8637742129611966,1.5858920819706306
4040,CCN(CC)S(=O)(=O)c1cc(S(=O)(=O)N(CC)CC)c2ccc(C)nc2c1O,0.6898412413709274,2.6736196028747212
4041,NCCc1ccc(S(N)(=O)=O)cc1,0.7101816955246435,1.724336453305531
4042,C=C(C)[C@@H]1CC[C@]2(C(=O)NCCCCCCCCCCC(=O)O)CC[C@]3(C)[C@H](CCC4[C@@]5(C)CCC(=O)C(C)(C)[C@@H]5CC[C@]43C)[C@@H]12,0.15551112026921615,4.795682539267968
4043,CC[C@H]1Nc2cc3nc(O)cc(C(F)(F)F)c3cc2C[C@H]1C,0.8232354836563482,3.829105094490904
4044,CCOC(=O)CCC(NC(=O)c1ccc2nc(N)nc(N)c2c1C)C(=O)OCC,0.5484275119191327,2.9204587421971553
4045,CC1CCc2nc(N)nc(N)c2C1,0.6146347864027768,3.001100513235878
4046,Nc1ccc(S(N)(=O)=O)cc1Cl,0.6590254973271298,1.9643241916807899
4047,C/C(=C\CC1SC(=O)NC1=O)c1cccc(OCc2nc(-c3ccc(OC(F)(F)F)cc3)oc2C)c1,0.3757180764200012,3.3697198909691046
4048,Oc1[nH]c(Br)nc2nncc1-2,0.6361829316546609,3.664947234560257
4049,O=C1OC(=O)[C@@H]2[C@H]1[C@@H]1O[C@H]2C[C@@H]1COC(=O)[C@@H]1C[C@H]1c1ccccc1,0.6084585922120569,4.932157186238865
4050,O=C(c1cc2ccccc2[nH]1)c1cc2cc(OC(=O)C(c3ccccc3)c3ccccc3)ccc2[nH]1,0.16322346378967126,2.4867257596810095
4051,Oc1c(-c2ccccc2)nnc2nc3ccccc3n12,0.5724956962996417,2.2844271382858317
4052,O=C(c1cc2ccccc2[nH]1)c1cc2cc(OC(=O)C3CC3)ccc2[nH]1,0.3309737468323497,2.395019643309814
4053,CCNC(=O)Cc1nc(-c2ncc(C#N)c(C)c2O)sc1C,0.8994140903251802,2.9758987418021423
4054,COCCNC(=O)c1c(O)c2ncc(Cc3ccc(F)cc3)cc2n(CC(=O)N2CCOCC2)c1=O,0.4455504778606338,2.6560046207755192
4055,COc1ccc(OC)c(CN2CCc3nc(N)nc(N)c3C2)c1,0.874597536023473,2.3301329090685083
4056,O=C(N[C@@H](Cc1c[nH]cn1)C(=O)O)c1ccccc1Br,0.7716795029033653,2.7440812289481595
4057,CN(C)c1ncnc2c1ncn2Cc1cccc(F)c1,0.7314439058790977,2.277671260978483
4058,CCOC(=O)C1=C(O)C(=O)N(C2c3ccccc3-c3ccccc32)C1,0.8758905038781125,2.4892421354182463
4059,CC(C)C1CCc2ncc3c(c2C1=O)C(=O)C1=C(C3=O)C2CCC1C2,0.7865954842808573,4.863523510923904
4060,CC(C)C1CCC(=O)c2c1ncc1c2C(=O)C2=C(C1=O)C1CCC2C1,0.7805139853191962,4.848108785649178
4061,CC(C)(C)NCC(O)COC(=O)c1ccncc1,0.7645601705494024,2.6320305848233616
4062,Cc1ccccc1C(=O)OCC(O)CNC(C)(C)C,0.7983723367491347,2.469342964670121
4063,COc1ccc2[nH]c(C(=O)c3cc4cc(OC)ccc4[nH]3)cc2c1,0.560462618291784,2.2525792922843326
4064,COc1cc(O)c2c(=O)c(-c3cccc(Cl)c3)coc2c1,0.781353403182917,2.1895163714100043
4065,CCOC(=O)c1ccc(NC(=O)Nc2cccc3c2OC(C)(C)CC3(C)C)cc1,0.6835163725047598,2.4043181907519937
4066,CNS(=O)(=O)c1cc(S(=O)(=O)NC)c2ccc(C)nc2c1OC,0.7969637990866436,2.5994979066434425
4067,COC(=O)c1c(O)cc(O)c(Cl)c1CCC(=O)Nc1ccc(C#N)cc1,0.6918684909345059,2.3687642673618186
4068,CC(C)(C)NCC(O)COC(=O)CCCc1ccccc1,0.7221417315809465,2.4437745428104147
4069,CCOC(=O)C1=C(O)C(=O)N(Cc2ccc(Cl)cc2)C1,0.8635046358678947,2.26286404713969
4070,N[C@@H]1CCc2cc(O)c(O)cc2[C@H]1O,0.4513426746305895,3.314113659028675
4071,Oc1ccc2c(c1O)CCCC2C1=NCCN1,0.6431269714265511,3.3819925726971203
4072,CCCc1cc(=O)oc2c3c(c4c(c12)OC(C)(C)C=C4)O[C@@H](C)[C@H](C)[C@@H]3O,0.7946837286183372,4.17058927623391
4073,CCCCC/C=C\CC(=O)/C=C/C=C\C/C=C\CCCC(=O)O,0.20193321247768545,2.9710607197193966
4074,COc1ccc2oc(-c3ccc([N+](=O)[O-])o3)cc2c1,0.5298985033772654,2.3463745845501585
4075,CCC(c1ccc(O)cc1)C(CCCl)c1ccc(O)cc1,0.7369215113871884,3.0513515376580918
4076,NNc1ccc(S(N)(=O)=O)cc1,0.43386904835437173,1.8659381960232206
4077,Cc1ccn2c(C(=O)NCc3ccccc3)nnc2c1,0.7881022951015817,2.232231710510801
4078,COc1cc(O)c(Br)cc1/C=C1\SC(=O)NC1=O,0.8150828178423328,2.6147265719887756
4079,C=CCOc1cc(OC)c(/C=C2\SC(=O)NC2=O)cc1Br,0.6362769424746355,2.667396140326069
4080,CN[C@@H]1C(O)[C@@H](OC2[C@H](N)CC(N)[C@@H](O[C@H]3OC(CO)[C@@H](O)[C@H](O)C3NO)[C@@H]2O)OC[C@H]1O,0.15019470446223748,5.32226316899985
4081,CSCC[C@H](NC(=O)NCc1ccccc1)C(=O)N[C@@H](CC(C)C)C(=O)N[C@@H](Cc1ccccc1)C(=O)O,0.2347611403470326,3.177813081149343
4082,COc1cccc2cc3cc([N+](=O)[O-])oc3cc12,0.5099675074346546,2.4314552449964406
4083,COc1ccc2[nH]c3c(c2c1)C(CN(C)C)CCC3,0.9156809994773288,2.9391597067515693
4084,c1ccc(Cn2cnc3c(NC4CC4)ncnc32)cc1,0.7869277651111035,2.0869223142962614
4085,O=C(NNC(=S)Nc1ccc([N+](=O)[O-])cc1)c1cc([N+](=O)[O-])c[nH]1,0.3667620113090788,2.4303118249690385
4086,O=C(NNC(=S)NC1CCCCC1)c1cc([N+](=O)[O-])c[nH]1,0.38087069823878367,2.5189445330788445
4087,CC[C@@H]1Cc2cc3c(C(F)(F)F)cc(O)nc3cc2N[C@@H]1CC,0.8390743249550507,3.854953817970289
4088,Cc1c(C(=O)NC(CCC(=O)O)C(=O)O)ccc2nc(N)nc(N)c12,0.485325647909144,2.8163093013554725
4089,CCCCCCCCCCCc1cc(O)cc(=O)o1,0.6377124480610512,2.2379668922424667
4090,Oc1[nH]c(Br)nc2nnc(Br)c1-2,0.7226144763668284,3.749654848121125
4091,COC(=O)c1c(O)cc(O)c(Cl)c1CCC(=O)Nc1cncnc1,0.7029981912556074,2.5950013354585515
4092,COC(=O)c1c(O)cc(O)c(Cl)c1CCC(=O)N(O)c1ccccc1,0.4269867598204993,2.636713453371213
4093,CCCc1cc(=O)oc2c3c(c4c(c12)OC(C)(C)C=C4)O[C@H](C)C(C)(C)C3=O,0.6899178976821976,3.8686120325860696
4094,CCc1nnc2c(NC3CCCC3)nc3ccccc3n12,0.800725338809515,2.326801933087257
4095,CCOC(=O)CCC(NC(=O)c1ccc2nc(N)nc(N)c2c1)C(=O)OCC,0.5547065773582803,2.7460394867108935
4096,Oc1cc2c(cc1CCCSc1ccccc1)OCC2,0.6639037013172665,2.2532240092115163
4097,COc1ccc2c(c1)CCC(CN1CCC(c3ccccc3)CC1)C2=O,0.823192332341881,2.6177042203020484
4098,COc1ccccc1C1(C)CCn2nc(COc3ccccc3)cc2C1=O,0.6879808227110352,3.0454189735857815
4099,Cc1oc(-c2ccc(OC(F)(F)F)cc2)nc1COc1cccc(C(C)CCn2oc(=O)[nH]c2=O)c1,0.34888594804449546,3.3690193578388685
4100,COc1ccc2c(c1O)-c1cccc3c1C(C2)N(CCOCCCl)CC3,0.6177604369410824,3.127055637306097
4101,CC(=O)Oc1ccc2c(ccc3oc([N+](=O)[O-])cc32)c1,0.3084427772750094,2.394515795391438
4102,CS(=O)(=O)N[C@@H](C(=O)N1CCC[C@H]1C(=O)NCc1csc(C(=N)NN)c1)C(c1ccccc1)c1ccccc1,0.1087952662532656,3.653350198624196
4103,COc1cc(OCc2ccccc2)c(Br)cc1/C=C1\SC(=O)N(C)C1=O,0.6388707818506579,2.3022910279251985
4104,CC(CCc1ccccc1)NCC(O)c1cc(C(N)=O)c2[nH]ccc2c1,0.5028066542396741,3.1025944700110513
4105,Nc1nc(N)c2c(n1)CCC(Cc1ccsc1)C2,0.8659510567094464,3.22335607087577
4106,CNc1ccc(C#CC[C@H](NS(=O)(=O)c2ccc3c(c2)CCCC3)C(=O)N(C)C2CCCC2)cc1,0.5695989334163728,3.2020220567856086
4107,COc1ccc2[nH]c(-c3ccccc3)c(CCN(C)C)c2c1,0.771550779683758,2.0032728077362076
4108,Cn1cc([N+](=O)[O-])cc1C(=O)NNC(=S)Nc1ccc([N+](=O)[O-])cc1,0.42010309135080715,2.410304403597456
4109,Cn1cc([N+](=O)[O-])cc1C(=O)NNC(=S)NC1CCCCC1,0.44075626252964273,2.486615160465444
4110,Oc1cc2c(cc1CCCNc1ccccc1)OCC2,0.8176744167136052,2.1287916754435887
4111,CCOC(=O)C1=C(O)C(=O)N(Cc2cccc3ccccc23)C1,0.8812941284931068,2.2871182345122953
4112,COCC(=O)Nc1ccc(Oc2cccc(OC)c2)cc1,0.8867567615297353,1.6246266973552448
4113,O=C1CCN(c2ccccc2)N1,0.6658060420553534,2.230920462506738
4114,CCCCCCCC(=O)c1c(O)cc(C)oc1=O,0.5973934544674309,2.2981300256779438
4115,Oc1ccc(-c2nnc3nc4ccccc4n3c2O)cc1O,0.46418534962746055,2.5830398407032398
4116,O=C(N[C@@H](CS)C(=O)O)c1ccccc1Br,0.7396844277338098,2.351815052528872
4117,Nc1nc(N)c2cc(C=O)ccc2n1,0.6389641481073289,2.282119638946577
4118,Cc1ccc(N2C(N)=NC(N)=NC2(C)C)cc1,0.7612553837382395,2.544822100235205
4119,CC1(C)N=C(N)N=C(N)N1c1ccc(F)cc1,0.7619702935483473,2.573829792542897
4120,C=C1[C@H](CCCC)[C@H]1CC(=O)[O-].[Na+],0.37597997334967564,4.563038410389897
4121,CC(C)(C)OC(=O)C1=C(O)C(=O)N(Cc2ccccc2)C1,0.8661062851711547,2.3639318795414823
4122,NC1CCCn2nc(COc3ccccc3)cc21,0.8992075740674318,2.899536784284278
4123,Fc1ccc(CNC2CCCn3nc(COc4ccccc4)cc32)cc1,0.7224253741118076,2.801015277665737
4124,CN(C)c1ncnc2c1ncn2Cc1cccc(O)c1,0.7827058582136166,2.3613457549056083
4125,COc1ccc2[nH]c(C(=O)c3cc4ccccc4[nH]3)cc2c1,0.5623374536985658,2.1743678283406034
4126,C/C(=C\Cn1oc(=O)[nH]c1=O)c1cccc(OCc2nc(-c3ccc(C(F)(F)F)cc3)oc2C)c1,0.4019830424362213,2.943917830450239
4127,CNC1CC2CCC1(C)C2(C)C,0.632181599279575,4.341881459781472
4128,CCCCOc1cc(OC)c(/C=C2\SC(=O)N(C(C)C)C2=O)cc1Br,0.44786573922365447,2.493415942058995
4129,C=CCc1cc(/C=C2\SC(=O)N(C)C2=O)c(OC)cc1O,0.6841635177192483,2.6805545516062583
4130,Nc1nc(O)c2ncn(CCCCCCP(=O)(O)CP(=O)(O)O)c2n1,0.30483255752201555,3.6786047595846885
4131,COc1ccc(CCNCC(O)COC(=O)c2cccc(F)c2)cc1OC,0.4883061009310424,2.481992393081267
4132,COc1ccc(CCNCC(O)C(=O)Oc2ccccc2C)cc1OC,0.40568322184077116,2.601764172606412
4133,COC(=O)c1cccnc1N1CCN(C(=O)c2cc3ccccc3[nH]2)CC1,0.721790194798325,2.1636614647966024
4134,COc1ccc(N(C)CCCC(C#N)(c2ccc(OC)c(OC)c2)C(C)C)cc1OC,0.5006878650015867,2.9321454170556915
4135,CCC(CC)OC(=O)c1ncn2c1CN(C)C(=O)c1cc(Cl)ccc1-2,0.7821696282609514,2.78553083483885
4136,Cc1cccc(N2C(N)=NC(N)=NC2(C)C)c1,0.7612553837382395,2.6158167490646367
4137,CNc1ncnc2c1ncn2Cc1ccc(F)cc1,0.7799138931689797,2.1436022302378053
4138,CNc1ncnc2c1ncn2Cc1ccc([N+](=O)[O-])cc1,0.5792777927112333,2.2653851588937073
4139,C=C(C)[C@@H]1CC[C@]2(C)CC[C@]3(C)[C@H](CC[C@@H]4[C@@]5(C)Cc6c([nH]c7ccc(Cl)cc67)C(C)(C)[C@@H]5CC[C@]43C)[C@@H]12,0.3519777694769348,4.799034428425285
4140,COC(=O)c1ncn2c1CN(C)C(=O)c1ccccc1-2,0.7320568941982002,2.4280877734134165
4141,CCNC1C2CCC(C2)C1c1ccccc1,0.8162923424259394,3.9968839993435967
4142,Cc1c([N+](=O)[O-])oc2ccccc12,0.49657862447569645,2.305362826931903
4143,COC(=O)c1cccc(OCCCOc2cc3c(cc2O)CCO3)c1,0.6148028466659893,2.191816620792027
4144,Cn1c2ccccc2n2c(=O)c(-c3ccco3)nnc12,0.5270275416426531,2.512559031465708
4145,c1ccc(OCc2cc3n(n2)CCCC3NCc2ccncc2)cc1,0.7497021486310677,2.9195463070960006
4146,COc1ccc2c(c1O)-c1cc(O)cc3c1C(C2)N(C(=O)CN(CCCl)CCCl)CC3,0.6125788044585616,3.45218396285067
4147,N#Cc1cccnc1N1CCN(C(=O)c2cc3ccccc3[nH]2)CC1,0.78217866228574,2.226274207725641
4148,Cc1oc(-c2ccc(C(F)(F)F)cc2)nc1COc1cccc(/C(I)=C/Cn2oc(=O)[nH]c2=O)c1,0.2945182876966743,3.156829290418841
4149,Cc1cc(/C=C2/SC(=S)NC2=O)c(C)n1-c1cc(C(=O)O)cc(C(=O)O)c1,0.5328085325217161,2.629335656253197
4150,CN1C(=O)c2cccnc2NC1c1cccnc1,0.8234148541655454,3.0368217513491444
4151,O=C(c1cc2ccccc2[nH]1)c1cc2cc(OC(=O)c3ccccc3Oc3ccccc3)ccc2[nH]1,0.15701140556551296,2.415415454891459
4152,COc1cccc(CC(=O)Oc2ccc3[nH]c(C(=O)c4cc5ccccc5[nH]4)cc3c2)c1,0.22729799553223276,2.410530476887251
4153,COc1ccc(C(C#N)(CCCN2CCCCC2)C(C)C)cc1OC,0.7015807343896036,2.774022438964133
4154,COc1ccc(CCN(C)CCCC(C)(C#N)c2ccc(OC)c(OC)c2)cc1OC,0.4993958477132292,2.912015003502077
4155,CC[C@]1(F)C(=O)OCc2c1cc1n(c2=O)Cc2cc3cc(F)ccc3nc2-1,0.4842981431038385,3.5177120287087975
4156,CCn1cc(CCN(C)C)c2cc(OC)ccc21,0.8068556546714717,2.0994351182996063
4157,Cc1oc(-c2ccc(C(F)(F)F)cc2)nc1COc1cccc(/C(=C/Cn2oc(=O)[nH]c2=O)C(C)(C)C)c1,0.32363564569010433,3.1547495932604512
4158,N=C(N)NCCC[C@H](NC(=O)c1ccccc1Br)C(=O)O,0.2813255234540327,2.5440414281936334
4159,Oc1ccc2c(c1O)CCC[C@@H]2C1=NCCN1,0.6431269714265511,3.3819925726971203
4160,COC(=O)C(CC1=C(c2ccccc2)CC(C)(C)ON1C(C)=O)C(=O)OC,0.5813233246464069,3.1089815993511936
4161,Oc1cc2c(cc1Sc1ccccn1)OCC2,0.883047752666401,2.513605043379018
4162,NC(=O)CC[C@H](NC(=O)c1ccccc1Br)C(=O)O,0.7200412371519331,2.284594548380527
4163,Nc1nc(O)c2c(Cl)cccc2n1,0.6694969922846544,2.3788205192395946
4164,Nc1nc(N)c2c(Cl)c(NC(=O)COc3ccc4ccccc4c3)ccc2n1,0.4872675332179939,2.277402929278047
4165,O=C(O)c1csc(=S)s1,0.6699866683458507,3.5531568533794022
4166,C/C(=C\CC1SC(=O)NC1=O)c1cccc(OCc2nc(-c3ccccc3)oc2C)c1,0.5380764913273843,3.1651343458268553
4167,N#Cc1c(O)nc(SCc2cccc(F)c2F)nc1-c1ccc(O)cc1,0.5322265386516339,2.513480912013714
4168,N#Cc1c(O)nc(SCc2cccc(F)c2F)nc1[C@H]1C[C@@H]1CO,0.6371506838553389,3.687419753693707
4169,CCCc1cc(=O)oc2c3c(c4c(c12)OC(C)(C)C=C4)O[C@H](C)[C@@H](C)[C@H]3O,0.7946837286183372,4.17058927623391
4170,CC(C)C[C@@H](NC(=O)[C@H](Cc1ccccc1)NC(=O)[C@@H](CC(C)C)NC(=O)[C@H](Cc1ccccc1)NC(=O)NC(C)C)C(=O)N[C@@H](Cc1ccccc1)C(=O)O,0.0853545690118636,3.753126889604548
4171,O=C(CCCCCCOc1ccc(-c2cc(=S)ss2)cc1)NO,0.21367320814183408,2.61233417856824
4172,OCCCc1cc2c(cc1O)CCO2,0.7610154424393595,2.3759102010767545
4173,CC(C)NCC(O)COc1ccc(CCCOCC2CCC2)cc1.O=C(O)C(=O)O,0.2969917640137579,2.7809497532301997
4174,CCCc1cc(=O)oc2c(C(=O)[C@@H](C)[C@H](C)O)c(O)c3c(c12)OC(C)(C)C=C3,0.5986483931390439,3.960379743505273
4175,Cc1cc(/C=C2/S/C(=N/c3ccc(Br)cc3)NC2=O)c(C)n1-c1cc(C(=O)O)cc(C(=O)O)c1,0.3854923992549795,3.0016684901316912
4176,O=C(c1cc2ccccc2[nH]1)c1cc2cc(OC(=O)C3CCC3)ccc2[nH]1,0.3183322079558734,2.409050813909028
4177,CCCC/C(=C\Cn1oc(=O)[nH]c1=O)c1cccc(Oc2cc(Cl)cc(Cl)c2)c1,0.5068274027268029,2.9049945650484297
4178,CCCC/C(=C\Cn1oc(=O)[nH]c1=O)c1cccc(Oc2ccc(C)cc2)c1,0.6239132970602637,2.711845044662663
4179,NS(=O)(=O)c1ccc(/C=C/c2ccc(O)cc2)cc1,0.8426580961640601,1.8676834863401925
4180,CN(C)c1ccc(/C=C/c2ccc(S(N)(=O)=O)cc2)cc1,0.8829089551386814,1.9379401721563063
4181,COc1ccc(CCN(C)CCCC(C#N)(c2ccc(OC)c(OC)c2)C2CCCCC2)cc1OC,0.3394019577727374,3.240933483550082
4182,Nc1nc(N)c2c(n1)CCC(CC1CCCO1)C2,0.8237469086478347,3.532203731343401
4183,CN(Cc1cnc2nc(N)nc(N)c2n1)c1ccc(C(=O)NC(CCC(=O)O)C(=O)O)cc1,0.29472034504927447,3.08655628876042
4184,COc1c(C)cc(C(=O)N2CCN(c3ncccc3NC(C)C)CC2)cc1C,0.8578406911478952,2.264910503242545
4185,COc1ccc2[nH]cc(CCN(C)C)c2c1,0.8524174042239617,1.9536377061175614
4186,O=[N+]([O-])c1cc2c(ccc3cc(O)ccc32)o1,0.5130656264855838,2.417489658763632
4187,COc1ccccc1N1CCN(C(=O)c2cc3ccccc3[nH]2)CC1,0.7998526760751825,1.9242820054074112
4188,CC1(C)N=C(N)N=C(N)N1c1ccc(OCc2ccccc2)cc1,0.904194279834981,2.3122339352117383
4189,CCC(c1ccc(O)cc1)C(CCF)c1ccc(O)cc1,0.8060317308878066,3.1046662703829933
4190,Cc1ccc2[nH]c3c(c2c1)CCN(CCN)C3c1cccc(O)c1.Cl,0.6716810201284035,2.9651448565465515
4191,O=C(Oc1ccc2[nH]c(C(=O)c3cc4ccccc4[nH]3)cc2c1)c1ccccc1,0.25874457718973193,2.2388194916569724
4192,Oc1ccc(C2(O)CCCNC2)cc1O,0.5128815026870605,3.0951955303826155
4193,O=C(N[C@@H](Cc1ccccc1)C(=O)O)c1ccccc1Br,0.873289199091189,2.0592702897869906
4194,N#Cc1c(O)nc(SCc2ccccc2)nc1C1CC1,0.688817487482502,2.4363870504521667
4195,COc1ccc2c(c1NC(=S)NC(=O)c1ccc([N+](=O)[O-])cc1)C(C)(C)COC2(C)C,0.41311816228326165,2.818709198107893
4196,Cc1cc(CNC(=O)[C@@H]2CCCN2C(=O)[C@H](NS(C)(=O)=O)C(c2ccccc2)c2ccccc2)ccc1CN,0.3597929316867128,3.260067821001819
4197,O=C(N[C@@H](Cc1c[nH]c2ccccc12)C(=O)NO)c1ccccc1Br,0.3906246795311448,2.533835130497952
4198,CN1Cc2c(C(=O)OC(C)(C)C)ncn2-c2ccccc2C1=O,0.7584732155453461,2.53471339934746
4199,Cc1cc(/C=C2/S/C(=N/c3cccc(Br)c3)NC2=O)c(C)n1C1CCCCC1,0.551826826073417,2.9991285062011244
4200,CN(C)CCCn1cc(C2=C(c3cn(CCOCCO)c4ccccc34)C(=O)NC2=O)c2ccccc21,0.24408311296781018,2.7908660302510473
4201,N#CCCCc1cc2c(cc1O)CCO2,0.765810618661471,2.5469281098593726
4202,COC(=O)C(C)(C)CCCCCOc1ccccc1OCCCCCC(C)(C)C(=O)OC,0.22841873296040124,2.476342511626706
4203,Cc1ccc(OC(CC2CNC2)c2ccc(Cl)c(Cl)c2)cc1,0.8266436729758478,2.7281718375353954
4204,Clc1ccc(OC(CC2CNC2)c2ccc(Cl)c(Cl)c2)cc1,0.7766504080488905,2.7439274206619473
4205,Cc1ccc(OC(CC2CNC2)c2ccc(F)c(F)c2)cc1,0.9011082998117955,2.750450745723981
4206,CCOC(=O)c1cc2ccccn2/c(=N/c2ccccc2)n1,0.6976789481392537,2.6030404244944485
4207,COC(=O)CC/C=C\CC[C@H]1C(=O)C[C@@H](O)[C@@H]1/C=C/CC(C)(O)CCCCO,0.2511815753684588,4.193783994222825
4208,CC(=O)c1cccnc1N1CCN(C(=O)c2cc3ccccc3[nH]2)CC1,0.7391098087817362,2.188935335617506
4209,COc1cc(-c2ccc(Cl)cc2)ccc1CC(=O)O,0.9272103405801038,1.6701537330745904
4210,Cc1c(C(=O)NC(CCC(=O)O)C(=O)O)ccc2nc(N)nc(O)c12,0.4902012804904398,2.9375623438353813
4211,O=C(N[C@H](CO)C(=O)O)c1ccccc1Br,0.7579065233611739,2.2051198825825384
4212,CC(C)(C)OC(=O)Nc1ccc2c(c1)cc1c(=O)n3c(cc4cc(NC(=O)OC(C)(C)C)ccc43)c(=O)n12,0.3264023852344837,2.873189014764854
4213,Nc1nc(O)c2cc(C(=O)NC(CCC(=O)O)C(=O)O)ccc2n1,0.48496834300460095,2.7159370583413303
4214,CCNc1cccnc1N1CCN(C(=O)c2ccc3ccccc3c2)CC1,0.7718495221384964,2.0452597495692775
4215,CCOC(=O)C1=C(O)C(=O)N(c2cccc3ccccc23)C1,0.8841785680411802,2.3250553671123164
4216,CC(C)(Sc1nc(O)c(C#N)c(C2CC2)n1)c1ccccc1,0.6834069588274579,2.873565223517149
4217,O=C(O)c1cc(/N=N/c2ccc(S(=O)(=O)Nc3ccccn3)cc2)ccc1O,0.5405882217196541,2.4260778465127117
4218,CCN(CC)c1nc2ccccc2n2cnnc12,0.7043702294110724,2.4744745975895466
4219,CSCC[C@H](NC(=O)NC(C)C)C(=O)N[C@@H](CC(C)C)C(=O)N[C@@H](Cc1ccccc1)C(=O)O,0.2688327453100708,3.2065972677065497
4220,Fc1cccc(OC(CC2CNC2)c2ccc(Cl)c(F)c2)c1,0.8830544231709414,2.8862279169398626
4221,c1ccc(OC(CC2CNC2)c2ccc3ccccc3c2)cc1,0.7452662667179891,2.6037496312235096
4222,Clc1ccc(C(CC2CNC2)Oc2ccccc2Cl)cc1Cl,0.7766504080488906,2.7923554603641794
4223,CCc1nnc2c(Nc3ccccc3)nc3ccccc3n12,0.6260253553973857,2.0945548364766964
4224,Oc1ccc(-c2nnc3nc4ccccc4n3c2O)cc1,0.5581259676362318,2.425611337960543
4225,Fc1ccc(C(CC2CNC2)Oc2ccc(Cl)c(Cl)c2)cc1F,0.8121594023923988,2.8918567862008846
4226,Fc1ccccc1OC(CC1CNC1)c1ccccc1,0.8975364219421041,2.6206626328890454
4227,Nc1cccnc1N1CCN(C(=O)c2cc3ccccc3[nH]2)CC1,0.7575811417587192,2.181105331462545
4228,Cc1cc([N+](=O)[O-])ccc1/N=C(\S)Nc1ccc2c(c1)C(C)(C)CC(C)(C)S2,0.19775167862221146,3.2219532936505164
4229,CC1(C)CC(C)(C)c2cc(NC(=S)Nc3ccc([N+](=O)[O-])cc3)ccc2S1,0.37592367641755053,2.640891658303719
4230,Cc1cccc2nc(N)nc(N)c12,0.626565602525808,2.129258980778056
4231,Clc1ccc2ncc(N3CCNCC3)nc2c1,0.8340771548983315,2.207959504917479
4232,CCNc1cccnc1N1CCN(C(=O)c2cnccn2)CC1,0.9161523211651723,2.2665829417453605
4233,CCC/C(=C/Cn1oc(=O)[nH]c1=O)c1cccc(OCc2nc(-c3ccc(C(F)(F)F)cc3)oc2C)c1,0.3124595883351096,3.057855672430348
4234,Nc1nc(N)c2c(Cl)c(NC(=O)Cc3cccc(C(F)(F)F)c3)ccc2n1,0.6271740341197859,2.405003716515777
4235,OCCc1ccc(OCCCc2cc3c(cc2O)CCO3)cc1,0.7716366469947428,2.23427800489117
4236,O=S(=O)(Cc1ccccc1)N1C=Cc2ccccc2C1c1c[nH]c2ccccc12,0.5197145971154449,2.995810707372712
4237,CC1(C)N=C(N)N=C(N)N1c1ccc(OCc2ccc(Cl)c(Cl)c2)cc1,0.8293473385079486,2.490027566386738
4238,O=C(OC[C@H]1C[C@@H]2O[C@H]1[C@H]1C(=O)OC(=O)[C@H]12)c1cccc(Oc2ccccc2)c1,0.5690856230949224,4.458716961554375
4239,NS(=O)(=O)c1ccc(/C=C/c2ccc(O)c(O)c2)cc1,0.5936985177373783,2.0439185925942347
4240,CNc1ccc(C#CC[C@H](NS(=O)(=O)c2ccc3ccccc3c2)C(=O)N(C)C2CCCC2)cc1N,0.3338360943348319,3.222705429251439
4241,O=C1c2ccc(OCc3cccc(-c4ccccc4)c3)cc2CCC1CCN1CCC(c2ccccc2)CC1,0.2384679413825428,2.853601011380956
4242,C=CCC1(C(C)C#CCC)C(=O)NC(=O)N(C)C1=O,0.47348972477403223,4.212247296213281
4243,NCc1ccc(-c2ccoc2)c(Cl)c1,0.8222777135535976,2.2218786626152145
4244,O=c1[nH]c(-c2ccc(Cl)cc2)nc2ccccc12,0.7264670785330786,1.8254148342759393
4245,COc1ccc([C@@H]2Sc3ccccc3N(CCN(C)C)C(=O)[C@@H]2OC(C)=O)cc1,0.6757916364888925,3.1424704195091344
4246,CC(C)NCC(O)COc1ccc(CC(N)=O)cc1,0.637673978167625,2.4358286416628108
4247,CC(=O)Oc1ccccc1C(=O)O,0.5501217966938848,1.580039750008826
4248,CCOC(=O)C1=C(O)C(=O)N(Cc2ccc(Cl)c(Cl)c2)C1,0.8622524169867988,2.388101920027312
4250,COc1ccc2c(c1)c(CCN(C)C)c1n2CCCC1,0.8507203057204517,2.3446915038934613
4251,COc1ccc2c(c1)c(CCN(C)C)cn2C(C)C,0.8201203217028432,2.236927050033392
4252,O=[N+]([O-])c1cc2c(ccc3ccccc32)o1,0.4588339118278573,2.158405331535622
4253,Nc1nc(N)c2c(Cl)c(NC(=O)Cc3ccc4ccccc4c3)ccc2n1,0.5032698505509345,2.280628659140719
4254,O=[N+]([O-])c1cc2ccc3c(c2o1)CCCC3,0.5439476832907834,2.6356070037764265
4255,Nc1ncnc2ccc(S(=O)(=O)c3ccc4ccccc4c3)cc12,0.6077790770149218,2.0985117337559043
4256,CC1CCc2nc(N)nc(O)c2C1,0.6200170343728261,3.1794812824666465
4257,Nc1nc(N)c2c(Cl)c(NC(=O)COc3ccc(Cl)c(Cl)c3)ccc2n1,0.6003883412337387,2.3468814125405846
4258,Oc1cc2c(cc1OCCCOc1ccccc1)OCC2,0.8285715016371383,2.0368098735339064
4259,Nc1nc(O)c2ncn(COCCOP(=O)(O)OP(=O)(O)O)c2n1,0.28148039350832305,3.6592030938442885
4260,O=c1[nH]c(=O)c2ncn(CCCCCP(=O)(O)CP(=O)(O)O)c2[nH]1,0.3132541016869895,3.688003093844287
4261,CCNc1ccc(C#CC[C@H](NS(=O)(=O)c2ccc3ccccc3c2)C(=O)N(C)C2CCCC2)cc1,0.4346100424224795,3.0895660803079776
4262,COc1ccc(CCNCC(O)COC(=O)c2ccc(C)cc2)cc1OC,0.4918245036880103,2.40930008538896
4263,CCCCCCCCCc1cc(OC)cc(=O)o1,0.6247883278040458,2.1514262857204205
4264,CCNC(=O)N[C@@H](CCSC)C(=O)N[C@@H](CC(C)C)C(=O)N[C@@H](Cc1ccccc1)C(=O)O,0.2752696803826311,3.1727779564676055
4265,CCC(=O)Nc1ccc(Nc2cccc(OC)c2)cc1,0.8687559914802715,1.5828396820311141
4266,O=C1CC(c2ccc(O)cc2)Oc2c1c(O)cc(O[C@]1(O)O[C@H](CO)[C@@H](O)[C@H](O)[C@H]1O)c2C1C(=O)c2c(O)cc(O)cc2OC1c1ccc(O)cc1,0.1264872447497006,5.1834516446789
4267,COc1c2c(cc3c(-c4ccccc4F)noc13)CC(C(=O)O)O2,0.7952364611838866,3.158890399796255
4268,O=C(O)C1Cc2cc3c(-c4ccccc4F)noc3cc2O1,0.7871256732760417,2.9457297248094125
4269,NC(CCC(=O)N1CCCC1C(=O)O)C(=O)O,0.5849774335255382,2.821966780683166
4270,Cn1cnc2c(ncn2Cc2ccccc2)c1=O,0.6755078733600709,2.1079482662286004
4271,CN1CCN(Cc2cnn3ccccc23)CC1,0.7712110378708684,2.2319576587636334
4272,C/C(=C\CC1OC(=O)NC1=O)c1cccc(OCc2nc(-c3ccc(OCC(F)(F)F)cc3)oc2C)c1,0.3953057222873945,3.4164899563674584
4273,CO/N=C1\CN(c2nc3c(cc2F)c(=O)c(C(=O)O)cn3C2CC2)CC1CN,0.7304236261034948,3.556039486710893
4274,COc1ccc(OC)c(NCC2CCc3nc(N)nc(N)c3C2)c1,0.7681613552929676,2.9379098568098296
4275,CCNc1cccnc1N1CCN(C(=O)c2cc3cc(OC)ccc3[nH]2)CC1.CS(=O)(=O)O,0.4803603803729597,2.49688466331866
4276,Nc1nc(O)c2cc(Sc3ccc4ccccc4c3)ccc2n1,0.5785163571884638,2.3273840898509857
4277,CC(C)C(=O)NCC(C)(C)NCC(O)COC(=O)c1ccccc1F,0.5849121761406967,2.826824111918045
4278,COc1ccc2c(ccc3oc([N+](=O)[O-])c(C)c32)c1,0.5168351768814684,2.4685464761805402
4279,COC(=O)N[C@@H](C(=O)N1CCC[C@H]1C(=O)NCC#Cc1c[nH]cn1)C(c1ccccc1)c1ccccc1,0.4319891138675644,3.643957071571581
4280,O=C1c2ccc(OCc3ccccc3-c3ccccc3)cc2CCC1CCN1CCC(c2ccccc2)CC1,0.2384679413825428,2.875381250107747
4281,Cc1cc(NS(=O)(=O)c2ccc(N)cc2)no1,0.804736706639606,2.0519507062268083
4282,O=C(NNC(=O)c1cc([N+](=O)[O-])c[nH]1)Nc1ccccc1,0.5021834366989929,2.2015484444217392
4283,Cc1cc(-c2c(F)cc3c(=O)c(Cc4ccncc4)cn(C4CC4)c3c2F)cc(C)n1,0.4539573534252652,2.7777917672628742
4284,COc1ccc2c(c1O)-c1cccc3c1C(C2)N(CCOC(=O)NCCCl)CC3,0.705210929740678,3.183920726453561
4285,NS(=O)(=O)c1ccc(/C=C/c2ccc(F)cc2)cc1,0.8766763904213984,1.781314836122485
4286,CC(C)(C)OC(=O)C1=C(O)C(=O)N(Cc2cccs2)C1,0.8684960938794004,2.72943630821195
4287,CCOC(=O)C1=C(O)C(=O)N(Cc2cccs2)C1,0.8387584637679946,2.5811926567611447
4288,Nc1ccc(S(=O)(=O)Nc2ccccc2S(N)(=O)=O)cc1,0.7116055918621149,1.949754551606258
4289,Clc1ccccc1N1CCN(Cc2cnn3ccccc23)CC1,0.7375770724766862,2.1601750670914814
4290,CC(C)(C)c1cc2c(cc1O)CCO2,0.6843371659453857,2.396536051279183
4291,O=C(c1cc2ccccc2[nH]1)c1cc2cc(OCCN3CCCCC3)ccc2[nH]1,0.4696789715768657,2.357601951932674
4292,CCCCC/C=C/C/C=C\C/C=C\C/C=C\CCCC(=O)O,0.3054967516530935,2.7685695110329096
4293,CCCCC/C=C/CC(O)C(O)C/C=C\C/C=C\CCCC(=O)O,0.30572275377319935,3.599139156678782
4294,NC(CCC(=O)N1CSCC1C(=O)O)C(=O)O,0.5905468195111735,3.2350283191447042
4295,CN1CCN(c2cnc3cc(Cl)ccc3n2)CC1,0.7873236553131195,2.058213946701972
4296,CC(=O)Nc1ccc(OCC(O)CNC(C)C)cc1,0.697114394276545,2.2929709493551194
4297,COc1ccc2[nH]c(C(=O)N3CCN(c4ncccc4NC(C)C)CC3)cc2c1.CS(=O)(=O)O,0.46698440201856684,2.5385627301401392
4298,CSCC[C@H](NC(=O)Nc1cccc(C)c1)C(=O)N[C@@H](CC(C)C)C(=O)N[C@@H](Cc1ccccc1)C(=O)O,0.2475421014511754,3.2123957350991663
4300,Cc1cccc2c1-c1ccc(C(=O)N=C(N)N)cc1C2(C)O.Cl,0.5495662094631765,3.2023396913080733
4301,CCNc1cccnc1N1CCN(Cc2cc3ccccc3[nH]2)CC1,0.7508431920744852,2.2698969742223802
4302,C/C(=C\Cn1oc(=O)[nH]c1=O)c1ccc2oc(Cc3nc(-c4ccc(C(F)(F)F)cc4)oc3C)cc2c1,0.320272554020969,3.1938475363356726
4303,c1ccc2c(c1)CCCc1nc(-c3ccncc3)[nH]c1-2,0.7264551733353023,2.4021034876991294
4304,CC#CCOc1noc2c1CNCC2.Cl,0.7717593599182826,3.5227990528698507
4305,CN(C)c1cccc2c(S(=O)(=O)Nc3cnc(Br)nc3)cccc12,0.6724140186537806,2.5031060531289384
4306,COc1ccc(NC(=O)NNC(=O)c2cc([N+](=O)[O-])c[nH]2)cc1,0.49812275522365984,2.22657895566614
4307,C/C(Cn1oc(=O)[nH]c1=O)=C(/C)c1cccc(OCc2nc(-c3ccc(C(F)(F)F)cc3)oc2C)c1,0.3741747124634878,3.0444843402325326
4308,C=C(COC)[C@@H]1CC[C@]2(C(=O)OC)CC[C@]3(C)[C@H](CC[C@@H]4[C@@]5(C)CC[C@H](OC(=O)n6cncc6C)C(C)(C)[C@@H]5CC[C@]43C)[C@@H]12,0.24893844837081092,5.241526328301628
4309,CC1(C)N=C(N)N=C(N)N1c1cccc(C(F)(F)F)c1,0.8265333986738292,2.689041775072134
4310,O=C(c1ccc(F)cc1)C1CCN(C(=O)c2cccc(F)c2)CC1,0.8053581450489893,1.7991076908678476
4311,CC(C)[C@@H]1NC(=O)[C@@H]2CCCCCSSCCCCC[C@H](NC(=O)[C@H]3CCCN3C1=O)C(=O)N2,0.4664125254239209,5.313652829727165
4312,CCC(O)c1cc(OCCCC(C)(C)C(=O)O)ccc1OCCCC(C)(C)C(=O)O,0.371920339762239,3.0575465267344724
4313,CC(C)(C)C1CCc2nc(N)nc(N)c2C1,0.698432966892321,3.06691093803871
4314,CC(=O)Oc1ccc2[nH]c(C(=O)c3cc4ccccc4[nH]3)cc2c1,0.34256456480550845,2.318948523053564
4315,O=C(N[C@@H](Cc1c[nH]c2ncccc12)C(=O)O)c1ccccc1Br,0.6265484456925593,2.5749268251356217
4316,CCCCCCCc1cc(O)cc(=O)o1,0.734345436946403,2.277462789133587
4317,CC(C)NCC(O)COC(=O)c1ccc(N)cc1,0.5145455320578006,2.468176895655386
4318,CCCCCCCCCCCCC#CC#CCCCCCCCCC(=O)NCCO,0.17460632329116144,2.6279435287594097
4319,CS(=O)(=O)N[C@@H](C(=O)N1CCC[C@H]1C(=O)NCc1ccc(CN)cc1)C(c1ccccc1)c1ccccc1,0.3690679859245432,3.1389936016268685
4320,Oc1c(-c2ccsc2)nnc2nc3ccccc3n12,0.5762457296164034,2.695563778689351
4322,CC(=O)[C@H]1O[C@@H](Oc2ccc(/C=C(/C)C(=O)N[C@H]3[C@@H](O)[C@@H]4OCO[C@@H]4[C@H](O)[C@@H]3O)cc2O)[C@@H](O)[C@@H]1O,0.1986125667527671,4.885889838363702
4323,CC1(C)CC[C@]2(C(=O)OCC3CC3)CC[C@]3(C)C(C(=O)C=C4[C@@]5(C)C=C(C#N)C(=O)C(C)(C)[C@@H]5CC[C@]43C)C2C1,0.35140863800652006,5.003562518069833
4324,Cc1ccc(-c2nnc3nc4ccccc4n3c2O)s1,0.5826327100539949,2.664928792738918
4325,CCC1(CC)C(=O)NC(=O)N(C)C1=O,0.6569080951365892,2.7668421241536763
4326,CC(=O)c1c(C2=NCC3(CN4CCC3CC4)O2)c2ccccc2n1C,0.7916284920491492,4.663850269165661
4327,CCCC(C)NS(=O)(=O)c1ccc(C)cc1,0.8604188667823134,2.1695674675557033
4328,Br.Cc1ccc(=N)n(Cc2cccc(F)c2)c1,0.8825732474857875,2.4147284547502554
4329,O=C1CCCc2nc(COc3ccccc3)sc21,0.8490669236566437,2.178544308430233
4330,OCCNCc1ccc(OCc2ccccc2)c(Cl)c1,0.770707303176315,1.7149035937999262
4331,CC(=O)Nc1ccc(Cn2cnc3c(N(C)C)ncnc32)cc1,0.7962705671022423,2.2368588262282714
4332,O=C(OC[C@H]1C[C@@H]2O[C@H]1[C@H]1C(=O)OC(=O)[C@H]12)c1ccc(Oc2ccccc2)cc1,0.5690856230949224,4.4127230055104185
4333,CCCC(=O)Nc1ccc(S(=O)(=O)c2cccc(OC)c2)cc1,0.8804320024276638,1.7832856864353719
4334,O=C(O)c1cccc(OCCCOc2cc3c(cc2O)CCO3)c1,0.7594308155983982,2.182722436097041
4335,CC(C)(C)NCC(O)COC(=O)C1CCCC1,0.7179065246143511,2.679388047408743
4336,CC(C)(C)NCC(O)COC(=O)c1ccc(F)cc1,0.7992890828858507,2.4193474895569977
4337,CN(CCCl)CCCl,0.555740070043485,2.7521786599852494
4338,CC1=C(/C=C/C(C)=C/C=C/C(C)=C/c2nn[nH]n2)C(C)(C)CCC1,0.7584262151610739,3.5019531254595933
4339,CCCCc1nc2cnnc(O)c2n1Cc1ccc(-c2ccccc2C(=O)O)cc1,0.47822075715534773,2.4860473779975827
4340,CCCCCCCCCC(=O)c1c(O)cc(CCCCCCCCC)oc1=O,0.22967580753069863,2.4381257530365694
4341,CCOC(=O)Nc1ccc(Nc2cccc(OC)c2)cc1,0.8716014915200455,1.6560251588937067
4342,Cc1cc(-c2c(F)cc3c(=O)c(Cc4cccc(O)c4)cn(C4CC4)c3c2F)cc(C)n1,0.45740915658487225,2.7739760898462382
4343,O=C(O)Cc1ccc(OCCCOc2cc3c(cc2O)CCO3)cc1,0.71644264449502,2.196630082330488
4344,COC(=O)C(C)(C)CCCOc1ccccc1OCCCC(C)(C)C(=O)OC,0.3864080625912221,2.4212666539744028
4345,CC(=O)Nc1ccc(S(=O)(=O)NNc2ccc(C(F)(F)F)cc2)cc1,0.7034939752939587,2.0721222769006236
4346,Cc1oc(-c2ccccc2)nc1COc1cccc(C#CC(C)n2oc(=O)[nH]c2=O)c1,0.5000185291356255,3.4114123060688595
4347,CCc1nc(O)c2c(n1)Nc1ccccc1C2,0.6698391149639633,2.738037068496757
4348,Oc1cc2c(cc1CCCOc1ccc(Cl)cc1)OCC2,0.848845382575514,2.1113172648205687
4349,COc1ccc(Nc2cc3c(cc2Nc2ccc(OC)cc2)C(=O)NC3=O)cc1,0.5508653265050328,2.2204754868595025
4350,CCCCCNC(=O)NS(=O)(=O)c1cc([N+](=O)[O-])ccc1NC1CCCCC1,0.323085722966756,2.3603602073845558
4351,CC[C@H](C)c1ccccc1OCCCCN(CC)CC,0.57469850857969,2.400723811365742
4352,COc1ccc(CCNCC(O)C(=O)Oc2cccc3ccccc23)cc1OC,0.32958000745559596,2.638182079558284
4353,COc1ccc2c(C)c([N+](=O)[O-])oc2c1,0.5604472620195382,2.3440359330628286
4354,CC[C@@H]1C[C@H](C)c2cc3c(C(F)(F)F)cc(O)nc3cc2N1,0.8051543718089093,3.836173556029367
4355,COc1ccc(OC)c(CC2CCc3nc(N)nc(N)c3C2)c1,0.8958231283809569,2.929608524366566
4356,Nc1ccc(S(=O)(=O)Nc2nccs2)cc1,0.8143349412643328,2.031708475348333
4357,CCOC(=O)c1cccnc1N1CCN(C(=O)c2cc3ccccc3[nH]2)CC1,0.7064670354421587,2.1771442967994155
4358,COc1cc(C(=O)Oc2ccc3[nH]c(C(=O)c4cc5ccccc5[nH]4)cc3c2)cc(OC)c1OC,0.1943371041411258,2.4961894474047117
4359,CCCc1cc2c(cc1O)CCO2,0.7524228110870096,2.276920415289492
4360,CCCOc1ccccc1C(=O)OCC(O)CNC(C)C,0.6819833696980471,2.4750334287520595
4361,CCCc1cc(=O)oc2c(C(=O)CC)c(OCC)c3c(c12)OC(C)(C)C=C3,0.533207521742261,3.0980916583037175
4363,Cc1cc(-c2c(F)cc3c(=O)c(Cc4ccc(N(C)C)cc4)cn(C4CC4)c3c2F)cc(C)n1,0.37016754074572855,2.7764622708190885
4364,Cc1cc(-c2c(F)cc3c(=O)c(Cc4cccc(O)c4O)cn(C4CC4)c3c2F)cc(C)n1,0.41588763202168294,2.9003737588385246
4366,O=C(N[C@@H](Cc1cccc2ccccc12)C(=O)O)c1ccccc1Br,0.6822645385234307,2.264675650541289
4367,Cc1cccc(CC2CCc3nc(N)nc(N)c3C2)c1,0.8756940511426206,2.877834250926181
4368,CC(=O)Nc1ccc(S(=O)(=O)NNc2ccc(Cl)cc2)cc1,0.7306288991588987,1.89741818694716
4369,COc1ccc2oc([N+](=O)[O-])cc2c1,0.5419391915412044,2.2771918282956882
4370,CC(C)Nc1ccc(F)cc1N1CCN(C(=O)c2cc3ccccc3[nH]2)CC1,0.7168114142147228,2.2688183138934317
4371,O=[N+]([O-])c1cc2ccccc2o1,0.4784788487547699,2.2221221043942627
4372,CS(=O)(=O)N[C@@H](C(=O)N1CCC[C@H]1C(=O)NCc1ccc(C(=N)NN)s1)C(c1ccccc1)c1ccccc1,0.1087952662532656,3.6265453035193023
4374,O=C(c1cnn2ccccc12)N1CCN(c2ccc(Cl)cc2)CC1,0.7198844512409419,2.079753463330679
4375,c1cc2cc(-c3ccc(-c4nc5ccc(C6=NCCN6)cc5[nH]4)cc3)[nH]c2cc1C1=NCCN1,0.3358709387875453,2.959590594685462
4376,CCCC(CCC)C(=O)[O-].[Na+],0.44129642673121344,3.2607439260408206
4377,CC(C)NCC(O)c1ccc(O)c(O)c1,0.5632719285067509,2.5987423435694286
4378,O=C(CN1C(=O)C(=O)N(CCc2cccs2)C1=O)NC(=O)Nc1ccccc1F,0.5457518837856122,2.366846118102421
4379,COc1ccc(CCN(C(=O)OC2CCCN(C)C2)c2ccccc2)cc1OC,0.7060391625075481,2.708682357593503
4380,COC(=O)CCCCCC[C@@H]1[C@@H](/C=N/NC(=O)c2ccncc2)[C@H](OC(=O)c2ccccc2)C[C@@H]1O,0.19953378695667875,3.7568178921660493
4381,O=C1N2CC=C(c3cccnc3)C(C2)N1OS(=O)(=O)[O-].[Na+],0.3337429801373666,4.999246609210506
4382,CCOC(=O)C1=C(O)C(=O)N(CCc2ccccc2)C1,0.825836110288132,2.2307306305562733
4383,CC(C)(C)NCC(O)COC(=O)c1cccc2ccccc12,0.8337997980824632,2.4695555579926225
4384,CN(C)CCCn1cc(C2=C(c3c[nH]c4ccccc34)C(=O)NC2=O)c2ccccc21,0.47520914862486224,2.5378651556335132
4385,COc1ccc(CCNCC(O)COC(=O)c2ccccc2)cc1OC,0.4994555226642641,2.36101967057013
4386,COc1cc(NCC2CCc3nc(N)nc(N)c3C2)cc(OC)c1OC,0.715506949728466,3.030600421289236
4387,CCOC(=O)c1ccc(N/C(S)=N/c2ccc3c(c2)C(C)(C)CC(C)(C)O3)cc1,0.2912910382125285,2.8419085753673787
4388,O=C(/C=C/C=C/c1ccccc1)c1ccc(O)cc1,0.5082069701370355,2.0023538386294124
4389,CCCCCCCCCCCC(=O)c1c(O)cc(CCCCCCCCCCC)oc1=O,0.15106594611954038,2.501679071220959
4390,C=CCC1Oc2c(Br)cc(O)c(Cl)c2-c2ccc3c(c21)C(C)=CC(C)(C)N3,0.48369573465959265,3.868104708433057
4391,Cc1ccccc1-c1noc2c(Cl)c3c(cc12)CC(C(=O)O)O3,0.7728544347860992,3.1434165717038436
4392,CCOC(=O)/C=C\Oc1ccc(F)cc1,0.43420926743554256,2.1487594924302904
4393,COC(=O)Cn1cc(-c2cccc(Cl)c2)c(=O)c2c(O)cc(OC)cc21,0.710392018231355,2.389741027925199
4394,O=S(=O)(c1ccc(F)cc1)n1c(-c2cn(-c3ccccc3)nc2-c2ccc(C(F)(F)F)cc2)nc2ccccc21,0.2133432365979413,2.599040349846172
4395,COc1ccc(OC)c(-c2cn(-c3ccc(OC)c(OC)c3)nn2)c1,0.6865674020486973,2.095621333684768
4396,CC(=O)Nc1ccc(S(=O)(=O)NNc2ccc(Br)c(F)c2)cc1,0.6717144215766581,2.1448408718749317
4397,C=CCc1cc(/C=C2\SC(=O)NC2=O)c(OC)cc1O,0.6580593715348663,2.727447823363466
4398,CC(C)(C)C(=O)c1cccnc1N1CCN(C(=O)c2cc3ccccc3[nH]2)CC1,0.6916821218015096,2.3786178295887677
4399,Cc1cc(-c2c(F)cc3c(=O)c(Cc4ccc(O)cc4)cn(C4CC4)c3c2F)cc(C)n1,0.45740915658487225,2.730069780425323
4400,NCCc1c[nH]c2ccc(O)cc12,0.6468452624532928,2.1299790431481203
4401,Nc1nc(N)c2c(n1)CCC(c1ccccc1)C2,0.797823324544803,2.7317377276805033
4402,O=C1c2ccc(OCc3ccccn3)cc2CCC1CCN1CCC(c2ccccc2)CC1,0.4743345813029394,2.8526981194571945
4403,N#Cc1ccc(C[C@H](NC(=O)c2ccccc2Br)C(=O)O)cc1,0.8434641006534238,2.3206964496624227
4404,CN(C)c1ncnc2c1ncn2Cc1cccc(OC(=O)C(C)(C)C)c1,0.5303618843761065,2.507985258694431
4405,CN(Cc1cnc2nc(N)nc(N)c2n1)c1ccc(C(=O)NC(CN)C(=O)O)cc1.O=C(O)C(F)(F)F.O=C(O)C(F)(F)F,0.17464538609459845,3.5600532276811663
4406,CCC(CC)Nc1cccnc1N1CCN(C(=O)c2cc3ccccc3[nH]2)CC1,0.6632567874585474,2.3792720643783696
4407,COc1ccc(S(=O)(=O)Nc2ccc3c(c2)CS(=O)(=O)C3)cc1,0.9069719851996256,2.3060883306661424
4409,COCCN1CCN(C(CN2CCC(N3CCCCC3)CC2)c2cccc(Cl)c2)CC1,0.6039432777684094,2.828403731411022
4410,Cc1cccc(-c2cn(Cc3ccc(-c4cncnc4)cc3)nn2)c1,0.5725383104757706,2.1905117351371413
4411,CC(C)[C@H](NC(=O)c1ccccc1Br)C(=O)O,0.8962746230213647,2.1819604219906843
4412,CC1=C(/C=C/C(C)=C/C=C/C(C)=C/C(=O)O)C(C)(C)CCC1,0.5295731957656133,3.111289719637865
4413,CCCC/C(=C\Cn1oc(=O)n(CC(=O)O)c1=O)c1cccc(OCc2cc(Cl)cc(Cl)c2)c1,0.3982475308520926,3.048151780682126
4414,O=c1c2ccccc2ncn1CCO,0.7448227018494601,1.834899431845983
4415,Cc1c(NC(=O)Cc2ccc(Br)cc2)ccc2nc(N)nc(N)c12,0.6415213355051673,2.2001398074343346
4416,Oc1ccc2c(c1)CCO2,0.5825799490438037,1.9675494727763088
4417,NC(=O)C1Cc2cc3c(-c4ccccc4F)noc3c(Cl)c2O1,0.7818842450713094,3.2208740864967433
4418,CC(C)(CCCOc1ccc(OCCCC(C)(C)C(=O)O)c(-c2ccccc2Cl)c1)C(=O)O,0.31836716743686716,2.4894764300135037
4419,O=C(O)C1Cc2cc3c(-c4cccc(F)c4)noc3c(Cl)c2O1,0.7742111837169982,3.177318346851772
4421,CC12CCC(C)(O1)C(C(=O)O)C2C(=O)O,0.7074840293274747,4.610560069212375
4422,Cn1cc(C2=NC[C@]3(CN4CC[C@@H]3C4)O2)c2ccccc21,0.8003023749487896,5.027956456350473
4423,CC1=CC(=O)CC(C)(C)[C@H]1CC[C@@H](C)O[C@@H]1O[C@H](CO)[C@@H](O)[C@H](O)[C@H]1O,0.537391377813607,4.533655090181603
4424,CN1CCN(C2=Cc3ccccc3Cc3ccc(Cl)cc32)CC1,0.7823191711505142,2.3419742161426065
4425,Oc1cc2c(cc1Sc1ccccc1)OCC2,0.8766550694869943,2.2577087356867107
4426,Cc1cccc(C(=O)OCC(O)CNC(C)(C)C)c1,0.7983723367491345,2.4679692090140115
4427,COc1ccccc1C(C)CC(=O)NCc1ccc2[nH]c(=O)[nH]c2c1,0.645130076134947,2.657218012404776
4428,OCc1scnc1Cl,0.652963058341498,3.146395742902331
4429,CCCCC[C@@H](C(=O)NCNC(=O)c1ccc(-c2ccc(C(=O)N[C@@H](CC(=O)O)C(=O)O)c(OCC)c2)o1)[C@@H](CC)N(C=O)OC(=O)c1ccc(-n2ccnc2)cc1,0.0305825135640893,4.5270113153970915
4430,O=C(/C=C/c1ccc(OCc2nc(C3CCN(Cc4cccc(F)c4)CC3)no2)cc1)NO,0.3054213584582501,2.4929021030904277
4431,CN(C(=O)[C@H](CC#Cc1cnc(N)nc1)NS(=O)(=O)c1ccc2ccccc2c1)C1CCCC1,0.5272092769545987,3.230120325118743
4432,CC(C)NCC(O)COC(=O)c1ccccc1Cl,0.7756221421159105,2.4001696743053085
4433,CCOC(=O)Nc1ccc(N(C)c2cccc(OC)c2)cc1,0.9053880414092715,1.903536012273607
4434,COC(=O)C(C)(C)CCCOc1cccc(OC)c1OCCCC(C)(C)C(=O)OC,0.34261016211847467,2.5531406994048584
4435,Cc1c2c(cc3c(-c4ccccc4F)noc13)CC(C(=O)O)O2,0.7853739680818523,3.103335151585501
4436,CCCCc1nc2ccccc2n1Cc1ccc(-c2ccccc2-c2nn[nH]n2)cc1,0.39790327088028343,2.2267859778498877
4437,NCC[C@H](NC(=O)[C@H](Cc1ccc(F)c(F)c1)NC(=O)Nc1ccc2c(CN3CCCC3)nn(Cc3c(Cl)cccc3Cl)c2c1)C(=O)NCc1ccccc1,0.08609609975100081,3.779577542784331
4438,O=C(Nc1ccc(Cl)cc1)NS(=O)(=O)c1ccc2c(c1)CCC2,0.8909975379440448,1.944225690133596
4439,Sc1nc(S)c2cc(Sc3ccc4ccccc4c3)ccc2n1,0.2826512941387603,2.759658946337783
4440,O=C(CCc1ccccc1)Oc1ccc2[nH]c(C(=O)c3cc4ccccc4[nH]3)cc2c1,0.22381909836841674,2.3274144390208242
4441,CC(C)NCC(O)COc1ccc(CCOCC2CC2)cc1,0.6164391834948149,2.5806209690490434
4442,CCC(C)C1(CC)C(=O)NC(=O)NC1=O,0.6791427219817272,3.3836385565871803
4443,CS(=O)(=O)NCC1(C(=O)Nc2ccc(-c3ccccc3S(N)(=O)=O)cn2)CC(c2ccc3onc(N)c3c2)=NO1,0.23093819560308831,3.6885039037036442
4444,CC(C)(CCCOc1ccc(OCCCC(C)(C)C(=O)OCc2cccnc2)c(-c2ccccc2)c1)C(=O)OCc1cccnc1,0.08612695606065925,2.8719402040441366
4445,Cn1cc(NC(=O)c2cc(NC(=O)OC(C)(C)C)cn2C)cc1C(=O)NCCn1nc2c3c(cccc31)C(=O)c1ccccc1-2,0.23447950701895526,3.0429214891463676
4446,Oc1ccc2ccc3c4ccccc4cc4ccc1c2c43,0.29257925528338974,2.0193168214247255
4447,O=C1CCS[C@@H]2[C@@H](O)[C@@H](O)[C@H](O)[C@@H](CO)N12,0.41813483692009995,4.402160403428725
4448,ON=C(c1ccccc1O)c1ccccc1O,0.4200931509809195,2.2122723510713254
4449,N=C1NC(=O)[C@]2(O[C@H](CO)[C@@H](O)[C@H](O)[C@H]2O)S1,0.29518507049516274,5.332172922521883
4450,CC1(C)CC(C)(C)c2cccc(/N=C(\S)Nc3ccc([N+](=O)[O-])cc3)c2O1,0.24167014254557867,3.0562875002995593
4451,O=C(c1cc2ccccc2[nH]1)c1cc2cc(OCCCCCI)ccc2[nH]1,0.14604203729641224,2.5015378410980027
4452,CC1(C)N=C(N)N=C(N)N1c1cccc(OCc2ccccc2)c1,0.904194279834981,2.371798867338436
4453,Nc1nc(N)c2cc(CNC(=O)c3cccc(C(F)(F)F)c3)ccc2n1,0.664927798868041,2.1528371817713534
4454,CNc1ncnc2c1ncn2Cc1ccccc1F,0.7799138931689797,2.2154536987692737
4455,COc1cc2ccccc2c2cc([N+](=O)[O-])oc12,0.5099675074346546,2.346494159023589
4456,COc1ccc2c(ccc3oc([N+](=O)[O-])cc32)c1,0.5099675074346546,2.2491394078923665
4457,CSc1nc(O)c2c(C(N)=O)[nH]nc2n1,0.4840637440454116,3.1220546947889076
4458,O=C(N[C@@H](Cc1c[nH]c2cc(F)ccc12)C(=O)O)c1ccccc1Br,0.6079695781889389,2.512676285117978
4459,CCCc1cc(=O)oc2c3c(c4c(c12)OC(C)(C)C=C4)O[C@H](C)[C@H](C)C3=O,0.7288122463769473,3.9641381357326058
4460,CCCc1[nH]c2ccc(OC)cc2c1CCN(C)C,0.8633973067525313,2.2818167229149378
4461,Nc1nc(N)c2cc(NC(=O)Cc3ccc4ccccc4c3)ccc2n1,0.5296393472565768,2.0457107202328917
4462,CCN1c2ccccc2Cc2c(O)ncnc21,0.8113352855605364,2.635329690160809
4463,CCCCCCCCCCOc1ccc2c(c1NC(=O)c1ccc(OCCCCCCOc3ccc(Cl)cc3)cc1)OCCC2=O,0.11564130245114526,2.7202139593932646
4464,Oc1cc2c(cc1CCCSCc1cccnc1)OCC2,0.8280504141350428,2.4810034219210024
4465,COc1ccc(OC)c(Cc2cnc3nc(N)nc(N)c3c2C)c1,0.7556422641252262,2.5208745950347957
4466,COc1ccc(-c2nnc3n(C)c4ccccc4n3c2=O)cc1,0.5697323113763031,2.225669842903903
4467,CC(C)(C)NCC(O)COC(=O)c1cccc(O)c1,0.7007774341580664,2.5868045031316598
4468,CCCc1cc(=O)oc2c(C(O)CC)c(OCC)c3c(c12)OC(C)(C)C=C3,0.7397228444424835,3.606955020283368
4469,CC(C)NCC(O)COC(=O)c1ccc(C#N)cc1,0.7494151002858285,2.5233363339705033
4470,CC(C)(C)C(=O)/N=C1/NC(=O)[C@]2(O[C@H](CO)[C@@H](O)[C@H](O)[C@H]2O)S1,0.3634323041463937,5.2900484213474686
4471,Clc1ccc(N2CCN(Cc3cnn4c3CCCC4)CC2)cc1,0.8634737285361628,2.3539133023855996
4472,O=C1NC(c2ccccc2)Nc2ncccc21,0.7793773132180183,2.7390314989137607
4473,COCC1CCN(C(=O)CCn2nc(C)c(C)c2C)C1,0.8238623956143436,2.792410194982125
4474,CN1CC/C=C/[C@H](OCCN2CCOCC2)[C@@H]2CC[C@H]2CN2C[C@@]3(CCCc4cc(Cl)ccc43)COc3ccc(cc32)[C@@](O)(C(=O)NS(=O)(=O)N(C)C)CC1=O,0.39984981748077264,6.691687627052769
4475,CCOC(=O)c1c(-c2ccc(F)cc2)csc1NC(=O)CSc1nc2c(c(CC)c1C#N)C(=O)CC(C)(C)C2,0.24704150502154887,2.947190955492543
4476,COc1ncnc2c1ncn2Cc1ccccc1,0.7010944213800107,2.042151855600043
4478,COc1ccc2c(ccc3oc([N+](=O)[O-])cc32)c1Br,0.5220193813215722,2.4951833412023117
4479,Oc1cccc(C2=CCCN3CCCCC23)c1,0.799786971005044,2.9104413450676088
4480,CN(C)CCCn1cc(C2=C(c3cn(CCOCCOCCO)c4ccccc34)C(=O)NC2=O)c2ccccc21,0.1870501870270578,2.897640261833498
4481,COc1cc(C)cc2oc(=O)cc(CP(=O)(O)O)c12,0.6584425837130994,2.6244652331172773
4482,Oc1cccc(C2CCCN3CCCCC23)c1,0.8023903036760495,2.829326780683166
4483,CN(Cc1cnc2nc(N)nc(N)c2n1)c1ccc(C(=O)NC(CNC(=O)NC(CCC(=O)O)C(=O)O)C(=O)O)cc1,0.11972155911068247,3.635472700125537
4484,O=C(N[C@@H](Cc1ccc(O)cc1)C(=O)O)c1ccccc1Br,0.7612860189000721,2.2286120523179687
4485,CC(C)(CNC(N)=O)NCC(O)COC(=O)c1ccccc1F,0.5155529825711961,2.8601989232976592
4486,C=C1[C@@H](CC(=O)[O-])[C@H]1CCCCCCCC.[Na+],0.3177994885121141,4.024240626837012
4487,O=C(O)[C@@H]1CCCN1C(=O)c1ccccc1Br,0.9097557426220073,2.274959505460407
4488,O=C(Oc1ccc2[nH]c(C(=O)c3cc4ccccc4[nH]3)cc2c1)c1cccnc1,0.2726444112068292,2.398410260887742
4489,C=C1C(=O)O[C@@H]2C[C@H](C)C(CCC(C)=O)=C[C@H](OC(C)=O)[C@H]12,0.4528445253838645,4.3012335848332395
4490,Cc1[nH]c2ccccc2c1CCN(C)C,0.8101910804652809,1.9915397122105105
4491,Nc1ccc(S(=O)(=O)Nc2ncccn2)cc1,0.7871395577774678,1.953467543379018
4492,CN(C)c1ncnc2c1ncn2Cc1ccc(Cl)cc1,0.7427670479032729,2.2089676172537853
4493,CCCC(=O)Nc1ccc(Cc2cccc(OC)c2)cc1,0.8690564724884156,1.6000543896629384
4494,CCn1ncc2c(NCc3ccc(OC)c(Cl)c3)c(C(=O)NCc3ccncc3)cnc21,0.42031013729012723,2.465381474837409
4495,CCOC(=O)/C=C\Oc1ccccc1C,0.43098012259815593,2.1976430089138077
4496,O=C(Cc1ccc2c(c1)OCO2)N1CCOC(Cn2ccnc2)C1,0.8397690796971506,2.9278175650502227
4497,N.N.O=C(CBr)c1cn(C2CC(O)C(OP(=O)(O)O)O2)c(=O)[nH]c1=O,0.1838355724421252,4.258400235158218
4498,Cc1ccc(S(=O)(=O)/N=C2/NC(=O)[C@]3(O[C@H](CO)[C@@H](O)[C@H](O)[C@H]3O)S2)cc1,0.37572683083476677,4.884747623910286
4499,COC(=O)c1c(O)cc(O)c(Cl)c1CCC(=O)Nc1ncccc1Cl,0.6826567380462635,2.506865037081619
4500,CC(=C\c1ccccc1)/C=C1/SC(=S)N(CC(=O)O)C1=O,0.6829097001636526,2.3737048936417207
4501,COC(=O)[C@H](Cc1c[nH]c2ccccc12)NC(=O)c1ccccc1Br,0.6438367425685148,2.427053982068916
4502,COc1ccc(CCNCC(O)COC(=O)c2ccccc2F)cc1OC,0.4883061009310424,2.4803545388302553
4503,CCN(CC)C(=S)SC(CC(C)=O)c1ccccc1,0.7370065992705541,2.958174795508965
4504,O=C(c1cc2ccccc2s1)c1cc2ccccc2s1,0.4555781933162857,2.1434850261606684
4505,COC(=O)C1=C(O)C(=O)N(Cc2ccccc2)C1,0.8095043129112325,2.2048791182996084
4506,CNC(=O)NCC(NC(=O)c1ccc(N(C)Cc2cnc3nc(N)nc(N)c3n2)cc1)C(=O)O,0.24367382383039074,3.229853394111606
4507,CCC(NC(=O)CCC(N)C(=O)O)C(=O)O,0.45243493146530533,2.7610113008325925
4508,Cc1noc(NS(=O)(=O)c2ccc(N)cc2)c1C,0.8241959038664723,2.187682929916562
4509,O=C1NC(c2cccnc2)Nc2ccccc21,0.7793773132180183,2.6717170373753003
4510,C/C=C/C(=O)Nc1ccc(Oc2cccc(OC)c2)cc1,0.8435628227664729,1.8374836204321703
4511,COc1ccc2c(c1)CCC(CCN1CCC(c3ccccc3)CC1)C2=O,0.7703942478207849,2.658864670537323
4512,CC(C)(C)Nc1nc2ccc(Cl)cc2c2nc(-c3ccco3)nn12,0.584868607965732,2.654282803990018
4513,O=C(O)CC(=O)O,0.46487709375992103,2.0520914598272473
4514,Clc1ncnc2c1ncn2Cc1ccccc1,0.6509216358574,2.0259711972251715
4515,NC1=NC(c2ccc(F)cc2)Cc2cccc(F)c21,0.8386796502124476,2.8763186811105435
4516,NC1=NC(c2ccc(F)cc2)Cc2cc(F)ccc21,0.8386796502124476,2.8113571426490047
4517,COCC(=O)Oc1ccc2[nH]c(C(=O)c3cc4ccccc4[nH]3)cc2c1,0.3287072899033749,2.430502720232891
4518,C=CCc1cc2c(c(C)c1O)CCO2,0.72530913753055,2.7261728933844456
4519,COc1ccc2cc(C(=O)c3cc4ccccc4[nH]3)[nH]c2c1,0.5623374536985658,2.1858514821867576
4520,CCOC(=O)C1=C(O)C(=O)N(Cc2ccc(Br)cc2)C1,0.8534037101463099,2.3303904807061233
4521,Cc1cc(SCCCC(C)(C)C(=O)O)c(C)cc1OCCCC(C)(C)C(=O)O,0.34677016241787145,2.684681557136674
4522,O=C(O)C1Cc2cc3c(-c4ccc(F)cc4)noc3c(Cl)c2O1,0.7742111837169982,3.1129039089819486
4523,CCCN(CCC)S(=O)(=O)c1ccc(C(=O)Nc2ccccn2)cc1,0.7832254752193243,1.9970850823304875
4524,CN(Cc1cnc2nc(N)nc(N)c2n1)c1ccc(C(=O)NC(CCCNC(=O)c2ccc(Cl)cc2)C(=O)O)cc1,0.16352046726350067,3.1599591242657468
4525,COC(=O)C(C)(C)CCCOc1ccc(C=O)c(OCCCC(C)(C)C(=O)OC)c1,0.26714161975503675,2.676262066926224
4526,CS(=O)(=O)NCC1(C(=O)Nc2ccc(-c3ccccc3S(N)(=O)=O)cn2)CC(c2ccc(Cl)c(N)c2)=NO1,0.289433221838378,3.531242993850137
4527,COc1ccc(C[C@H](NC(=O)Nc2ccc3c(CNC4CCCC4)cn(Cc4ccc(F)cc4)c3c2)C(=O)N[C@@H](CCCN=C(N)N)C(=O)NCc2ccccc2)cc1,0.03279870488166957,3.8090372920731213
4528,CC1COCCN1C(=O)NCCC1=CCOCC1,0.7687519519201146,3.310938319396482
4529,C[C@H]1C/C=C/[C@H]2[C@@H]3O[C@]3(C)[C@@H](C)[C@H]3[C@H](Cc4ccc(O)cc4)NC(=O)[C@]32OC(=O)O/C=C/[C@@](C)(O)C1=O,0.3134988392039584,6.174369149806831
4530,CCCN(CCC)S(=O)(=O)c1ccc(C(=O)Nc2nncs2)cc1,0.7730427913144086,2.2500045605916252
4531,O=C(O)C[C@H](NC(=O)c1ccccc1Br)C(=O)O,0.7547070910341963,2.2262117661420433
4532,CNCCCO/N=C1\CC[C@@]2(C)[C@H](C1)[C@@H](COC)C[C@@H]1[C@@H]2CC[C@]2(C)C(=O)CC[C@@H]12.O=C(O)/C=C/C(=O)O,0.22798478943299938,4.755841663161383
4533,N#Cc1ccc(N2CCC(NCCC(=O)c3csc4ccccc34)CC2)cc1,0.6259366907452076,2.3803750868765476
4534,Oc1ccc2c(c1CCCSc1ccccc1)CCO2,0.6639037013172665,2.3069752478034324
4535,CC1=CC(C)(C)N(C)c2ncc(/C=C/C(C)=C\C=N\N=C(/N)S)cc21,0.2829162065711137,3.740608249751303
4536,CN(CC(=O)O)C(=N)NP(=O)([O-])[O-].[Na+].[Na+],0.19670836602543498,4.475056648215681
4537,O=C1[C@@H](NS(=O)(=O)c2cc3c(Cl)nccc3s2)CCN1Cc1cc2[nH]cccc-2n1,0.4441358230876645,3.5933899838006624
4538,Oc1cc2c(cc1SCc1ccccc1)OCC2,0.8526241533630238,2.178434584192205
4539,Oc1cc2c(cc1SCCc1ccccc1)OCC2,0.861277419054769,2.2547516907772653
4540,O=C(O)Cc1nn(Cc2ccc(Br)cc2F)c(=O)c2ccccc12,0.7425368032229296,2.183365295379227
4541,CC1(C)N=C(N)N=C(N)N1c1ccc(I)cc1,0.7582730630235804,2.8075709296666442
4542,Cc1ccc2c(c1)-c1nc(-c3cccnc3)[nH]c1CCC2,0.7306294133508584,2.3359068958664135
4543,C/C(=C\Cn1oc(=O)[nH]c1=O)c1ccccc1OCc1nc(-c2ccc(C(F)(F)F)cc2)oc1C,0.401983042436221,2.967242948189643
4544,C[C@@H]1CC[C@H](O)[C@]2(O)CC[C@H](c3cc3=O)C[C@@]12C,0.7975924205936213,4.255729657292344
4545,CN(C)c1ncnc2c1ncn2Cc1cccc(N)c1,0.7290979450378792,2.3779878601687674
4546,Nc1nc(N)c2cc(CNC(=O)c3ccc(Cl)c(Cl)c3)ccc2n1,0.6639481976882139,2.068157029018721
4547,C/C(=C\Cn1oc(=O)[nH]c1=O)c1cccc(OCc2ccc3c(Cl)cccc3c2)c1,0.49155218657228245,2.726637181217619
4548,C/C(=C\Cn1oc(=O)[nH]c1=O)c1cccc(OCc2nc(-c3ccc(OCC(F)(F)F)cc3)oc2C)c1,0.34200392619089065,3.0158405836729525
4549,CNC(=O)NCC(C)(C)NCC(O)COC(=O)c1ccccc1F,0.5201896892119064,2.868819898578016
4550,CCCCNC(=O)N[C@@H](Cc1ccccc1)C(=O)N[C@H](CC(C)C)C(=O)N[C@@H](Cc1ccccc1)C(=O)N[C@H](CC(C)C)C(=O)N[C@@H](Cc1ccccc1)C(=O)O,0.0697009056381451,3.85647702115347
4552,COC(=O)c1ccc(C(=O)Oc2ccc3c(c2)OC(C)(C)C=C3C)cc1,0.6098052334597425,2.3087987202328897
4553,CCCN(CCC)S(=O)(=O)c1ccc(C(=O)Nc2ccccc2N)cc1,0.6922782228579031,1.969358335617505
4554,CCCCC(=O)Nc1ccc(Oc2cccc(OC)c2)cc1,0.8113954767569189,1.6024134670768664
4555,N=C(N)c1cccc(C2=NOC(Cn3cnnn3)(C(=O)Nc3ccc(-c4ccccc4S(N)(=O)=O)cn3)C2)c1,0.1816739333803762,3.6126036244714985
4556,CC[C@@H]1C[C@H](CC)c2cc3c(C(F)(F)F)cc(O)nc3cc2N1,0.8125791534159599,3.8630966751131464
4557,N#Cc1ccccc1N1CCN(C(=O)c2cc3ccccc3[nH]2)CC1,0.7854909289630393,2.0969663046697935
4558,Oc1ccc(C2CNCCO2)cc1O,0.5788215997838012,2.8976263489191894
4559,CC(C)=CCNc1ncnc2c1ncn2[C@@H]1O[C@H](CO)C[C@H]1O,0.701436665522367,3.8752720686587043
4560,CCCC(=O)Nc1ccc(Sc2cccc(OC)c2)cc1,0.8480721687614936,1.8203674665860152
4561,CCNC(=O)Nc1ccc(Oc2cccc(OC)c2)cc1,0.8820302748927298,1.6451282358167862
4562,Cc1c([N+](=O)[O-])oc2cc3ccccc3cc12,0.4689066319401506,2.3524761972251707
4564,CN1CCC(C2=Cc3cc(Cl)ccc3Cc3ccccc32)CC1,0.7031669410765629,2.4209262253274506
4565,CCCCc1nc2cnncc2n1Cc1ccc(-c2ccccc2C(=O)O)cc1,0.5026429588689633,2.3478412951475978
4566,CN(C)CC(=O)Oc1ccc2[nH]c(C(=O)c3cc4ccccc4[nH]3)cc2c1,0.3246043033658934,2.507782904894963
4567,CCOC(=O)N1CCC(CN2CCC3(CC2)CN(C(=O)OC)c2ncccc23)CC1,0.7543067675427826,3.238591951600304
4568,NC(=O)Nc1ccc2[nH]c(=O)c(Nc3cccc(NC(=O)N4CCCC4)c3)cc2c1,0.4541441553106491,2.3233953207525015
4569,CN(C)S(=O)(=O)c1cccc(S(=O)(=O)c2ccc(CN)s2)c1,0.8663400613999371,2.399754647929912
4570,Cc1ccc(-c2cs/c(=N\CCN3CCOCC3)n2/N=C/c2cccs2)cc1C,0.5590813755488178,2.80332881292394
4571,COc1ccc(NC(=O)CSc2nnc3c(=O)n(-c4ccc(Br)cc4)ccn23)cc1,0.42062411065181926,2.310619828802592
4572,CCCCCCCC(C)(O)/C=C/[C@@H](NC(=O)OCc1ccccc1)C(=O)OC,0.31798119808745645,3.279827506818883
4573,Cc1ccc2c(c1)/C(=N/NC(=O)COc1ccc3ccc(=O)oc3c1)C(=O)N2,0.5334228002316255,2.5892338908165105
4574,CCN1CCN(Cc2cccc(OC)c2OC)CC1,0.809997506171928,1.7964797127552874
4575,Oc1ccc(-c2cc(-c3ccc(C(F)(F)F)cc3)nc3c2Cc2cccc(O)c2-3)cc1,0.34731532100953,2.510183773532466
4576,CN(C(=O)[C@H](CC#Cc1ccc(NN)cc1)NS(=O)(=O)c1ccc2ccccc2c1)C1CCCC1,0.2666224126602351,3.1214803644779163
4577,O=C(CCc1ccccc1)OC[C@H]1C[C@@H]2O[C@H]1[C@H]1C(=O)OC(=O)[C@H]12,0.5974037231359677,4.525078346173191
4578,COc1ccc(CC2CCc3nc(N)nc(N)c3C2)cc1,0.8997787516046487,2.7819505375053755
4579,CCCc1cc(=O)oc2c3c(c4c(c12)OC(C)(C)C=C4)OC(C)(C)CC3O,0.7870765052636493,3.776274770803118
4580,CCCCc1nnc2c(NC3CCCC3)nc3ccccc3n12,0.7744191597812643,2.3338384155077705
4581,CC1(C)Oc2ccc(C#N)cc2C(Oc2ccc(=O)[nH]n2)C1O,0.8646734948217832,3.5892473275856744
4582,Cc1cc([N+](=O)[O-])ccc1C(=O)OCC(O)CNC(C)(C)C,0.47183356007928473,2.7284383644456387
4583,COC(C(=O)Nc1cnccc1CO)c1ccccc1,0.8717093360675245,2.5482010525456147
4584,CCCCN(Cc1ccc(C(=O)NO)cc1)C(=O)Nc1ccc(OCCCn2cc(CCCNc3ccc4c(c3)C(=O)N(C3CCC(=O)NC3=O)C4=O)nn2)cc1,0.04184832888890579,3.756537580098403
4585,Cc1ccccc1C(=O)N1CCC(C(=O)Oc2ccc(Cl)c3ccccc23)CC1,0.43918225242900427,2.0399066268038943
4586,Cc1ccc2c(ccc3oc([N+](=O)[O-])cc32)c1,0.4689066319401506,2.2917752356867105
4587,O=C(c1cc2ccccc2[nH]1)N1CCN(c2ncccc2NCC(F)(F)F)CC1,0.7000314342133869,2.420353892790919
4588,CCc1nnc2c(NC3CCCCC3)nc3ccccc3n12,0.8020736442029806,2.32401329801516
4589,OC1c2ccc(OCc3ccccc3)cc2CCC1CCN1CCC(c2ccccc2)CC1,0.47859376953731625,2.996848496987983
4590,COc1cccc(C2=NCC3(CN4CCC3CC4)O2)c1,0.8248128570241735,4.330900258628175
4591,CC1(C)CC[C@]2(C(N)=O)CC[C@]3(C)C(C(=O)C=C4[C@@]5(C)C=C(C#N)C(=O)C(C)(C)[C@@H]5CC[C@]43C)C2C1,0.5099082747404144,4.979834110682917
4592,CS(=O)(=O)c1nc(-c2cc(Cl)cc(Cl)c2)c(-c2cc(Cl)cc(Cl)c2)[nH]1,0.5681183735467051,2.5933607384390864
4594,CSCC[C@H](NC(=O)Nc1ccccc1)C(=O)N[C@@H](CC(C)C)C(=O)N[C@@H](Cc1ccccc1)C(=O)O,0.2552983634239259,3.135262384441983
4595,NC(CCC(=O)Nc1ccccc1O)C(=O)O,0.558542516182604,2.282656609281654
4596,O[C@H]1c2ccc(OCc3ccccc3-c3ccccc3)cc2CC[C@H]1CCN1CCC(c2ccccc2)CC1,0.25881683672764655,3.160361189702085
4597,CCOC(=O)COc1ccc2c(ccc3oc([N+](=O)[O-])cc32)c1,0.4066801390277457,2.355162494867324
4598,Cc1cn(Cc2cn(C[C@H](O)[C@@H](O)P(=O)(O)O)nn2)c(=O)[nH]c1=O,0.3426412573272137,3.8839480509095505
4599,Cc1ccccc1CC1CCc2nc(N)nc(N)c2C1,0.8756940511426206,2.90822534404359
4600,O=C1NC(c2cccnc2)Nc2nccnc21,0.7501738165627658,3.2469305758368385
4601,CCCC(O)c1cc(OCCCC(C)(C)C(=O)O)ccc1OCCCC(C)(C)C(=O)O,0.3280027481050238,3.0702006577469643
4602,CCCCN(C(C)=O)[S+]([O-])(=NC(=O)N(C(C)=O)c1ccc(Cl)cc1)c1ccc(C)cc1,0.5491536119086867,3.9816727085876895
4603,CC(=O)c1ccc2c(c1C)[C@@H](OC(=O)[C@@]13CC[C@@](C)(C(=O)O1)C3(C)C)[C@@H](OC(=O)[C@@]13CC[C@@](C)(C(=O)O1)C3(C)C)C(C)(C)O2,0.25177388602029865,5.965183901785109
4604,N#Cc1c(Cl)cccc1N1CCC(C#N)CC1,0.7644080947788765,2.4831838895328637
4605,Nc1ccc(C2NC(=O)c3cccnc3N2)cc1,0.6600872682807258,2.92152056791719
4606,CCCCCCCCCCCC[C@@H](O)[C@H]1CC[C@H](CO)O1,0.5012135219248096,3.2657282238093472
4607,CCCc1cc2c(c(Br)c1O)CCO2,0.8818479275440073,2.7251859111359256
4608,CCCCc1nc2cnnc(O)c2n1Cc1ccc(-c2ccccc2-c2nn[nH]n2)cc1,0.4065451967372532,2.7205997129360338
4609,COc1ccc(-c2ccc(N3C[C@H](CNC(C)=O)OC3=O)cc2F)ccc1=O,0.8525786670877609,2.8198561777121984
4610,Cc1cc(-c2c(F)cc3c(=O)c(Cc4ccc(N)cc4)cn(C4CC4)c3c2F)cc(C)n1,0.43624353641426766,2.7475361589905773
4611,CS(=O)(=O)N[C@H](CC1CCCCC1)C(=O)N1CCC[C@H]1C(=O)NCc1ccc(C(=N)N)cc1,0.3142324557650391,3.2114694716654775
4612,CCCc1cc(-c2ccc(OCCCC(C)(C)C(=O)O)cc2CCC)ccc1OCCCC(C)(C)C(=O)O,0.20431275381572028,2.7343140733956997
4613,CCOC(=O)c1cc(NC(=O)c2ccsc2)ccc1OCC(O)CNC(C)(C)C,0.5387697436497597,2.784152800132892
4614,O=C1c2ccccc2CCC1C1OCCc2ccccc21,0.7939022006806135,3.0055407919794934
4615,c1ccc(-c2nn3c(-c4ccco4)nnc3s2)cc1,0.5602219937567989,2.230870805872696
4616,c1cncc(-c2nn3c(-c4ccco4)nnc3s2)c1,0.5589361332714571,2.4565242471682414
4617,C[C@@H](NC(=O)c1ccccc1Br)C(=O)O,0.8787894335891563,2.1334700358771226
4618,C=CCc1c(O)ccc2c1CCO2,0.6987119477361095,2.6478663612354367
4619,O=C1c2ccc(OCc3ccccc3)cc2CCC1CCN1CCC(c2ccccc2)CC1,0.4338203159041217,2.7043083235388288
4620,Oc1c(-c2ccco2)nnc2nc3ccccc3n12,0.5618538186197598,2.6007918006673734
4621,CO[C@@H]1[C@@H](O)[C@@H](NC(=O)/C(C)=C\c2ccc(O[C@@H]3O[C@H](C(C)=O)[C@@H](O)[C@@H]3O)c(O)c2)[C@@H](O)[C@@H]2OCO[C@H]12,0.21885037959647216,4.940947974031467
4622,COc1ccc(C[C@H](NC(=O)Nc2ccc3c(CN4CCCC4)cn(Cc4c(Cl)cccc4Cl)c3c2)C(=O)N[C@@H](CCCNC(=N)N)C(=O)NCc2ccccc2)cc1,0.030341053637854023,3.84984892451308
4623,Nc1ncnc2c1ncn2Cc1cn(C[C@H](OCc2ccccc2)[C@H](O)P(=O)(OCc2ccccc2)OCc2ccccc2)nn1,0.15097062846695616,3.8623973958937388
4624,CN(C)c1ncnc2c1ncn2Cc1ccc(C#N)cc1,0.730423770383507,2.3641820819706307
4625,CCCCCC(=O)c1c(O)cc(C)oc1=O,0.6156796631310281,2.3283638599637158
4626,CCCCc1nc2ccccc2n1Cc1ccc(-c2ccccc2C(=O)O)cc1,0.4385043263360535,1.9445259105322137
4627,CCCc1cc(=O)oc2c3c(c4c(c12)OC(C)(C)C=C4)O[C@H](CC)[C@@H](C)C3=O,0.7051247302298957,4.0007856256231555
4628,O=C1CCCN1CC#CCN1CCCC1,0.6211785238132073,2.5834719299927276
4629,CC(C)(CCCOc1cc(Cl)c(OCCCC(C)(C)C(=O)O)cc1Cl)C(=O)O,0.4193931530717274,2.5480873783424958
4630,COc1cccc(N(C)c2ccc(NC(=O)C3CC3)cc2)c1,0.9118728688155827,1.84937298497832
4631,CCCc1cc(=O)oc2c3c(c4c(c12)OC(C)(C)C=C4)OC[C@H](C)C31OCOCO1,0.6852405684781986,4.657166509418538
4632,CCCCCCCCCCCCc1ccc(OCCCC(C)(C)C(=O)O)cc1OCCCC(C)(C)C(=O)O,0.1364058753933468,2.651052889963747
4633,C[C@]12CCC3C4CCC(=O)C=C4CCC3C1CC[C@@]2(O)C#CCCBr,0.5095550398449143,4.625174416174715
4634,CN(C)c1ncnc2c1ncn2CCc1ccccc1,0.7262945955832545,2.1878953709882563
4635,CN(Cc1cnc2nc(N)nc(N)c2n1)c1ccc(C(=O)NC(CCNC(N)=O)C(=O)O)cc1,0.2334481131954622,3.217332935846466
4636,Cc1cccc(-c2nn3c(-c4ccco4)nnc3s2)c1,0.565003558353441,2.3374367862649716
4637,COc1cc2[nH]c(=O)[nH]c2cc1NS(=O)(=O)c1cccc(Cl)c1Cl,0.6392577771107385,2.3731125242697395
4638,CCOC(=O)c1ccc(NC(=O)Nc2ccc3c(c2)C(C)=CC(C)(C)N3C)cc1,0.705868322063042,2.272867998444301
4639,Cc1nc2ccccc2c(=O)n1NC(=O)CCl,0.8106664737962981,2.2346227193200967
4640,Nc1nc(N)c2cc(CNC(=O)c3ccc4ccccc4c3)ccc2n1,0.5300921756319369,2.0252645663867384
4641,COc1cc(O)ccc1-c1coc2cc(O)cc(O)c2c1=O,0.6723108130019759,2.4518930923696054
4642,O=C(Cc1c[nH]c2ccccc12)OC[C@H]1C[C@@H]2O[C@H]1[C@H]1C(=O)OC(=O)[C@H]12,0.6572480918767244,4.706608034991315
4643,COc1cc(/C=N/Nc2nncc3ccccc23)cc(OC)c1OC.Cl,0.5250635844954212,2.3937894473140293
4644,O=C(c1cc2ccccc2[nH]1)c1cc2cc(OC(=O)c3ccccc3Cl)ccc2[nH]1,0.22309016011136026,2.334390743613522
4645,Cc1cc(-c2c(F)cc3c(=O)c(Cc4ccc[nH]4)cn(C4CC4)c3c2F)cc(C)n1,0.506576458710778,3.00878557119973
4646,CCCCc1nc2cnn(C)c(=O)c2n1Cc1ccc(-c2ccccc2C(=O)O)cc1,0.49367469673029063,2.366509472833167
4647,Fc1ccc2c(c1)-c1nc(-c3cccnc3)[nH]c1CCC2,0.7364484297648429,2.3614597494644283
4648,CC(=O)OC1C(Oc2ccc(=O)[nH]n2)c2cc(C#N)ccc2OC1(C)C,0.8357990033268424,3.6580627652293467
4649,CN(C)CCCOc1ccc2[nH]c(C(=O)c3cc4ccccc4[nH]3)cc2c1,0.38282702988853723,2.3670845417196773
4650,CN(Cc1cnc2nc(N)nc(N)c2n1)c1ccc(C(=O)NC(CCNC(=O)OC(C)(C)C)C(=O)O)cc1,0.2675335369632189,3.2675470259718633
4651,C=CCC1Oc2c(C)ccc(OC)c2-c2ccc3c(c21)C(C)=CC(C)(C)N3,0.6519298583341818,3.5470838019881494
4652,COc1ccc(S(=O)(=O)N2CN(Cc3ccccc3)C(=O)C[C@@H]2C(=O)NO)cc1,0.5320035557349289,2.828308163380754
4653,COC(=O)c1ccccc1OCCCOc1cc2c(cc1O)CCO2,0.6148028466659893,2.200335851561258
4654,Clc1ccc(N2CCN(Cc3cnc4ccccn34)CC2)cc1,0.7375770724766862,2.145999048991934
4655,O=C1Cc2c([nH]c3cc[n+]([O-])cc23)-c2ccccc2N1,0.4815352306724562,2.933608633587724
4656,CN(c1ccccc1)c1cc2c(cc1Nc1ccccc1)C(=O)NC2=O,0.7008371023982791,2.312103335617506
4657,CCCN(Cc1cccc([N+](=O)[O-])c1)C(=O)CCc1ccc(F)cc1,0.5347245286057308,1.9788061812315867
4658,COc1cc2[nH]c(=O)n(CC(N)=O)c2cc1NS(=O)(=O)c1cccc(Cl)c1Cl,0.5327950270837256,2.5254844677395862
4659,CN(CC(F)(F)F)C(=O)CN1CCCC(CCO)C1,0.8210387927948528,2.9153628741723825
4660,COc1ccc(-n2c(C)cc(/C=C(\C#N)C(=O)OCC(=O)Nc3ccc(Cl)c(C(F)(F)F)c3)c2C)cc1,0.23392381641748616,2.5563351015123104
4661,CC(C)CCCC(C)CCOc1ccc[n+](CC(O)(P(=O)([O-])O)P(=O)(O)O)c1,0.28302731177508905,4.373016805004499
4662,CC(=O)Nc1ccc(C(=O)OCC(O)CNC(C)C)cc1,0.6568687920881573,2.3864721974244034
4663,CCN(CC)C(=S)SC(CC(=O)c1ccccc1)c1ccccc1,0.4906255206549287,2.7010062369003265
4664,CCCCOc1cccc(N2C(N)=NC(N)=NC2(C)C)c1,0.8118159568648514,2.5574099334295184
4665,C/C(=C\Cn1oc(=O)[nH]c1=O)c1cccc(OCc2nc(-c3ccc(OC(F)(F)F)cc3)oc2C)c1,0.371739058694582,2.9852995313978052
4666,CCCCCCC(C(=O)O)n1cnc2cc(-c3ccccc3S(=O)(=O)O)ccc21,0.39123521185088495,2.9289833770559692
4667,COc1cc(/C=N/NC(=O)c2ccncc2)c(O)cc1O,0.5799316216675072,2.2633093309927954
4668,CC(C)(C)Nc1cccnc1N1CCN(C(=O)c2cc3ccccc3[nH]2)CC1,0.7298851934125267,2.382367160047279
4669,CC[C@H]1Nc2cc3nc(O)cc(C(F)(F)F)c3cc2C[C@@H]1C,0.8232354836563482,3.829105094490904
4670,CNCC(O)COC(=O)c1ccc2c(c1)OCO2,0.7274956413183317,2.612490442612632
4671,O=C(/C=C/c1ccc(Br)cc1)c1ccc(O)cc1,0.6858210703656722,1.7899167834579774
4672,CN(C)C(=O)C1(C)NC(=O)c2ccccc2N1,0.7482204374410252,3.1701047698167715
4673,CC(C)NCC(O)COC(=O)c1cccc([N+](=O)[O-])c1,0.4410749830303589,2.5425650201569496
4674,Cc1c(N2CC[C@@H]([C@H](C)N)C2)c(F)c(N)c2c(=O)c(C(=O)O)cn([C@@H]3C[C@@H]3F)c12,0.6708165955469055,4.091244368084384
4675,CCCN1CCC[C@H](c2cccc(O)c2)C1,0.8444734549140464,2.401627466000134
4677,COC(=O)C(C)(C)CCCOc1cccc(OCCCC(C)(C)C(=O)OC)c1,0.3864080625912222,2.448275763286146
4678,O=C1NC(=O)C2(N1)c1ccccc1-c1ccc(F)cc12,0.7167598990345008,3.29652760524635
4679,CCOC(=O)c1cc(NC(=O)c2cccs2)ccc1OCC(O)CNC(C)C,0.5251496736261502,2.6557171244577606
4680,CCCCCc1cc(O)cc(=O)o1,0.7250669700090923,2.336562826931903
4681,O=C(N[C@H](Cc1c[nH]c2ccccc12)C(=O)O)c1ccccc1Br,0.6280794315459993,2.3649784088460297
4682,CC(C)(CCCOc1ccc(OCCCC(C)(C)C(=O)O)c(Cc2ccccc2)c1)C(=O)O,0.348170391316438,2.444298188255262
4683,C=CCC1(C(C)C)C(=O)NC(=O)NC1=O,0.5279211833596782,3.1157130004607207
4684,COc1nc2[nH]c(=O)[nH]c2nc1NS(=O)(=O)c1cccc(Cl)c1Cl,0.622549767784642,2.8561209158781296
4685,Cc1cccc(NNS(=O)(=O)c2ccc(Oc3ccc(C(F)(F)F)cn3)cc2)c1,0.5706632759162944,2.3151931266494294
4686,CCNc1cccnc1N1CCN(C(=O)c2cccc3[nH]ccc23)CC1,0.7600575354628669,2.2551904206377493
4687,CCOC(=O)/C=C(C)/C=C/C=C(C)/C=C/C1=CC2CCC1C2,0.3954423805393354,4.750980479437733
4688,COc1ccc(-c2nn(-c3cccc(NC(=O)c4cccc(C(F)(F)F)c4)c3)cc2-c2ccncc2)cc1Cl,0.23796959369085766,2.472497227148814
4689,CCOc1cc(Br)cc(CNNC(=O)c2ccc3c(c2)OCCO3)c1O,0.6197517727879244,2.4477691984033694
4690,COc1cc([C@](O)(CCN(C)C)[C@@H](c2cc3cc(Br)ccc3nc2OC)c2cc(OC)nc(OC)c2OC)cc(OC)n1,0.21357999953857967,4.14092938805652
4691,C/C(=N\NC(=N)N)c1sc(-c2ccc(C#Cc3ccc(N)cc3)cc2)nc1C,0.18118585431624024,2.815505305130044
4692,CC(O)C(NC(=O)C(Cc1ccc(OCc2ccccc2)cc1)NC(=O)CNC(=O)OC(C)(C)C)C(N)=O,0.27533235689384306,3.2148879667137082
4693,NC(CCC(=O)O)C(=O)NC(Cc1c[nH]c2ccccc12)C(=O)O,0.4745807441216327,2.76103146437109
4695,CN(C)c1nc(-c2cnc(N)c(-c3ccc4c(c3)CCNC4=O)c2)cs1,0.7455564155628747,2.732996225430396
4696,NCC(O)c1ccc(O)c(O)c1,0.4724272074622585,2.675858574634889
4697,O=C(/C=C/c1ccc(Cl)cc1)c1ccc(O)cc1,0.6687506373603511,1.7170941590235884
4698,COc1cc(/C=N/N(C)C(=O)OCc2ccccc2)ccc1O.Cl,0.6621246317281899,2.3925055312627457
4699,O=C(O)COc1ccc(S(=O)(=O)NNc2ccc(Br)cc2)cc1,0.6149697531802266,2.0245938595122954
4700,C(#Cc1ccccc1)CN1CCC(COC(c2ccccc2)c2ccccc2)CC1,0.5070274288324544,2.2849263404304985
4701,CC(C)(CCOc1ccc(OCCC(C)(C)C(=O)O)c(Cl)c1)C(=O)O,0.6418513698663589,2.4226827047081105
4702,CN1CCCCC1CN1CCc2c(c(CO)nn2C)C1,0.8862472867482006,3.190895789387719
4703,CCCN1CCC[C@@H](c2cccc(O)c2)C1,0.8444734549140464,2.401627466000134
4704,CCc1nc2c(C)cc(C)nc2n1Cc1ccc(-c2ccccc2-c2nn[nH]n2)cc1,0.4617069025762979,2.4576313959100897
4705,CS(=O)(=O)O.Nc1nc2ccc(Cl)cc2c2nc(-c3ccc[nH]3)nn12,0.4289027389837394,2.7854720506562813
4706,Nc1nc(N)c2c(Cl)c(NC(=O)Cc3cccc(Br)c3)ccc2n1,0.617827379125823,2.339733837285081
4707,COc1noc2c1CN(Cc1ccccc1)CC2.Cl,0.8663865356665043,2.35739509737067
4708,CCN(CC)C(=S)SC(CC(=O)c1ccc(Cl)cc1)c1ccccc1,0.4246032307549593,2.7528615598432538
4709,CCNc1cccnc1N1CCN(C(=O)c2cc3ccccc3[nH]2)CC1,0.7600575354628669,2.2273924449292473
4710,CCN(CC)CCCC(C)Nc1c2ccc(Cl)cc2nc2ccc(OC)cc12,0.4493831432285027,2.7818253186005215
4711,COC(=O)C(C)(C)CCCOc1ccc(OCCCC(C)(C)C(=O)OC)c(C=O)c1,0.2671416197550368,2.652504801968959
4712,Cc1nc(CCNC(=O)CNC(=O)N(C)C)sc1C,0.8351815641173578,2.4138136494068707
4713,Cc1cccc(C2NC(=O)NC3=C2C(=O)N(Cc2ccc(F)cc2)C3)c1,0.893259209385227,2.810834431484892
4714,CCOC(=O)/C=C\Sc1ccccc1C(C)C,0.4490042913209137,2.4541166636736165
4715,CCCCCCCCCCCC(=O)c1c(O)cc(C)oc1=O,0.4726107818105612,2.291663584172884
4716,CCCc1cc(=O)oc2c3c(c4c(c12)OC(C)(C)C=C4)O[C@H](CC)[C@@H](C)[C@@H]3O,0.7721551643507806,4.212268231955926
4717,Oc1ncc(Oc2ccccc2)cn1,0.7823413356844768,2.295503474997954
4718,C=CCC1Oc2cccc(C(=O)OC)c2-c2ccc3c(c21)C(C)=CC(C)(C)N3,0.5474355683434593,3.483039017948885
4719,CCCN(CCC)c1cc(NC(=O)c2cccs2)cc(C(F)(F)F)c1,0.6833933686878115,2.3565930421967103
4720,O=c1oc2ccccc2c(O)c1C1OCCc2ccccc21,0.7003353485962692,2.8876550338753457
4721,C=C/C=C1\C=C(C)C2(CC2)C(C)(O)C1=O,0.6644669464087019,4.63591559200358
4722,Nc1nc2[nH]c(N)nc2c(=O)[nH]1,0.39109040115935384,3.0032003026665794
4723,NC1=NC(c2cccs2)Cc2ccsc21,0.8092592658757748,3.5035683575554435
4724,COC(=O)C(C)(C)CCCOc1cc(C)cc(OCCCC(C)(C)C(=O)OC)c1,0.36835630220298193,2.57098030613661
4725,CCOC(=O)C(C)(C)CCCOc1ccc(OCCCC(C)(C)C(=O)OCC)c(-c2ccccc2)c1,0.19750588120389082,2.527122801770995
4726,CN(C)c1ncnc2c1ncn2Cc1cccc(C(F)(F)F)c1,0.7439798621196322,2.380807801819989
4727,Oc1c(-c2cccc(Cl)c2)cnc2ccccc12,0.7047385254473209,1.9510899822049321
4728,COC(=O)C(C)(C)CCCOc1ccc(OCCCC(C)(C)C(=O)OC)c(C(C)(C)C)c1,0.30040928575009407,2.6505584844773846
4729,COC(=O)c1oc2c(sc3ccccc32)c1OC,0.6636468012251183,2.5328036612860316
4730,CN(C)c1ncnc2c1ncn2Cc1cccc(CO)c1,0.7843623422049935,2.356317466586015
4731,CC(N)(CCCC(N)C(=O)O)C(=O)O,0.4559544355568043,3.1239192460732097
4732,CN1CCN(C2=Cc3ccccc3Cc3ccccc32)CC1,0.7946152718641144,2.257174718133504
4733,CCCN(CCCc1ccc(F)cc1)Cc1ccc(N)c(I)c1,0.48287252130818414,2.2077073469383315
4734,COC(=O)C(C)(C)CCCOc1ccc(OCCCC(C)(C)C(=O)OC)c(OC)c1,0.3426101621184748,2.4753304429946006
4735,COc1ccccc1-c1coc2c3c(ccc2c1=O)OC(C)(C)C=C3,0.684141239004788,2.639139426859199
4736,CCOc1ccc(-c2nn3c(-c4ccco4)nnc3s2)cc1,0.5766968765030137,2.2860535347015496
4737,Clc1ccc(N2CCN(Cc3cnn4ccccc34)CC2)cc1,0.7375770724766862,2.1229228046480415
4738,Nc1cc(C2=NOC(CNS(=O)(=O)c3cccnc3)(C(=O)Nc3ccc(-c4ccccc4S(N)(=O)=O)cn3)C2)ccc1Cl,0.19756635790928234,3.5956605953274874
4739,O=C1NC(=O)c2cc(Nc3ccc(-c4ccccc4)cc3)c(Nc3ccc(-c4ccccc4)cc3)cc21,0.22118561469644588,2.120126751897571
4740,COC(=O)C(C)(C)CCCOc1cc(C)c(OCCCC(C)(C)C(=O)OC)cc1C,0.34787702726588143,2.621082878892036
4741,Cc1cc(C(=O)NCC(=O)Nc2ccccc2Br)on1,0.8943408183152994,2.035299586600228
4742,NC1=NC(C2CC2)Cc2ccccc21,0.7122825704805865,3.0102890412268817
4743,N#Cc1cccc(/C=C/SC2=NCCS2)c1,0.8024133672986518,3.119217869783684
4744,COc1ccccc1Cn1cnc2c(N(C)C)ncnc21,0.7322379808800302,2.2507820819706303
4745,CC1(C)CC(=O)C(C2OCCc3ccccc32)=C(O)C1,0.8507301631542565,3.1785364487283783
4746,c1ccc2cc(CNCc3cccc4ccccc34)ccc2c1,0.5399418381287068,1.6875504753149713
4747,Oc1ccc2[nH]c3c(O)nncc3c2c1,0.5146606117993997,2.7918343710400517
4748,C=CCC1Oc2cccc(OCc3ccccc3)c2-c2ccc3c(c21)C(C)=CC(C)(C)N3,0.42979051474159424,3.287995916994224
4749,CCn1ncc2c(N[C@@H](C)C3CCCCC3)c3cc(C#N)ccc3nc21,0.7319163349777953,3.0379565603830203
4750,Cn1c(=O)c2c(nc(Cl)n2Cc2cn(C[C@@H]3OC(C)(C)O[C@H]3[C@@H](O)P(=O)(OCc3ccccc3)OCc3ccccc3)nn2)n(C)c1=O,0.15009600343358903,4.360488857189424
4751,C1CCN(CCSSCCN2CCCCC2)CC1.Cl.Cl,0.49540446645210745,2.5061332405953607
4752,COc1cccc(Cc2cn(C3CC3)c3c(F)c(-c4cc(C)nc(C)c4)c(F)cc3c2=O)c1,0.38382124925272226,2.700280677505143
4753,Cc1ccc(/C=C/C(=O)c2ccc(O)cc2)cc1,0.6549596939803568,1.6979403128697435
4754,CCc1ccc(OCC(=O)OC)c([N+](=O)[O-])c1,0.4436815498729283,1.9154782875261755
4755,O=C(O)C1Cc2cc3c(-c4ccccc4F)noc3c(Br)c2O1,0.7349095955100197,3.267599530283725
4756,O=C(/C=C/c1ccccc1)c1ccccc1,0.5562298197848601,1.4561769532534061
4757,CC(C)(CCCOc1ccc(OCCCC(C)(C)C(=O)O)c([S+]([O-])c2ccccc2)c1)C(=O)O,0.26920224153206485,3.6091084809602414
4758,N=C(N)NCCC[C@@H]1NC(=O)[C@@H](Cc2ccccc2)NC(=O)C[S+]([O-])C[C@@H](C(=O)O)NC(=O)[C@H](CC(=O)O)NC(=O)CNC1=O,0.05264436099187577,5.23942524606999
4759,CN(C)C1(CNC(=O)c2cn[nH]c2)CCCCC1,0.8489443724264314,2.666894159023588
4760,FC(F)(F)c1cccnc1N1CCC(NC(=S)Nc2cccnc2)CC1,0.7946678884316996,2.384250903185075
4761,COc1ccc(-c2cc(C(=O)OCCCN3CCOCC3)nn2-c2ccc(S(N)(=O)=O)cc2)cc1,0.3496142103882309,2.407557447404713
4762,CC1=C/C(=C\C#CCCO)C(=O)C(C)(O)C12CC2,0.5423058711857697,4.674198490907555
4763,CC1=C/C(=C\c2cccs2)C(=O)C(C)(O)C12CC2,0.7873372823206946,4.174949040358105
4764,CC(=O)OCC1=C(C(=O)[O-])N2C(=O)C(=C(Br)Br)[C@H]2S(=O)(=O)C1.[Na+],0.17537361867621512,4.480624011001946
4765,CCOc1ccccc1-c1nn2c(-c3ccco3)nnc2s1,0.5766968765030137,2.351511759553622
4766,NC(=S)NNC(c1ccc(O)cc1)n1cnnn1,0.4221832355913531,3.535605374739328
4767,c1coc(-c2nnc3sc(-c4ccc5c(c4)OCO5)nn23)c1,0.5663895248069936,2.5012786019420012
4768,CC(Oc1ccccc1)c1nn2c(-c3ccco3)nnc2s1,0.5759662012338503,2.914148084910849
4769,C=CCC1(CC(C)C)C(=O)NC(=O)NC1=O,0.5513835393856523,3.009146277546133
4770,COc1ccc(Cl)cc1C1(F)C(=O)Nc2cc(C(F)(F)F)ccc21,0.7998531036451687,3.0030764666253535
4771,CCOC(=O)NCC(C)(C)NCC(O)COC(=O)c1ccccc1F,0.5797896305830506,2.8159893749693055
4772,O=C(O)CNC(=O)c1ccccc1Br,0.8572696159258091,1.6475939460160252
4773,CC(C)(C)NCC(O)COC(=O)c1cccc(N)c1,0.550180570203826,2.606180973719894
4774,O=C(c1cc2ccccc2[nH]1)c1cc2cc(OCCCCI)ccc2[nH]1,0.16698682278058158,2.493156614969733
4775,CC(C)C(C)Nc1cc(NC(=O)c2cccs2)cc(C(F)(F)F)c1,0.7451478378173868,2.7290568216549396
4776,O=c1c2c(O)cccc2n2nc(CNCCO)c3ccc(NCCCO)c1c32,0.22798548598114887,2.9058504292780487
4777,CCN(CC)CCNc1ccc2ncn3c4c(OC)ccc(O)c4c(=O)c1c23,0.48013206845626477,2.8125765806899263
4778,O=C(c1ccc(CN2CCOCC2)cc1)N1CCCC1,0.841690559050982,1.6970357432401997
4779,CCOC(=O)CN1C(=O)c2ccc(Br)cc2C1=O,0.6281900929227575,1.9457793192415238
4780,O=Cc1ccc(/C=C2\Oc3cccc(OCC4CCCCC4)c3C2=O)cc1,0.5500560062383251,2.460849428245032
4781,C=C1C2=C(CC(C)(C)C2=O)C(=O)C(C)(O)C12CC2,0.7104627119243103,4.546117554452706
4782,Cc1cn(Cc2cn(C[C@H]3OC(C)(C)O[C@H]3[C@@H](O)P(=O)(OCc3ccccc3)OCc3ccccc3)nn2)c(=O)[nH]c1=O,0.22811669709195084,4.168643696053105
4783,CN(C)c1ncnc2c1ncn2C,0.6333789592415671,2.5736320577011327
4784,O=C(/C=C/c1cccc(Cl)c1)c1ccc(O)cc1,0.6687506373603511,1.7979611273493816
4785,COC(=O)c1ccc(OC)c(S(=O)(=O)NC2CC2)c1,0.8136022280455237,1.8636978123027994
4786,O=C1c2ccc(-c3ccc(-c4cncc(NS(=O)(=O)c5ccc(F)cc5F)c4)s3)cc2CN1CC(O)CO,0.30272882172353677,3.3316603174611075
4788,CCOC(=O)C1Cc2cc3c(-c4ccccc4F)noc3c(Cl)c2O1,0.6555814304311877,3.1510713168468136
4789,OCCc1ccccc1OCCCc1cc2c(cc1O)CCO2,0.7716366469947428,2.3108947672333056
4790,CC(C)Nc1cc(C(F)(F)F)ccc1N1CCN(C(=O)c2cc3ccccc3[nH]2)CC1,0.6146175126889707,2.3709201492257392
4791,COc1cccc(Nc2ccc(NC(=O)C3CC3)cc2)c1,0.8769335364237107,1.600056697355246
4792,C=CCOC(=O)[C@]12CCC(C)(C)CC1C1C(=O)C=C3[C@@]4(C)C=C(C#N)C(=O)C(C)(C)[C@@H]4CC[C@@]3(C)[C@]1(C)CC2,0.29102020522592575,5.043481010741461
4793,CCn1c(C)c(C(=O)NCCC(=O)O)s/c1=N\C(=O)c1ccc(C(=N)N)cc1,0.4031729326021732,2.5518431721930277
4794,COc1ccc(CCNCC(O)COC(=O)c2ccccc2C)cc1OC,0.4918245036880103,2.4604069679800524
4795,Oc1cc2c(cc1OCCc1ccccc1)OCC2,0.9136773160818591,2.001550042425615
4796,O=C(c1cc2ccccc2[nH]1)c1cc2cc(O)ccc2[nH]1,0.48965372608649527,2.2904683366995098
4797,CNc1ccc(C#CC[C@H](NS(=O)(=O)c2ccc3cc(OC)ccc3c2)C(=O)N(C)C2CCCC2)cc1,0.43151280326001656,3.148252982572023
4798,CN(C)c1nc2ccc(Cl)cc2c2nc(-c3ccco3)nn12,0.5682677928326438,2.6006288516922513
4799,CCCc1cc(=O)oc2c3c(c4c(c12)OC(C)(C)C=C4)O[C@H](C)C(C)(C)[C@@H]3O,0.7555027427553922,4.1441402131409
4800,O=C(N[C@@H](CO)C(=O)O)c1ccccc1Br,0.7579065233611739,2.2051198825825384
4801,CCCCCC[C@@H](C(=O)N1C[C@@H](Oc2ccccc2)C[C@H]1C(=O)O)n1cnc(NC(=O)c2ccccc2S(=O)(=O)O)c1,0.19430124357915163,3.7834362566356177
4802,CCCNc1cc(C)cc(NC(=O)c2c(F)cccc2F)c1,0.8620682970208228,1.9823768250303875
4803,COC(=O)c1cc(C)c(NS(=O)(=O)c2ccc(OC)cc2)c(C)c1,0.8395217969556807,1.8848003779545142
4804,O=P(O)(O)C(Nc1ccc(CCc2ccc(NC(P(=O)(O)O)P(=O)(O)O)cc2)cc1)P(=O)(O)O,0.17518903231483599,2.932368607982122
4805,CC[C@@H]1CC2C(CCC3(C)C(=O)CCC23)C2(C)C=CC(=O)C=C12,0.7141681268421906,4.339864943762805
4806,C[C@@H]1CC2C(CCC3(C)C(=O)CCC23)C2(C)C=CC(=O)C=C12,0.6742038684524889,4.215032370976989
4807,COc1ccc2[nH]c3c(N/N=C\c4ccccc4)nncc3c2c1,0.44557579560303173,2.4689105938058376
4808,COc1cc(C(C)(C)C)c(OC)cc1CC(C)N,0.8945679057816346,2.6193990206428612
4809,Cc1cc(CN)c(C)s1,0.6340212944908576,2.506076084148633
4810,COc1cc(OC)c(S(N)(=O)=O)c(OC)c1,0.8295234185385071,2.1529924313922884
4811,Cc1ccc(CCCC(=O)c2ccc(COC[C@@](C)(N)COP(=O)(O)O)c(C)c2)cc1,0.3325534961385988,3.092343788096416
4812,CCN(CC)CCNc1ccc2ncn3c4cc(O)ccc4c(=O)c1c23,0.5234011058259932,2.670420965555138
4813,O=C(/C=C/c1cc(F)ccc1F)c1ccc(O)cc1,0.6763202475384464,1.9758741975158092
4814,O=C(/C=C/c1ccc(Cl)cc1)c1ccc(NC(=O)c2ccccc2)cc1,0.4822290386233273,1.6864436433098149
4816,COc1cc(/C=C/c2ccc3c(c2)[C@H](c2cc(OC)cc(OC)c2)[C@@H](c2ccc(O)cc2)O3)cc(OC)c1,0.26125541307631983,3.3489823336899125
4818,CCCN(CCc1ccsc1)C1CCc2c(O)cccc2C1,0.8604750415603676,2.9790980627214996
4820,CN(C)c1ncnc2c1ncn2Cc1ccccc1N,0.7290979450378793,2.4006493986303052
4821,CN(Cc1cnc2nc(N)nc(N)c2n1)c1ccc(C(=O)NC(CCNC(=O)c2ccc(Cl)cc2)C(=O)O)cc1,0.18830007853534467,3.1581702498574904
4822,Nc1nc(O)c2nc(N)n(CC3CCCCC3)c2n1,0.750277851629591,2.779877148652723
4823,CN(C)c1ncnc2c1ncn2-c1ccccc1,0.6847367584943864,2.2388609881220916
4824,COc1cccc(C(=O)Nc2nnc(/C=C/c3cc(OC)c(OC)c(OC)c3Br)s2)c1,0.4712739791488495,2.6244257195175162
4825,CC1(C)CC[C@]2(C(=O)OCc3ccccc3)CC[C@]3(C)C(C(=O)C=C4[C@@]5(C)C=C(C#N)C(=O)C(C)(C)[C@@H]5CC[C@]43C)C2C1,0.3383210600944695,4.832389956319931
4826,COC(=O)C(C)(C)CCCOc1ccc(OCCCC(C)(C)C(=O)OC)cc1,0.38640806259122223,2.387941147901529
4827,Cc1cc(-c2c(F)cc3c(=O)c(Cc4ccc(Cl)cc4)cn(C4CC4)c3c2F)cc(C)n1,0.3536585139399036,2.6746198236405334
4828,COC(=O)C(C)(C)CCCOc1ccc(OCCCC(C)(C)C(=O)OC)c(F)c1,0.3706989362029988,2.530095099036018
4829,O=P(O)(O)C(Nc1cccc2c(NC(P(=O)(O)O)P(=O)(O)O)cccc12)P(=O)(O)O,0.2237509733139517,3.1459060120058684
4830,CCCc1c(C)nn(-c2ccccc2)c1-c1ccccc1,0.6689622866524619,1.877573759145914
4831,S=C(Nc1ccc(Cl)cc1)OC(Cn1ccnc1)c1ccc(Cl)cc1Cl,0.5079636465779482,2.969103454353913
4832,COCCCN(C)S(=O)(=O)c1ccc(Br)cn1,0.744628468332812,2.3568244413723285
4833,CNc1snc(C)c1C(=O)NCC(C(C)C)N1CCc2ccccc2C1,0.8168041200147079,3.0844885140184255
4834,CCN1C(C(=O)N[C@H](C=O)Cc2ccccc2)Cc2cc(Cl)ccc2S1(=O)=O,0.7259754154282348,3.4233854949845615
4835,Cc1nc2c(s1)CN=C(c1ccccc1F)c1cc(Cl)ccc1-2,0.5916573910088293,2.570929982764044
4836,Cc1ccc(CCCC(=O)c2ccc(COC[C@@](C)(N)CO)c(Cl)c2)cc1.Cl,0.5489660886525984,2.8611148665941677
4837,COC(=O)CNC(=O)CSC1=C(C)C(=O)c2cccc(OC)c2C1=O,0.7622227424174488,2.499496032556735
4838,CCCC(=O)Nc1ccc(N(C)c2cccc3c2CCO3)cc1,0.9026300863169043,2.284918793952855
4839,COC(=O)C(C)(C)CCCOc1cccc(OCCCC(C)(C)C(=O)OC)c1C,0.36835630220298193,2.555696282467972
4840,Cc1c(C)c2c(c(C)c1O)CC[C@@](C)(CCC[C@H](C)CCC[C@H](C)CCCC(C)C)O2,0.35864394447897774,3.77976479049606
4841,CCCCCCC[C@H]1OC(=O)C[C@@H](O)[C@H](Cc2ccccc2)N(C)C(=O)[C@H](C(C)CC)OC(=O)[C@H]1C,0.3678958316252469,4.694383340682121
4843,C=C(CO)[C@@H]1C[C@@]2(C)C(=C[C@H](O)C[C@@H]2C)C[C@H]1O,0.6547538844249949,4.75604600344619
4844,CCOC(=O)c1c(S(=O)(=O)Nc2ccc(OC(F)(F)F)cc2)c(-c2ccccc2)n(-c2ccccc2)c1C,0.2621648726006466,2.5059067941727466
4845,O=C1C=C(Cl)C(=O)C=C1Cl,0.5234664142716966,2.8761344554329096
4846,O=C1C=CC(=O)C(c2ccc(I)cc2)=C1,0.5894505355877098,2.396496855067653
4847,CCCCCCCCCC(=O)c1c(O)cc(C)oc1=O,0.5485505587916562,2.287746844342486
4848,CCCCc1nc(C(=O)OCC)c(C(=O)OCC)n1Cc1ccc(-c2ccccc2-c2nn[nH]n2)cc1,0.2978187104986096,2.6261712552147625
4849,O=c1c(-c2cccc(Cl)c2)coc2cc(O)cc(O)c12,0.7184898389933717,2.275661399787042
4850,OCC1Cc2cc3c(-c4ccccc4F)noc3c(Cl)c2O1,0.7840854025235582,3.178369285248973
4851,Cn1c2ccccc2n2c(=O)c(-c3ccccc3)nnc12,0.5355538413585826,2.189895322828134
4852,COc1cc(/C=C/c2nnc(NC(=O)c3cccc(F)c3)s2)c(Br)c(OC)c1OC,0.5040290891523277,2.652266889881048
4853,Oc1cccc([C@H]2CCCN3CCCC23)c1,0.7815348046726011,2.84615400970649
4854,CC(C)N(CCNc1ccc2ncn3c4ccc(O)cc4c(=O)c1c23)C(C)C,0.5010773240194569,2.7637164204023073
4855,NC1=NC(c2ccccc2)Cc2cccc(Cl)c21,0.835012215297868,2.80528210637873
4856,Nc1nc(-c2cc(Cl)cc(Cl)c2)c(-c2cc(Cl)cc(Cl)c2)[nH]1,0.5842984140844791,2.43558867875044
4857,C[C@H](CCCC(C)(C)O)[C@H]1CC[C@H]2[C@@H]3[C@@H](O)C=C4C[C@@H](O)CC[C@]4(C)[C@H]3CC[C@]12C,0.5185469404680247,4.548951518666897
4858,CS(=O)(=O)N[C@@H](C(=O)N1CCC[C@H]1C(=O)NCc1ccc(C(=N)NN)cc1)C(c1ccccc1)c1ccccc1,0.10981127986903373,3.4622367852980016
4859,CCCCCOC(=O)C(=O)/C=C1\C=C(OC)C=C(O)O1,0.3332303609494201,3.249266564622207
4860,CCCS(=O)(=O)NCC1(C(=O)Nc2ccc(-c3ccccc3S(N)(=O)=O)cn2)CC(c2ccc(Cl)c(N)c2)=NO1,0.2523505950085562,3.5946222805970205
4861,CNc1nc2ccc(Cl)cc2c2nc(-c3ccco3)nn12,0.6152289805821478,2.527176281214011
4862,NC(/C=C(\Cl)CC(N)C(=O)O)C(=O)O,0.4883381174228477,3.9352049603589236
4863,NC(=O)c1ncn([C@H]2O[C@@H](CO)C[C@@H]2O)n1,0.5503317884132192,4.024688882921315
4864,CN(C)c1ncnc2c1ncn2Cc1ccc(O)cc1,0.7827058582136166,2.295547374338806
4865,COC(=O)C(C)(C)CCCOc1ccc(OCCCC(C)(C)C(=O)OC)c(C(=O)c2ccccc2)c1,0.18933256562646197,2.5742144521206445
4866,CC(=O)c1cc(NC(=O)c2cccs2)ccc1OCC(O)CNC(C)(C)C,0.6019564962609313,2.7159250826534294
4867,COC(=O)C(C)(C)CCCOc1cc(OCCCC(C)(C)C(=O)OC)cc(C(C)=O)c1,0.25347633361254024,2.6394386433614336
4868,COc1ccc(-c2c(O)cc3c(c2OC)OCO3)cc1,0.9322660845435912,2.1598647832456894
4869,Cc1ccc(CCCC(=O)c2ccc(COC[C@@](C)(N)COP(=O)(O)O)cc2)cc1,0.34454532628494516,2.9544621824341935
4870,c1cc2cc(-c3ccc(-c4cc5ccc(C6=NCCCN6)cc5s4)cc3)[nH]c2cc1C1=NCCCN1,0.2815615079423523,3.061955827412021
4871,CCCCOc1ccc([C@@H]2CC[C@H](NC)c3ccccc32)cc1.Cl,0.7003833772345588,2.928311328624483
4872,O=c1c2ccccc2n(CC(O)CN2CCCCC2)c2c(Cl)cccc12,0.7128014139376191,2.680982406536865
4873,COc1cccc(Oc2ccc(NC(=O)C3CC3)cc2)c1,0.9066437063842119,1.5805151588937072
4874,CCCC/C=C/c1cc2ccc(Cl)cc2n1C(=O)CC(C)CC(=O)O,0.6187593119102776,3.2212907619455002
4875,COC(=O)c1cc(Nc2ccccc2)c(Nc2ccccc2)cc1C(=O)OC,0.604930175658108,2.050149467739587
4876,CCN(CC)c1ccc(Nc2cc3c(cc2Nc2ccc(N(CC)CC)cc2)C(=O)NC3=O)cc1,0.3269829176886564,2.597828681654569
4877,CCOCCOCC(O)CN,0.48988323595433403,2.802100330293511
4878,CC(=O)c1c(C)c2cnc(Nc3ccc(N4CCN(Cc5cn(CCOCCOCCOCCOCCNc6cccc7c6C(=O)N(C6CCC(=O)NC6=O)C7=O)nn5)CC4)cn3)nc2n(C2CCCC2)c1=O,0.04558746393885027,4.642764737216433
4879,CCc1cc(OC)c(CC(C)N)cc1OC,0.8315630423993423,2.483736698324936
4880,CCOc1cc(OC)c(CC(C)N)cc1OC,0.824523605485719,2.3651525959037283
4881,COC(=O)CCCNC(=O)CSC1=C(C)C(=O)c2cccc(OC)c2C1=O,0.5353888860872941,2.4956005980126577
4882,COc1cc(OC)c2c(=O)c(-c3cccc(Cl)c3)coc2c1,0.7286608891008154,2.1460759626458135
4883,C=CCc1cc(OC)c(OC)cc1O,0.7461408572248783,2.05988868285813
4884,Cc1ccc(/N=C(/S)OC(Cn2ccnc2)c2ccc(Cl)cc2Cl)c(C)c1,0.3040906548272461,3.3730853080610244
4885,NC1=NC(c2ncc[nH]2)Cc2ccccc21,0.7501492005398259,3.3684577655802928
4886,CN(C)c1ncnc2c1ncn2Cc1ccc([N+](=O)[O-])cc1,0.5390837668136593,2.332045441554003
4887,CC(C)(C)/N=C(\NC#N)Nc1cccc(/C(=C/CCCC(=O)O)c2cccnc2)c1,0.20692729447104222,2.851033373397531
4888,Cc1cc(-c2c(F)cc3c(=O)c(CCc4ccccc4)cn(C4CC4)c3c2F)cc(C)n1,0.38466816959689004,2.6462740500882447
4889,O=C1c2cc(Nc3ccccc3)c(Nc3ccccc3)cc2C(=O)N1c1ccccc1,0.4014117850777378,2.012341212782582
4890,O=C1OC(=O)C2CC=CCC12,0.29060861162145646,3.62449676342768
4891,COC(=O)C(C)(C)CCCOc1ccc(OCCCC(C)(C)C(=O)OC)c(C)c1,0.368356302202982,2.498158412645486
4892,CCOC(=O)C(=O)/C=C1\C=C(OC)C=C(O)O1,0.44750838652414443,3.412852535017814
4893,CCCCCC[C@H](C(=O)N1C[C@@H](Oc2ccc(CC(=O)O)cc2)C[C@H]1C(=O)O)n1cnc2cc(-c3ccccc3S(=O)(=O)O)ccc21,0.11973532027569066,3.9056963233257083
4894,FC1CN=C(c2ccc3cc(-c4ccc(-c5cc6ccc(C7=NCC(F)CN7)cc6o5)cc4)[nH]c3c2)NC1,0.2941805898795527,4.113189434960202
4895,C=CCO/N=C1\C[C@@H]2[C@H](CC[C@]3(C)C(=O)CC[C@@H]23)[C@@]2(C)CC/C(=N\OCCN)C[C@H]12.O=C(O)/C=C/C(=O)O,0.18435000562408593,4.9425662200933775
4896,CNC1C(OC2C(OC3C(O)C(O)C(N=C(N)N)C(O)C3N=C(N)N)OC(C)C2(O)C=O)OC(CO)C(O)C1O,0.06824479508490591,5.678151510614736
4897,CO[C@@H]1[C@H](NC(=O)/C(C)=C\c2ccc(O[C@@H]3O[C@H](C(C)=O)[C@@H](O)[C@@H]3O)c(O)c2)[C@H](O)[C@@H](O)[C@H]2OCO[C@H]21,0.21885037959647216,4.947908065425222
4898,O=C(Nc1ccccc1)[C@H]1C[C@H]2CN(S(=O)(=O)C3CC3)C[C@@H]1O2,0.8965440124791082,4.281513569276462
4899,OCc1ccc(-c2cn3c(-c4ccccc4)cnc3cn2)cc1,0.629285872052305,2.1676845693539253
4900,COc1ccc2[nH]c(C(=O)N3CC(=O)N(Cc4cccc(C(=O)N(C)C)c4)[C@@H](Cc4ccccc4)C3)cc2c1,0.3964675664488707,3.0409370964049716
4901,O=C(NC1CCc2cccnc21)c1cnn(CCNCc2nc3ccccc3[nH]2)c1,0.41290805398534064,3.091292228981663
4902,CN(C(=O)c1ccncc1)c1ccncc1,0.7631067647055033,2.0564344285255896
4903,COc1cc(NCc2cc3ccccc3o2)c2nccc(C)c2c1Oc1cccc(C(F)(F)F)c1,0.2707439887523457,2.6307145243277894
4904,CN(C)C(=O)Oc1ccc(Cl)cc1C(=O)Nc1ccc(Cl)cc1,0.8947942760959364,1.8669925202265816
4905,COc1cc2c(cc1O)Cc1c-2[n+](C)cc2cc(OC)c(OC)cc12.[Cl-],0.5124758304238272,2.988703378954453
4906,c1ccc2cc(CNCCc3c[nH]c4ccccc34)ccc2c1,0.5157207531701761,1.8455792378567768
4907,O=C1[C@@H](NS(=O)(=O)c2cc3nc(Cl)ccc3s2)CCN1Cc1cc2[nH]cccc-2n1,0.4441358230876645,3.529662255714795
4908,COC(=O)C1CC2C=CC1C2,0.4187671525808232,4.213974865564165
4909,CC(=O)[C@H]1CC[C@H]2[C@H]3[C@H]([C@H](O[C@H]4CCCCO4)C[C@]12C)[C@@]1(C)CCC(=O)C[C@H]1C[C@@H]3OC(=O)c1ccccc1,0.41950935437695064,4.764986059405317
4910,CCN(CCCCNC(=O)c1cc(O)c(C(=O)NCCCCN(CC)Cc2ccccc2OC)cc1O)Cc1ccccc1OC,0.09910534728997576,2.7669653627316055
4912,O[C@@H]1c2ccc(OCc3ccccc3-c3ccccc3)cc2CC[C@H]1CCN1CCC(c2ccccc2)CC1,0.25881683672764655,3.160361189702085
4913,CC(C)[S+]([O-])C1=NS(=O)(=O)c2cc(Cl)ccc2N1,0.8042174109566249,4.113015612295888
4914,COC(=O)c1nc(-c2cc(Cl)cc(Cl)c2)c(-c2cc(Cl)cc(Cl)c2)[nH]1,0.521992204174955,2.5394485605913584
4915,O=C(/C=C/c1ccccc1)Oc1ccc(C(=O)/C=C/c2ccc(Cl)cc2)cc1,0.22989775807882218,2.0033357497908675
4916,COC(=O)COc1ccccc1C,0.6618242594238989,1.495447442316518
4917,O=C(CCCCCCC(=O)Nc1ccc2oc(=O)ccc2c1)NO,0.2978649762244846,2.128004749691378
4918,CC(C)S(=O)(=O)N(C)C(=O)c1cc(Br)c2c(c1)OCO2,0.8203134759603866,2.7993250842158215
4919,O=C(CCCCCCCNC(=O)c1ccc2c(c1)CCC(=O)N2)NO,0.3117532965681681,2.2313116912145627
4920,O=C(N[C@@H](Cc1cccs1)C(=O)O)c1ccccc1Br,0.8677420304019592,2.3954944157613447
4921,O=[N+]([O-])c1cc2cc(Cl)c3ccccc3c2o1,0.4794270472925488,2.4560511972251717
4922,CCCc1cc2c(c(C)c1O)CCO2,0.780018475125285,2.490795378591546
4923,CCNC(=O)N1CCNCC1,0.5447710088100197,2.133794877240158
4924,CN1CCN(C2=Nc3cc(Cl)ccc3Oc3ccccc32)CC1,0.736992877851952,2.3040853527671743
4925,CC(C)(CCCOc1ccc(OCCCC(C)(C)C(=O)O)c(Sc2ccccc2)c1)C(=O)O,0.30696834230785136,2.603042059768363
4926,CC(C)(CCCOc1ccc(SCCCC(C)(C)C(=O)O)cc1)C(=O)O,0.39341292217575224,2.438511467485638
4927,CCCCCC(=O)c1c(O)cc(CCCCC)oc1=O,0.550944077233643,2.4018693618250033
4928,CC(C)(C)NCC(O)COc1ccc(NC(=O)c2cccs2)cc1C#N,0.6935150398052801,2.800040252690712
4929,CN(C)C(=O)Oc1ccc(Cl)cc1C(=O)Nc1ccc(F)cc1,0.9272690837479465,1.8726672455013063
4930,CN(C)C(=O)[C@]12CCC(C)(C)CC1C1C(=O)C=C3[C@@]4(C)C=C(C#N)C(=O)C(C)(C)[C@@H]4CC[C@@]3(C)[C@]1(C)CC2,0.40837349163089653,5.03957267393279
4931,Clc1ccc2oc(SCC3OCCc4ccccc43)nc2c1,0.640171949974362,2.9200571973368845
4932,O=[N+]([O-])c1ccc2nc(-c3nc4ccc([N+](=O)[O-])cc4n3Cc3nnc(S)n3Cc3ccccc3)n(Cc3nnc(S)n3Cc3ccccc3)c2c1,0.09338894115099472,3.3293745647581563
4933,NCCn1cc(C(F)(F)F)ccc1=O,0.7784661980727654,2.312786614798167
4934,CC(C)(C(=O)NCCOc1ccccc1)S(=O)(=O)c1ccc(C(F)(F)F)cc1,0.7034002692571026,2.211994791626225
4935,Cc1c(C(=O)N2CCN(C3CC3)CC2)cnn1-c1nn2cccc2c(=O)[nH]1,0.7251828192429336,2.8344316561437157
4936,Br.COc1cc(OC)c(-c2cn3ccc(N4CCCC4)nc3n2)cc1Cl,0.608308240618918,2.641863209168614
4937,CC(C)(CO)Cn1nc(-c2ccc3cc(OC4CC4)ccc3c2)c2c(N)ncnc21,0.5081553799045369,2.773398919616019
4938,N=C1N/C(=N\Nc2nc(-c3ccc(Cl)cc3)cs2)c2ccccc21,0.6187038651281876,2.8305215951988103
4939,Cc1cc(OCC(=O)NCCc2c(C)cc(C(C)(C)C)cc2C)no1,0.8688693639332067,2.4699019149096735
4940,CN(C)C1(Cc2ccccc2)CCN(c2cc(C(F)(F)F)ccc2CNC(=O)Nc2cccc3cnccc23)CC1,0.26311906830671083,2.7985856545812737
4941,Cc1ccccc1Oc1cnc(O)nc1,0.8112079217578707,2.388972474796761
4942,NC1=NC(c2ccc(Cl)cc2)Cc2ccccc21,0.835012215297868,2.6745451241302085
4943,COc1cccc(Nc2ccc(NC(=O)C(C)C)cc2)c1,0.8710771748534262,1.6305166321661986
4944,CC(C)CCC[C@](C)(O)[C@H]1CC[C@H]2[C@@H]3CC=C4C[C@@H](OCC(=O)N5CCOCC5)CC[C@]4(C)[C@H]3CC[C@@]21C,0.3704219982780319,4.564623294838038
4945,COc1cc(O)c2c(=O)c(-c3cccc(Cl)c3)cn(CCc3ccccc3)c2c1,0.4911790325152791,2.2697944859327173
4946,CC(=N)NCCCC[C@H](N)C(=O)O,0.27012709425634257,3.090912504186104
4947,COC(=O)[C@@H](N)CCCNC(=N)N[N+](=O)[O-],0.10988343608259009,3.42998231549846
4948,NC1=NCCc2ccccc21,0.581057736502598,2.326747451681845
4949,CN(C)c1ncnc2c1ncn2Cc1cccc(C#N)c1,0.730423770383507,2.417102081970633
4950,O=C(Nc1cccc(Nc2nc(-c3ccccc3)c3cc[nH]c3n2)c1)N1CCCC1,0.4516860331178327,2.2890138771634287
4951,O=C1CCc2ccc(OCCCCCNO)cc2N1,0.5207869046424142,2.3905999924755665
4952,O=c1ccc2cccc(OCCCCCNO)c2[nH]1,0.5271717028719468,2.3634162162517907
4953,NCc1ccc(S(N)(=O)=O)cc1,0.6698196794692757,1.6976079075616823
4954,Cc1ccc(S(=O)(=O)NC(=O)Nc2ccc(Cl)cc2)cc1,0.91024011340662,1.67008632600246
4955,Cc1nc2c(s1)CN=C(c1ccccc1)c1cc(Cl)ccc1-2,0.609352560823223,2.474375039879064
4956,COc1ccccc1Cc1cn(C2CC2)c2c(F)c(-c3cc(C)nc(C)c3)c(F)cc2c1=O,0.38382124925272226,2.7099699751640056
4957,CCC(=O)Nc1ccc(N(C)c2cccc(OC)c2)cc1,0.9073694615745347,1.8426819515925335
4958,Cc1ccc(Nc2cc3c(cc2Nc2ccc(C)cc2)C(=O)NC3=O)cc1,0.5933575010046753,2.212588299500359
4959,Nc1cc(C2=NOC(CNS(N)(=O)=O)(C(=O)Nc3ccc(-c4ccccc4S(N)(=O)=O)cn3)C2)ccc1Cl,0.24067518505498067,3.58231156527871
4960,Oc1ccc2c(ccc3c4ccccc4ccc23)c1O,0.35927602484086607,1.9126362197946207
4961,CCCCCCC[C@H]1OC(=O)C[C@@H](O)[C@H](Cc2ccccc2)N(C)C(=O)[C@H](CC(C)C)OC(=O)[C@H]1C,0.3678958316252469,4.568066806787985
4962,O=C1NC(=O)c2cc(Nc3ccc(F)cc3)c(Nc3ccc(F)cc3)cc21,0.6019087024205132,2.2472468409589013
4963,CN(C)C(=O)Oc1ccc(Cl)cc1C(=O)Nc1ccc(C(F)(F)F)cc1,0.8334229855672576,2.045998720232891
4964,CN(C)C(=O)Oc1ccccc1C(=O)Nc1ccccc1,0.9422022436863419,1.688440491357854
4965,CN(C(=O)[C@H](Cc1ccc(C(=N)NN)cc1)NS(=O)(=O)c1ccc2ccccc2c1)C1CCCC1,0.16600856634366234,3.1114255253170775
4966,Cc1nc(O)ccc1-c1ccc(-n2ccnc2)cc1,0.7614454553840652,2.384764468000043
4967,CNc1ccc(C#CC[C@H](NS(=O)(=O)c2ccc3ccccc3c2)C(=O)N(C)C2CCCC2)cn1,0.4922493345762426,3.199135133708686
4968,COc1cccc(N[C@H]2[C@@H](O)[C@@H](CO)O[C@@H](OC)[C@@H]2O)c1,0.5846785122793692,3.564389914066817
4969,CC1(C)c2ccc([nH]2)C2(C)CCCCNC(=O)c3cccc(n3)C(=O)NCCCCC(C)(c3ccc1[nH]3)c1ccc([nH]1)C(C)(C)c1ccc2[nH]1,0.10176548144582301,6.031005397529139
4970,COc1cc(C2(O)CSC(=S)N2Cc2ccccc2Cl)cc(OC)c1OC,0.7005027033690256,3.0931274942958407
4971,CC(C)(C)NCC(O)COc1ccc(NC(=O)c2cccs2)cc1Cl,0.6810791969857007,2.628286079671252
4972,CNC(=O)[C@@]12C[C@@H]1[C@@H](n1cnc3c(N[C@@H]4C[C@H]4c4ccc(F)c(F)c4)nc(C#Cc4ccccc4)nc31)[C@H](O)[C@@H]2O,0.27856979619136496,4.714188358463611
4973,Br.CCCCCCCCCCCCNc1ccc(O)c(O)c1,0.23859713945128283,2.070585904475534
4974,O=C(CN1CCN(c2cc3c(cc2F)c(=O)c(C(=O)O)cn3C2CC2)CC1)OCC(CCCNC(=O)c1cccc(O)c1O)(CCCNC(=O)c1cccc(O)c1O)CCCNC(=O)c1cccc(O)c1O,0.025558279572850624,3.9939460959455424
4975,CCC(=O)C(Nc1ccc(Cl)cc1)NC(Cn1ccnc1)c1ccc(Cl)cc1Cl,0.4162557500668934,3.4792375031030467
4976,CS(=O)(=O)N[C@@H](C(=O)N1CCC[C@H]1C(=O)NCc1ccc(C(=N)N)s1)C(c1ccccc1)c1ccccc1,0.22500953159657247,3.4011002635008207
4977,CCCOC(=O)c1cc(O)c(O)c(O)c1,0.519957062705858,2.117713118803916
4978,Cc1cc(OCCCC(C)(C)C(=O)O)c(C)c(C)c1OCCCC(C)(C)C(=O)O,0.4645781217422797,2.6522365814402544
4979,COC(=O)c1cc(NC(=O)c2cccs2)ccc1OCC(O)CNC(C)C,0.5676291823220743,2.6453724173727675
4980,CC(C)(CCCOc1ccc(OCCCC(C)(C)C(=O)O)c(S(=O)(=O)c2ccccc2)c1)C(=O)O,0.34048663921952543,2.5856057227083564
4981,COc1cc2ncnc(Nc3cccc(Cl)c3)c2cc1OC,0.7869935859921958,1.9347057747691743
4982,CC(C)(CCCOc1ccc(OCCCC(C)(C)C(=O)Oc2ccc(C(C)(C)C)cc2)cc1)C(=O)Oc1ccc(C(C)(C)C)cc1,0.10030692943816738,2.611814835205033
4983,O=S(=O)(c1cc(Cl)ccc1Cl)N1Cc2ccccc2N(Cc2c[nH]cn2)C(CCc2ccccc2)C1,0.31509022627052596,3.210951156714021
4984,c1cc2cc(-c3ccc(-c4cc5ccc(C6=NCCN6)cc5o4)s3)[nH]c2cc1C1=NCCN1,0.3594840809427816,3.1984802062372815
4985,C=C(C)[C@H]1Cc2c(ccc3c(=O)c4c(oc23)COc2cc(OC)c(OC)cc2-4)O1,0.6210573481504653,3.460910206324261
4986,COc1cc2c(cc1OC)[C@@H]1C(=O)c3ccc4oc(C(C)C)cc4c3O[C@@H]1CO2,0.6418494039878281,3.556428122240007
4987,COc1cc([N+](=O)[O-])c(OC)cc1CC(C)N,0.6220744475535137,2.5724373450676072
4988,CC#CC1Cc2ccsc2C(N)=N1,0.6169751374275685,4.281697914483279
4989,C#CC1Cc2cc(C)sc2C(N)=N1,0.6155706678260933,4.452938974774339
4990,COc1ccc(-c2nnc3nc4ccccc4n3c2O)cc1,0.6146457414869538,2.309294270648296
4991,CNC1=Nc2ccc(Cl)cc2C(c2ccccc2)=[N+]([O-])C1,0.6499855803367838,2.9151436204321683
4992,O=c1c(-c2cccc(Cl)c2)coc2cc(O)ccc12,0.7325428538370837,2.049610481986056
4993,CCCC(=O)Nc1ccc(Oc2cccc3c2CCO3)cc1,0.901406890393394,1.9887558091098327
4994,OC[C@H]1CC[C@H]([C@@H](O)CO)O1,0.4913670437698983,3.737384939674408
4995,c1ccc2cc(CNCCCCCCNCCSSCCNCCCCCCNCc3ccc4ccccc4c3)ccc2c1,0.043495159762144686,2.5811364712294065
4997,O=C(O)c1cn(C2CC2)c2cc(N3CCN(C(=O)c4cccc(O)c4O)CC3)c(F)cc2c1=O,0.5040751262976974,2.569273727447566
4998,COc1ccc(Cl)c(C2(F)C(=O)Nc3c(C(F)(F)F)cccc32)c1,0.7998531036451687,3.1449590701756502
4999,C=CCC1Oc2ccc(Cl)c(OC)c2-c2ccc3c(c21)C(C)=CC(C)(C)N3,0.6047603719602135,3.5376425712189192
5000,CN(C)c1ncnc2c1ncn2Cc1ccccc1[N+](=O)[O-],0.5390837668136593,2.422940975052761
5001,O=C(/C=C/c1ccc(Cl)c(Cl)c1)c1ccc(O)cc1,0.6632455053353994,1.8577691176899744
5002,Cc1cc(-c2c(F)cc3c(=O)c(CC4CCCCC4)cn(C4CC4)c3c2F)cc(C)n1,0.48646518840855024,2.8183323508172524
5003,CCCC(=O)Nc1ccc(Nc2cccc3c2CCO3)cc1,0.872902146971394,2.005661097571373
5004,C=C1CC(C)(c2ccccc2)OC1=O,0.49939169712220427,3.0937126506943367
5005,C=C1CC(C)(CC(C)(C)C)OC1=O,0.4601025048495645,3.8427568069421696
5006,C=CCC1Oc2cccc(Cl)c2-c2ccc3c(c21)C(C)=CC(C)(C)N3,0.6133135378944008,3.4953041972058916
5007,COC(=O)C(C)(C)CCCOc1cccc(OCCCC(C)(C)C(=O)OC)c1N,0.3166440309664341,2.662121726254954
5008,CC(C)C[C@@H](NC(=O)[C@H](Cc1ccccc1)NC(=O)[C@@H](CC(C)C)NC(=O)[C@H](CCCCN)NC(=O)OC(C)(C)C)C(=O)N[C@@H](Cc1ccccc1)C(=O)O,0.08701904008787895,4.026535567157879
5009,CC(C)c1ccc(C(c2ccccc2)c2ccc(C(C)C)cc(=O)c2O)c(O)c(=O)c1,0.5960385146417297,2.624862617629546
5010,C(=C/c1ccc(-c2cccs2)s1)\c1ccccn1.I,0.5199972700788864,2.528119992475565
5011,CCCC(=O)Nc1ccc(Oc2cccc3c2OCCO3)cc1,0.9065666102871027,1.9896577982321588
5012,Oc1cccc([C@@H]2CCCNC2)c1,0.685907621656123,2.5524930233573357
5013,Cc1c(-c2ccc(-c3cc4ccc(C5=NCCCN5)cc4o3)cc2)[nH]c2cccc(C#N)c12,0.3593725240082384,2.891879903447288
5014,COc1cccc(Oc2ccc(NC(=O)C(C)C)cc2)c1,0.8999876334178912,1.6106438811883628
5015,Oc1ccc2c(cc3ccc4cccc5ccc2c3c45)c1O,0.23445094372198957,2.199005328340604
5016,O=C1c2ccc(OCc3ccccc3)cc2CCC1CC(=O)N1CCC(c2ccccc2)CC1,0.4733761567180422,2.7292249325731444
5017,CN(C)c1ncnc2c1ncn2C1Cc2ccccc2C1,0.7214838783543083,2.494299610343898
5018,C=C1C(=O)O[C@H]2/C=C(C)\C=C/[C@H]3O[C@]3(C)C[C@@H](OC(=O)CCC)[C@@H]12,0.45160434590216614,5.0187571866293865
5019,CCNC1CCOC(C)(C)C1,0.6564207837534345,3.047920330293511
5020,CSc1ncnc2c1ncn2Cc1ccccc1,0.5334536730095233,2.158966369388141
5021,Cc1cc2ncc(-c3ccccc3)nc2cc1C,0.6375491694647168,1.7961461952226845
5022,Cc1cc(N)ccc1C(=O)OCC(O)CNC(C)(C)C,0.5618112281352435,2.710581420737501
5023,CCN(CC)CCNCCNc1ccc2ncn3c4ccccc4c(=O)c1c23,0.3469231934996347,2.600000707055825
5024,O=C(c1ccccc1)C(c1ccccc1)C1OCCc2ccccc21,0.6322962692459208,2.890874012981829
5025,C#C[C@]1(O)CCC2C3C(CC[C@@]21C)C1CCC(=O)C=C1C[C@H]3C,0.6919245281556617,4.601485524193448
5026,O=C(CCCCCCC(=O)Nc1ccc2c(c1)CCC(=O)N2)NO,0.33260627156571554,2.2115276003701094
5027,COC(=O)C(C)(C)CCCOc1ccc(OCCCC(C)(C)C(=O)OC)c(/C=N/NC(N)=O)c1,0.18038809073649326,2.811916878376193
5028,O=C(/C=C/c1ccc(O)cc1)c1ccccc1,0.6412736177915347,1.6417438188892213
5029,COc1c(N2CCNC(C)C2)c(F)cc2c(=O)c(C(=O)O)cn(C3CC3)c12,0.8502925222174252,3.145831319659667
5030,Nc1nc2ccc(OCc3ccccc3)cc2c2nc(-c3ccco3)nn12,0.527233914074363,2.313392884914945
5031,CCCOC(=O)C1=C(O)C(=O)N(Cc2ccccc2)C1,0.8319635718583253,2.264727883303525
5032,C=CCOc1ccc2c(=O)c(-c3cc(OC)c(OC)cc3OC)coc2c1,0.5862703055415356,2.337772318113325
5033,NC(=O)CSc1nnc2c(=O)n(-c3ccc(F)cc3)ccn12,0.7104430374395799,2.413646185970876
5034,Cc1cc(-c2csc(Cc3ccccc3)n2)c(C)n1NC(=O)c1nn(C)c(=O)c2ccccc12,0.4123455884621293,2.6688285151034297
5035,Cc1ccc2c(N)c(C(=O)NCCc3ccc(N4CCNCC4)c(-c4ccccn4)c3)sc2n1,0.39662041373967716,2.655169903611828
5037,CC(C)=CCN1C[C@@H]2CC[C@H]1CN(S(=O)(=O)c1cccnc1)C2,0.791192522417239,4.057384431014083
5038,COc1cc(OC)c(-c2coc3cc(OCc4ccccc4F)ccc3c2=O)cc1OC,0.3965574675370951,2.278112376377342
5039,Cn1c(C(F)(F)F)nc(-c2cc(Cl)cc(Cl)c2)c1-c1cc(Cl)cc(Cl)c1,0.40664740728790255,2.6308780608922326
5040,CN1C(=O)c2cc(Nc3ccccc3)c(Nc3ccccc3)cc2C1=O,0.6894257143365367,2.0844984125405848
5041,CCc1cccc(Oc2cnc(O)nc2)c1,0.8561012415804178,2.410911017154353
5042,CN(C(=O)[C@H](CC#Cc1ccc(N)cc1)NS(=O)(=O)c1ccc2ccccc2c1)C1CCCC1,0.4176228808115837,3.0510924107650563
5043,N#CN1CCC1,0.3894547471205722,3.115559394440007
5045,Cc1cc(C2CCCN2C(=O)[C@@H]2CCCN2)on1,0.8603818393364769,3.2788031396274233
5046,CC1(C)C(=O)N(c2ccc(S(F)(F)(F)(F)F)cc2)C(=S)N1c1ccc(C(F)(F)F)cc1,0.33378969331810315,3.177255840354535
5047,CCOC(=O)c1sc(N)c(C#N)c1COC(=O)C1CCN(S(=O)(=O)c2ccc(C)c(C)c2)CC1,0.5661310656159435,2.6369597524726434
5048,CCC[C@H]1CC[C@@H](n2c(=O)[nH]c3ccc(NC(C)=O)cc3c2=O)CC1,0.8940605111371583,2.3042540933195
5049,Cc1cc(CNS(=O)(=O)c2cc3cc(Cl)ccc3[nH]2)ccc1-c1ccc(F)cc1,0.4458468887086696,2.310315765798899
5050,Cc1c(C(=O)N2CCCC(c3n[nH]c(C4CC4)n3)C2)cnn1-c1nn2cccc2c(=O)[nH]1,0.5020223736606639,3.6121494286999116
5051,NC1CCCN(c2ccccc2F)C1,0.7376676607326821,2.2907182719961128
5052,Cc1cc(NC(=O)c2ccc(Cl)cc2)ccc1NS(=O)(=O)C(F)(F)F,0.8198525993540219,1.998311396911431
5053,CCCc1cc(OC)c(OCC(=O)OC)cc1O,0.7854031563949883,2.0203394448302205
5054,CCCC(=O)Nc1ccc(Cc2cccc3occc23)cc1,0.7364455703107481,1.9449284052636795
5055,CC(=O)N(C(=O)N=[S+]([O-])(c1ccc(C)cc1)N(C)C(C)=O)c1ccc(Cl)cc1,0.6986637308788362,3.9568416925050993
5056,Cc1cc(-c2c(F)cc3c(=O)c(Cc4ccc(O)cc4O)cn(C4CC4)c3c2F)cc(C)n1,0.44458071090653506,2.900026844214688
5057,CC(C)(CCCOc1ccc([S+]([O-])CCCC(C)(C)C(=O)O)cc1)C(=O)O,0.4076429556060653,3.6287463404496876
5058,CCCCc1cc(OC)c(OC)cc1OC,0.7429316037029979,1.6803135103133684
5059,CCn1c(O)cc(C)cc1=O,0.6504199589404025,2.43440458032906
5060,O=C(NCc1ccc(F)cc1)c1cc(Cl)ccc1O,0.9068484842253753,1.6156756488946193
5061,Nc1ccc2c(c1)N=C(O)CN2,0.5043924114802754,3.3013442763399645
5062,Oc1csc2ccccc12,0.611647612591496,2.1027738759593326
5063,Cn1c(=O)c2nc(-c3cccc(O)c3O)nnc2n(C)c1=O,0.5806481951215362,2.679874895648295
5064,CC(C)=CCNc1ncnc2c1ncn2[C@H]1CC[C@@H](CO)O1,0.8203283737212984,3.6331176219634322
5065,CCCCCCCCC(=O)c1c(O)cc(CCCCCCCC)oc1=O,0.29784165325337225,2.415178909906233
5066,CN(C)c1ncnc2c1ncn2Cc1cccc(Br)c1,0.7398821467923722,2.3348242974157287
5067,CS(=O)(=O)O.Cn1c(=N)n2nc(-c3ccco3)nc2c2ccccc21,0.4943237603874601,2.7090351728282265
5068,C#CCC(=O)Nc1ccc(Oc2cccc(OC)c2)cc1,0.853849732042508,1.9635297742783244
5069,C=CC[C@]1(O)CCC2C3CCC4=CC(=O)CCC4C3CC[C@@]21C,0.7653282369105839,4.378072207076414
5070,COc1ccc(-c2cc(OCCCC(C)(C)C(=O)O)ccc2OCCCC(C)(C)C(=O)O)cc1,0.3299302478757476,2.4487652115297163
5071,COC(=O)C(C)(C)CCCOc1ccc(C(=O)c2ccc(OCCCC(C)(C)C(=O)OC)cc2)cc1,0.18933256562646197,2.45471457121047
5072,COc1cc(OC)c(-c2coc3cc(OCc4cccc(F)c4)ccc3c2=O)cc1OC,0.3965574675370951,2.2762591219394714
5073,N#CN/C(=N\C(Cn1ccnc1)c1ccc(Cl)cc1Cl)Nc1ccc(Cl)cc1,0.25316275006432765,3.2950069617358686
5074,CC(C)(C)NCC(O)COc1ccc(NC(=O)c2cccs2)cc1C(=O)O,0.5502065627150103,2.6896922344205834
5075,CCCCOC(=O)c1cc(OC)c(CC(C)N)cc1OC,0.5892806816465844,2.519672197424402
5076,CC(C)(CCOc1ccc(OCCC(C)(C)C(=O)O)cc1)C(=O)O,0.6785908153432676,2.2764904962977095
5077,COc1ccc(S(=O)(=O)Nc2cccc(C)c2)cc1,0.9345809445170353,1.519917738880105
5078,COc1ccc(S(=O)(=O)Nc2c(C)cccc2C)cc1,0.9413379749862638,1.6604707604264028
5079,COc1ccccc1S(=O)(=O)Nc1c(C)cc(C)cc1C,0.9413413584858261,1.8667407864240726
5080,Cc1ccc(S(=O)(=O)Nc2c(C)cc(C)cc2C)cc1,0.9356811789877003,1.7683260518016937
5081,CC(C)Oc1cccc(CC(=O)N2CCCC(CC[N+]3(C)CCC4(CC3)c3ccccc3C[S+]4[O-])(c3ccc(Cl)c(Cl)c3)C2)c1.[I-],0.1894812200065036,4.958143472179825
5082,CC1(C(=O)Nc2ccc(-c3ccccc3S(N)(=O)=O)cc2)CC(c2cccc(C(=N)N)c2)=NO1,0.3165784915975033,3.069383758484074
5083,NC1=NC(c2ccc(F)cc2)Cc2c(F)cccc21,0.8386796502124476,2.971700732392595
5084,Oc1ccc2ccc3c4ccccc4ccc3c2c1,0.43820011289285854,1.7630401523157246
5085,Cn1cc(OCc2ccccc2)c(=O)cc1CNCCCCCCNc1ccnc2cc(Cl)ccc12,0.22085730974764448,2.5866261204523138
5086,CCCCCCCCOC(=O)[C@]12CCC(C)(C)CC1C1C(=O)C=C3[C@@]4(C)C=C(C#N)C(=O)C(C)(C)[C@@H]4CC[C@@]3(C)[C@]1(C)CC2,0.20403026734511592,4.940984461419134
5087,CCCCCCCCCCCCCCCCCC(=O)OCC1OC(O)C(NC(C)=O)C(O[C@H](C)C(=O)N[C@@H](C)C(=O)NC(CCC(=O)O)C(N)=O)C1O,0.0429319961631362,4.611908427245881
5088,C=CCC1Oc2ccc(F)c(OC)c2-c2ccc3c(c21)C(C)=CC(C)(C)N3,0.6649327179702071,3.554972417372765
5089,COc1cccc(N(C)c2ccc(NC(=O)C(C)C)cc2)c1,0.9048325013360594,1.8824552613481682
5090,COc1cc(OC)c(-c2coc3c4c(ccc3c2=O)OC(C)(C)C=C4)cc1OC,0.640627562959139,2.7527982548545573
5091,CC(C)(Oc1cccc(OC(C)(C)C(=O)O)c1)C(=O)O,0.8302159055029446,2.243930884148835
5092,COc1ccc(Oc2cnc(O)nc2)cc1,0.8528590711143106,2.265120047254687
5094,Cn1c2ccccc2n2c(=O)c(-c3ccc(Cl)cc3)nnc12,0.5430036215200802,2.2533848956482956
5095,O=C(O)c1ccccc1OCCCOc1cc2c(cc1O)CCO2,0.7594308155983982,2.1860093926187805
5096,CC(C)NCC(O)COc1ccc(NC(=O)c2cccs2)cc1,0.6941146080245258,2.4387836722955605
5097,O=S(=O)(c1cccc2cccnc12)N1Cc2ccccc2N(Cc2c[nH]cn2)C(CCc2ccccc2)C1,0.3182956139228286,3.2648823070369515
5098,CCCCc1cc(OC)c(CC(C)N)cc1OC,0.8100355704469198,2.4913875706946325
5099,O=C1[C@@H](NS(=O)(=O)c2nc3cc(Cl)ccc3[nH]2)CCN1Cc1cc2c[nH]ccc-2n1,0.43466900682429105,3.58261252405111
5100,CC(=O)c1ccc(S(=O)(=O)Nc2c(C)cc(C)cc2C)cc1,0.8761127220892091,1.8607027574475126
5101,CCOC(=O)c1cc(NC(=O)Cc2cccs2)ccc1OCC(O)CNC(C)(C)C,0.4969655370220036,2.7725587533331737
5102,Cc1cc(-c2c(F)cc3c(=O)c(-c4ccccc4)cn(C4CC4)c3c2F)cc(C)n1,0.42374123008280246,2.563621834935992
5103,COC(=O)C(C)(C)CCCOc1cc(OC)c(OCCCC(C)(C)C(=O)OC)cc1OC,0.30143973993960504,2.57100431842456
5104,CC(CCc1ccccc1)NCC(O)c1ccc(O)c(C(N)=O)c1,0.5968389616111595,2.8085671704560475
5105,CCCCCCCCCc1cc(O)cc(=O)o1,0.7033369168761949,2.247724274148249
5106,CN(CCCNc1ccnc2cc(Cl)ccc12)Cc1cc(=O)c(OCc2ccccc2)cn1C1CC1,0.25874634274482367,2.686378707096438
5107,CC(=O)Nc1ccc(Cc2cn(C3CC3)c3c(F)c(-c4cc(C)nc(C)c4)c(F)cc3c2=O)cc1,0.39594916993539536,2.7218693363817152
5108,FC(F)(F)c1nc(-c2cc(Cl)cc(Cl)c2)c[nH]1,0.8239877302796828,2.7967739397000884
5109,O=C1c2ccc(OCc3ccncc3)cc2CCC1CCN1CCC(c2ccccc2)CC1,0.4743345813029394,2.846529516631451
5110,C=CCc1cc2c(cc1O)CCO2,0.6987119477361096,2.5268958830649595
5111,CN(c1ncnc2c1ncn2Cc1ccccc1)C1CCCC1,0.7420801586715468,2.312325972068857
5112,COc1ccc(-c2coc3c4c(ccc3c2=O)OC(C)(C)C=C4)c(OC)c1,0.6763602875304604,2.698273330259074
5113,O=C1Nc2ccccc2C1(F)c1ccccc1,0.7970058639962803,2.6862685538588167
5114,CCc1ccc(Oc2cnc(O)nc2)cc1,0.8561012415804177,2.330172890064052
5115,CS(=O)(=O)Nc1ccc(-c2cncnc2)c2cccnc12,0.8000046435423226,2.324189774278322
5116,N=C(CP(=O)([O-])[O-])NCCC(=O)O.[Na+].[Na+],0.19274655669586646,4.2886614704522685
5117,O=C(/C=C/c1c(Cl)cccc1Cl)c1ccc(O)cc1,0.6632455053353995,1.9622892918554324
5118,O=C(/C=C/c1ccc(C(F)(F)F)cc1)c1ccc(O)cc1,0.6759096766537858,1.91121709523323
5119,CCCCN1C(=O)c2cccc3c(-n4cc(-c5ccccc5)nn4)ccc(c23)C1=O,0.46646777115270693,2.339992865629437
5120,CC(C)(CNC(=O)C1CCCCC1)NCC(O)COC(=O)c1ccccc1F,0.5600651240188665,2.7973117990139738
5121,COc1cc(OC)c(-c2coc3cc(OCc4ccccc4Br)ccc3c2=O)cc1OC,0.3203729528515126,2.330706459217579
5122,O=S(=O)(c1ccc(O)cc1)N1Cc2ccccc2N(Cc2c[nH]cn2)C(CCc2ccccc2)C1,0.40427227977466534,3.150921658595564
5123,Cc1cc(=O)oc2cc(Oc3nc(-c4ccc(B(O)O)cc4)cn4c(-c5ccc(B(O)O)cc5)cnc34)ccc12,0.18515229046863593,3.203799054299613
5124,COCCn1cc(CNC(=O)NCC(F)F)cn1,0.7555418030483545,2.502571425991915
5125,COc1cc(OC)c(Cl)c(-c2ccc3c(NC(=O)c4ccc(N5CCN(CCO)CC5)cc4)n[nH]c3n2)c1Cl,0.2866875325550334,2.828078931930518
5126,O=C(N/N=C/c1ccc(O)c(F)c1)c1nc(-c2cc3ccccc3oc2=O)cs1,0.3048251818879375,2.5841171921421715
5127,CN(C1CC1)S(=O)(=O)c1ccc(-c2cnc(N)c(-c3ccc4c(c3)CCNC4=O)n2)cn1,0.6063863848656423,2.9137340500882463
5128,CC(=O)OCC1=C(C(=O)[O-])N2C(=O)/C(=C/C=O)[C@H]2SC1.[Na+],0.16937412175415972,4.267301936106772
5129,NNc1[nH]ncc2c3cc(OCc4ccccc4)ccc3nc1-2.O=S(=O)(O)O,0.19523728256171682,2.630718787266213
5130,Oc1ncncc1Oc1ccc(Cl)c(Cl)c1,0.8963239350330637,2.4170653984252546
5131,Oc1ncc(Sc2ccccc2)cn1,0.8151139054907189,2.6224381841912
5132,Cc1cc(C)c(NS(=O)(=O)c2ccc(Cl)cc2)c(C)c1,0.9287892386146036,1.7864157953914361
5133,CCCc1ccc(S(=O)(=O)Nc2c(C)cc(C)cc2C)cc1,0.8900300169069518,1.8625964341098342
5134,C=CCc1cc(C)c(NS(=O)(=O)c2ccc(OC)cc2)c(C)c1,0.8182863803941169,2.1179617509958124
5135,Oc1ccc2c(c1O)CCC[C@H]2C1=NCCN1,0.6431269714265511,3.3819925726971203
5136,COc1cccc(Oc2ccc(NC(=O)CC(C)C)cc2)c1,0.85560372150973,1.6688906028443249
5137,Cc1cc(-c2c(F)cc3c(=O)c(Cc4ccccn4)cn(C4CC4)c3c2F)cc(C)n1,0.4539573534252652,2.7928108654061106
5138,Cc1noc2c(Cl)c3c(cc12)CC(C(=O)O)O3,0.8432476909823738,3.363243629846658
5139,c1ccc2c(C3CO3)c3ccccc3nc2c1,0.4641964129468403,2.4587521142983775
5140,CC1(c2ccccc2)Cc2cc(OCC(=O)O)c(Cl)c(Cl)c2C1=O,0.8841225381974629,2.9771295812030836
5141,CC1(C)CC[C@]2(C(=O)Nc3ccccc3)CC[C@]3(C)C(C(=O)C=C4[C@@]5(C)C=C(C#N)C(=O)C(C)(C)[C@@H]5CC[C@]43C)C2C1,0.3949460579277767,4.823579908020937
5142,NC(CCC(=O)Nc1cccc(O)c1)C(=O)O,0.5970776955036753,2.3033385490809852
5143,O=C(NCCc1c[nH]c2ccccc12)c1ccccc1Br,0.7414104624563673,1.8114073026515882
5144,CCCn1cc(CCN(C)C)c2cc(OC)ccc21,0.7935036315409458,2.1146962584737192
5145,C=CCC1Oc2c(Br)ccc(OC)c2-c2ccc3c(c21)C(C)=CC(C)(C)N3,0.5515372424349511,3.6424893404496883
5146,COc1cc(O)c2c(=O)c(-c3cccc(Cl)c3)cn(C)c2c1,0.7862128834554566,2.2942058288134906
5147,COC(OC)C1(C)NC(=O)c2ccccc2N1,0.7735661265145534,3.442555577473499
5148,COc1ccc(NC(=O)N[C@@H](CCSC)C(=O)N[C@@H](CC(C)C)C(=O)NC(Cc2ccccc2)C(=O)O)cc1,0.22549281691681833,3.1990599178440817
5149,CSC1CN(Cc2ccccc2)C(=O)C1=O,0.7417062687389955,2.9275315462676907
5150,CC1CN(Cc2ccccc2)C(=O)C1=O,0.6779230520250398,2.6056153106023956
5151,COc1ccc(S(=O)(=O)N2CCN(C(C)C)C(=O)C[C@@H]2C(=O)NO)cc1,0.5525189819275912,2.869813219723678
5152,O=C(CCCOc1ccc2c(c1)CCC(=O)N2)NO,0.4239064253236454,2.211979712755287
5153,COC(=O)Nc1cc(NC(=O)c2cccs2)cc(C(F)(F)F)c1,0.8769097082705126,2.133469443303504
5154,C#CC1Cc2sccc2C(N)=N1,0.588596721635363,4.294594858571539
5155,CCCC[C@@H](C[C@@H](CCc1ccc(-c2ccc(C(=O)O)cc2)cc1)C(=O)N[C@H](C(=O)NC)C(C)(C)C)C(=O)O,0.2626617148955086,3.482012602894878
5156,CCCNC(=O)N1CCN(c2cc(N)c3cc(OC)c(OC)cc3n2)CC1,0.8335119093149166,2.2939237351173727
5157,O=C(O)CN(C(=O)c1cccc([N+](=O)[O-])c1)c1ccc([N+](=O)[O-])cc1,0.6239736810950041,2.1272482950001717
5158,CCCC[C@@H](C[C@@H](CCc1ccc(/C=C/c2ccccc2)cc1)C(=O)N[C@H](C(=O)NC)C(C)(C)C)C(=O)O,0.2677467519376055,3.5294080427914745
5159,CCOC(=O)/C=C(C)/C(F)=C/C=C(C)/C=C/c1c(Cl)cc(OC)c(C)c1Cl,0.28586505369648946,3.2800817310687913
5160,CCCC[C@@H](C[C@@H](CCc1ccc(OCc2ccccc2)cc1)C(=O)N[C@H](C(=O)NC)C(C)(C)C)C(=O)O,0.2904485563834606,3.410795295538728
5161,CCN1CCC[C@@H]1CNC(=O)c1c(OC)ccc(I)c1O,0.7394882849342255,2.906942712571688
5162,C=CCOc1ccc2c(c1OC)-c1ccc3c(c1C(CC=C)O2)C(C)=CC(C)(C)N3,0.5556901873248226,3.610688092668539
5163,COC(=O)C(C)(C)CCCSc1ccc(Cl)c(SCCCC(C)(C)C(=O)OC)c1,0.20183652097170712,2.835802199627734
5164,COC(=O)c1ccc(OCCCC(C)(C)C(=O)OC)cc1OCCCC(C)(C)C(=O)OC,0.24964529312038927,2.5897030661884237
5165,CC(C)CCNC(=O)c1cccnc1NCCC(C)C,0.7661697431166632,2.080253417769061
5166,CCCc1ccc(CC[C@H](C[C@H](C)C(=O)O)C(=O)N[C@@H](CC(C)C)C(=O)Nc2ccccc2)cc1,0.3341401181403079,3.1842140983631753
5167,CC(NCCc1ccc(Cl)cc1)C1CCC2C3CC=C4CC(O)CCC4(C)C3CCC12C,0.47815032259694157,4.16752000990364
5168,CCOC(=O)[C@]12CCC(C)(C)CC1C1C(=O)C=C3[C@@]4(C)C=C(C#N)C(=O)C(C)(C)[C@@H]4CC[C@@]3(C)[C@]1(C)CC2,0.37598356893000134,4.92647142398879
5169,CNC(=O)OC[C@@]1(O)CO[C@@H](n2cnc3c(N)ncnc32)[C@@H]1O,0.520629696219511,4.023157212889474
5170,CC(=O)OCC1=C(C(=O)[O-])N2C(=O)/C(=C\Br)[C@H]2SC1.[Na+],0.22461424594694393,4.239791647375885
5171,CCN(CC)CCNc1ccc2ncn3c4c(O)cccc4c(=O)c1c23,0.5234011058259932,2.731207452041623
5172,CN[C@H](C(=O)N1CCC[C@H]1C(=O)N[C@@H](CCCN=C(N)N)C(=O)O)c1ccccc1,0.19527891234522463,3.325375447978205
5173,COC(=O)C(C)(C)CCCOc1ccc(-c2ccccc2)c(OCCCC(C)(C)C(=O)OC)c1,0.26134034195481676,2.5104231546161415
5174,CN1CC=C(c2c(O)cc(O)c3c(=O)cc(-c4ccccc4)oc23)CC1,0.7395339021650589,2.6903182628524345
5175,N=C(N)NCCC[C@H](NCC1CCc2ccccc2C1)C(N)=O,0.27250494200057634,3.1893651789170354
5176,BrC1=NOC2CC3CNCC(C3)C12,0.6982670559638363,5.540716311130458
5177,COc1ccc([C@@H]2[C@@H](C(=O)O)[C@H](c3ccc4c(c3)OCO4)CN2CCOc2ccccc2)cc1,0.5345902307881005,3.257005416079916
5178,O=C(O)c1cc2c3cc([N+](=O)[O-])ccc3nc(O)n2n1,0.5296053821689718,2.702894816370458
5179,COc1ccc(OC)c(Cn2cnc(C(=O)NCc3ccc(-c4ccccc4)cc3)n2)c1,0.4599436200607682,2.193573156787995
5180,Cc1cc(-c2c(F)cc3c(=O)c(Cc4ncc[nH]4)cn(C4CC4)c3c2F)cc(C)n1,0.5384543876951619,2.9848201865843453
5181,Cc1ccc(NC(=S)OC(Cn2ccnc2)c2ccc(Cl)cc2Cl)cc1,0.5558262348969367,2.9559028306532884
5182,O=C(N[C@@H](Cc1c[nH]c2ccc(O)cc12)C(=O)O)c1ccccc1Br,0.5259604334081674,2.5632938675355614
5183,CCN(CC)CCNc1ccc2ncn3c4c(OC)ccc(OC)c4c(=O)c1c23,0.4630357984243834,2.7452200809958978
5184,COc1ccc2nc(C(F)(F)F)oc(=O)c2c1,0.7724663895803168,2.3429602273255057
5185,COc1ccc(Oc2ccc(-c3cnc(-c4cc(O)c(O)c(Br)c4)o3)cc2)cc1,0.3609769427360424,2.318948332086565
5186,CC(=O)c1cc[nH]c(=O)c1,0.5753021543201429,2.2649616743678216
5187,Cc1c(C(=O)N2CCC(C(F)F)CC2)cnn1-c1nc2c(c(=O)[nH]1)CCC2,0.8851459132470856,3.0008263666963213
5188,N#CCOc1cccc(CN)c1,0.7221531938897706,1.9813822853897385
5189,N#CC(C(=O)NCC(=O)NC1CC1)c1nc2ccc(-c3ccc4c(c3)C(=O)NC4)cc2s1,0.5366697985373965,3.2593943145832576
5190,COc1cc(-c2nc(N)[nH]c2-c2cccnc2)cc(OC)c1OC,0.7483373687703588,2.331138007609928
5191,CC1=C/C(=C\C(C)C)C(=O)C(C)(O)C12CC2,0.6896755143552015,4.492367750395305
5192,CC(=O)NC1C(O)OC(C(COC(C)=O)OC(C)=O)C1OC(C)C(=O)N[C@@H](C)C(=O)NC(CCC(=O)O)C(N)=O,0.10518068376040235,4.556049527172801
5193,COc1cc(CC(C)N)c(OC)cc1O,0.7874885522897372,2.5002511897232758
5194,CC(C)(CCCOc1ccc(OCCCC(C)(C)C(=O)O)c(-c2ccc(Cl)cc2)c1)C(=O)O,0.31836716743686716,2.453019506936581
5195,NCCCC[C@H](N)C(=O)O,0.4571771584965572,2.473668295583039
5196,CC(C)NCC(O)COc1ccc(NC(=O)c2cccs2)cc1C(=O)OC(C)C,0.5104820742448338,2.750006453979047
5197,COc1ccc2[nH]cc(CCNC(C)=O)c2c1,0.8449349532973586,1.9080261972251726
5198,CC(=O)OCC1=C(C(=O)[O-])N2C(=O)C(=C(Cl)Cl)[C@H]2S(=O)(=O)C1.[Na+],0.20693384589572852,4.3903518624608315
5199,CC(C)(CCCOc1ccc(OCCCC(C)(C)C(=O)O)c(C(=O)O)c1)C(=O)O,0.41709121166534113,2.464364621820925
5200,CCn1ncc2c(NCc3ccc(OC)c(Cl)c3)c(C(=O)NCCCN3CCCC3=O)cnc21,0.42718702842727224,2.615957618989233
5201,COC(=O)C(C)(C)CCCOc1ccc(C)c(OCCCC(C)(C)C(=O)OC)c1,0.36835630220298193,2.510527643414717
5202,CC(C)c1ccc(Oc2cnc(O)nc2)cc1,0.8797964377673848,2.3694521587636324
5203,N#Cc1ccc(S(=O)(=O)N2Cc3ccccc3N(Cc3c[nH]cn3)C(CCc3ccccc3)C2)c(Cl)c1,0.3559034718732041,3.331335960902103
5204,Cc1[nH]cnc1CN1c2ccccc2CN(S(=O)(=O)c2ccc(C(C)(C)C)cc2)CC1CCc1ccccc1,0.3006817862958001,3.1610643313322075
5205,Cc1[nH]cnc1CN1c2ccccc2CN(Cc2ccc(C(C)(C)C)cc2)CC1CCc1ccccc1,0.30047506583777905,3.0644791672284875
5206,CCOC(=O)C(C)(C)CCCCCCOc1ccc(OCCCCCCC(C)(C)C(=O)OCC)cc1,0.13446607655279144,2.4521227715474048
5207,CCCCCCCCCCCCCCCc1cccc(O)c1O,0.2944712769380911,2.0025243883584505
5208,COc1c2c(cc(O)c1-c1ccccc1)OCO2,0.8820003695717977,2.131742349068837
5209,CCOC(=O)c1cc(NC(=O)c2ccsc2)ccc1OCC(O)CNC(C)C,0.5251496736261502,2.724857361144151
5210,CCCC(=O)Nc1ccc(C(=O)c2cccc(OC)c2)cc1,0.8277335171168659,1.6254092132661597
5211,Clc1ncnc2c1ncn2C[C@@H]1C[C@H]2CC[C@@H]1C2,0.781900013104353,4.283379299329265
5212,NCCCNCc1ccc2ccccc2c1,0.7493222165523689,1.708922288768953
5213,CN(Cc1cnc2nc(N)nc(N)c2n1)c1ccc(C(=O)NC(CCC(=O)NC(CCC(=O)O)C(=O)O)C(=O)O)cc1,0.12727001311770192,3.577835375710821
5215,N=C(N)c1ccc(C(=O)Nc2cccc(CCC(=O)O)c2)cc1,0.4832584025334049,1.792404676819988
5217,CC(C)C[C@H](NC(=O)[C@H](CCc1ccccc1)N[C@H](C)C(=O)O)C(=O)Nc1ccccc1,0.40619356740890394,3.0109419551076018
5218,CCCn1c(=O)[nH]c2[nH]c(-c3ccc(S(=O)(=O)Oc4cccc([N+](=O)[O-])c4)cc3)nc2c1=O,0.2345251783452081,2.7992144567693558
5219,O=C(C[C@@H](Cc1ccc(-c2cccc(F)c2)cc1)C(=O)N[C@H]1c2ccccc2C[C@H]1O)NO,0.3292230027908525,3.3028124900191607
5220,Cc1c(S(=O)(=O)N[C@H]2CCN(Cc3cc4c[nH]ccc-4n3)C2=O)sc2ccc(Cl)cc12,0.4599468688802428,3.522599431864413
5221,O=C1[C@@H](NS(=O)(=O)c2cc3ccnc(Cl)c3s2)CCN1Cc1cc2c[nH]ccc-2n1,0.4441358230876645,3.676544187736262
5222,COc1cc2c(=O)c3c(NCCCN(C)C)ccc4ncn(c2cc1OC)c43,0.39280548983312896,2.5700620724133927
5223,C[C@@H](CC[C@H]1C(CO)=CC[C@H]2C(C)(C)CCC[C@]12C)CC(=O)OCCCCCN1CCOCC1,0.2248838975453747,4.102307348426736
5224,O=C1OC(=O)C23CCCC12C1CCC3O1,0.4359456166149641,5.385268064258473
5225,COC(=O)C(C)(C)CCCOc1ccc(OCCCC(C)(C)C(=O)OC)c(Br)c1,0.30839472862045025,2.570554270633652
5226,Cc1nc(O)c(N)cc1-c1ccc(-n2ccnc2)cc1,0.7468721078096491,2.590302839925851
5227,CC(=O)OCC1=C(C(=O)[O-])N2C(=O)C(=C(Cl)Cl)[C@H]2SC1.[Na+],0.23335566929624818,4.193369768274605
5228,O=c1cc(-c2ccccc2)oc2cc(O)c(O)c(O)c12,0.5910546660911952,2.2485006855013268
5229,Cn1cc(C2=NCC3(CN4CCC3CC4)O2)c2cc(O)ccc21,0.8775353278394088,4.702645149246434
5231,Cc1ccc(CCCC[C@@H]2N[C@@H](CO)[C@H](O)[C@H]2O)cc1,0.5802758268226561,3.452743218977572
5232,CC(Cc1ccc(O)c(O)c1)C(C)Cc1ccc(O)c(O)c1,0.636536149264244,3.0273989406447503
5233,CN(C)CCNc1ccc2c(CN(CCO)CCO)nn3c4cccc(O)c4c(=O)c1c23,0.2697526369972156,3.046863280857475
5234,O=C(c1ccc(Cl)cc1)C(Nc1ccc(Cl)cc1)NC(Cn1ccnc1)c1ccc(Cl)cc1Cl,0.17701901255254993,3.365673487934937
5235,O=C(NCCCn1cncn1)c1cccs1,0.7924147333973629,2.193723270765682
5236,CC[C@H]1CC2C(CCC3(C)C(=O)CCC23)C2(C)C=CC(=O)C=C12,0.7141681268421906,4.339864943762805
5237,CC(C)(C)c1ccc(S(=O)(=O)N2Cc3ccccc3N(Cc3ncc[nH]3)C(CCc3ccccc3)C2)cc1,0.3233221088191737,3.1223405198104155
5238,COc1cccc(Oc2cnc(O)nc2)c1,0.8528590711143106,2.355809344913549
5239,CC(C)(C)c1ccc(S(=O)(=O)N2Cc3ccccc3N(Cc3c[nH]cn3)C(CCc3ccccc3)C2)cc1,0.3233221088191737,3.2103296517793654
5240,CCC[C@H]1CC2C(CCC3(C)C(=O)CCC23)C2(C)C=CC(=O)C=C12,0.7238026118998017,4.323486117718141
5241,COc1cc(CC(C)N)c(OC)cc1CCCc1ccccc1,0.8066217763214018,2.418229589455322
5242,Oc1ccc(OC2CCCCO2)cc1,0.7846408346989762,2.439865832971723
5243,Cc1cccc(C)c1NC(=O)N=C1CCCN1C,0.826352054860161,2.467036656761147
5244,NC1=NC(c2cccs2)Cc2ccccc21,0.8004487247283727,3.007912757396987
5245,CC12C(=O)OC(=O)C1(C)C1CCC2O1,0.4212459594629735,5.2108239484332035
5246,N=C(NCCC(=O)O)NP(=O)([O-])[O-].[Na+].[Na+],0.16852292412467682,4.217326085836884
5247,CON(C)C(=O)/C=C1/C(=O)N2C(C(=O)[O-])=C(COC(C)=O)CS[C@H]12.[Na+],0.15434028348218584,4.198684247924403
5248,O=C1CC2(CCCC2)CC(=O)N1CCCCN1CCN(c2ncccn2)CC1,0.551662995519089,2.9974214973831472
5249,CON(C)CCc1c[nH]c2ccccc12,0.7732698182534702,2.349929540986386
5250,CO[C@H]1O[C@H](CO)[C@H](O)[C@H](OCc2cc3ccccc3o/c2=N\S(=O)(=O)c2ccccc2)[C@H]1O,0.4341088549447665,3.9769722468003694
5251,N#CN/C(=N\C(Cn1ccnc1)c1cc(C(F)(F)F)ccc1C(F)(F)F)Nc1ccc(Cl)cc1Cl,0.12851099336214442,3.605093576016378
5252,NC(=O)Nc1ccc(S(=O)(=O)F)cc1,0.7204065567509438,1.9894489848605375
5253,CC(C)(C)c1nn2c(=O)cc(-c3cccc(C#N)c3)[nH]c2c1-c1ccc(Cl)cc1,0.5016615575582667,2.768157229213534
5254,Cc1cc(C(=O)CSc2nc3ccccc3[nH]2)c(C)n1-c1ccc(F)cc1,0.3883473571052985,2.1838008869129464
5255,COc1ccc2c(c1)sc(=NC(=O)CSCC(=O)Nc1nccs1)n2C,0.6773287846880819,2.601242587176758
5256,COCC1(CNC(=O)NCCC2(C)OCCO2)CCC1,0.7389863461794355,3.05964793824858
5257,O=C(CCCCCn1cc(Nc2ncc(Cl)c(Nc3ccccc3Cl)n2)cn1)NO,0.2036712013840311,2.5565887017900675
5258,O=C1[C@@H](NS(=O)(=O)c2cc3nc(Cl)ccc3s2)CCN1CCNc1ccncc1,0.5341088676382418,3.2422180387797876
5259,Sc1nc(-c2cc(Cl)cc(Cl)c2)c(-c2cc(Cl)cc(Cl)c2)[nH]1,0.47178943061101847,2.6984272663923043
5260,COC(=O)C(C)(C)CCCOc1cccc(OCCCC(C)(C)C(=O)OC)c1[N+](=O)[O-],0.1932489082278562,2.7422855386348353
5261,COc1c2c(cc(O)c1-c1cccs1)OCO2,0.8899174549853166,2.4927538659849837
5262,COc1c(CC(N)C(=O)O)cc([N+](=O)[O-])cc1[N+](=O)[O-],0.5628536814491484,2.850899931399553
5263,O=C(O)CNC(=O)c1ccccc1[N+](=O)[O-],0.5680922534735211,1.7601595665826792
5264,O=C(O)CNC(=O)c1ccc([N+](=O)[O-])cc1,0.5680922534735212,1.6618132338456473
5265,COc1cc2nc(N(C)C)nc(N)c2cc1OC,0.8820615006060591,2.1912151120201706
5266,O=C(NCCNS(=O)(=O)c1ccccc1)C(=O)[C@H](Cc1ccccc1)NC(=O)C1Cc2cc3c(cc2S(=O)(=O)N1)OCCO3,0.16571535416949298,3.728604985965208
5267,CCN1C(C(=O)N[C@@H](Cc2ccccc2)C(=O)C(=O)NCCCN2CCCC2=O)Cc2cc3c(cc2S1(=O)=O)OCCO3,0.27970349550510043,3.7948608047593932
5268,CCCCCC1CC1CC1CC1CCCCCCCC(=O)O,0.3968664934500248,3.597134571981684
5269,O=C(/C=C/c1ccccc1)Oc1ccc(C(=O)/C=C/c2ccccc2)cc1,0.26436638728073797,1.942200548011341
5270,Cc1nc(O)c(C#N)cc1-c1ccc(-n2ccnc2)cc1,0.7805852183221793,2.6182959281244766
5271,COc1ccc(Cl)c(C2(F)C(=O)Nc3c(C#N)cccc32)c1,0.9234653251217209,3.2226047383204914
5272,CCOC(=O)C(CNC(=O)N(C)N=O)NC(=O)c1ccc(N(C)Cc2cnc3nc(N)nc(N)c3n2)cc1,0.15821570311510996,3.537004312531458
5273,O=C(O)C1C2C=CC(O2)C1C(=O)O,0.576671060757388,4.441730943866143
5274,CCNC(=O)NCC1(C(=O)Nc2ccc(-c3ccccc3S(N)(=O)=O)cn2)CC(c2ccc(Cl)c(N)c2)=NO1,0.2562510375450371,3.508928971130791
5275,NC1=NC(c2ccc(F)cc2)Cc2ccccc21,0.8174310826560314,2.681420272059203
5276,CC1(C)CC[C@]2(C(=O)N3CCCCC3)CC[C@]3(C)C(C(=O)C=C4[C@@]5(C)C=C(C#N)C(=O)C(C)(C)[C@@H]5CC[C@]43C)C2C1,0.3403997872075556,4.930094603180432
5277,Nc1cc(C2=NOC(CNC=O)(C(=O)Nc3ccc(-c4ccccc4S(N)(=O)=O)cn3)C2)ccc1Cl,0.254252722863951,3.5680872938632398
5278,O=C1C=CC(=O)C(CCC(=O)O)=C1,0.6411801066741566,2.5302340357231117
5279,N#Cc1ccc(C(=O)C(Nc2ccc(Cl)cc2)NC(Cn2ccnc2)c2ccc(Cl)cc2Cl)cc1,0.19639722811857654,3.4714256462473223
5280,COC(=O)C(C)(C)CCCOc1ccc(OCCCC(C)(C)C(=O)OC)c(C(C)=O)c1,0.2534763336125402,2.5911505988757995
5281,Cc1c(S(=O)(=O)N[C@H]2CCN(Cc3cc4[nH]cccc-4n3)C2=O)sc2ccc(Cl)cc12,0.4599468688802428,3.4750473339623156
5282,O=S(=O)(c1cccc2ccccc12)N1Cc2ccccc2N(Cc2c[nH]cn2)C(CCc2ccccc2)C1,0.2944249693378176,3.1783623894545325
5283,CC(C)(CCCOc1ccc(OCCCC(C)(C)C(=O)O)c(-c2ccccc2)c1)C(=O)O,0.37560462209691803,2.394368560577755
5284,CCn1ncc2c(NCc3ccc(OC)c(Cl)c3)c(C(=O)NC[C@@H]3CCCO3)cnc21,0.5521128506218773,2.962023714884765
5285,Cc1ccc(C)c(OCCCC(C)(C)C(=O)O)c1,0.7849558299886599,2.0048308106072987
5286,COC(=O)C(C)(C)CCCOc1cccc(OCCCC(C)(C)C(=O)OC)c1C(C)=O,0.2534763336125402,2.6580592179675495
5287,S=C(Nc1ccccc1)OC(Cn1ccnc1)c1ccc(Cl)cc1Cl,0.5948661770489645,2.9229677686344626
5288,COC(=O)c1cc(Nc2ccc(F)cc2)c(Nc2ccc(F)cc2)cc1C(=O)OC,0.5535839007433162,2.1748102964744547
5289,Nc1nc(O)c2nc(N)n(COCCI)c2n1,0.4058359206611308,3.371757252871653
5290,CCCOC(=O)c1cc(NC(=O)c2cccs2)ccc1OCC(O)CNC(C)(C)C,0.49361184450082946,2.785340588365612
5291,Cc1cc(-c2c(F)cc3c(=O)c(C(=O)O)cn(C4CC4)c3c2F)cc(C)n1,0.7566328819837873,2.6271202716378106
5292,CCCCOC(=O)C(=O)/C=C1\C=C(OC)C=C(O)O1,0.34180977162562626,3.3156888843529195
5293,CCN(CC)CCOC(=O)C[C@@H](C)CC[C@H]1C(CO)=CC[C@H]2C(C)(C)CCC[C@]12C,0.35595206286735076,4.156616365195944
5294,c1ccc2c(CNCc3c[nH]c4ccccc34)cccc2c1,0.5630582572149394,1.8311457348091338
5295,N[C@H](CCC(=O)O)C(=O)N(Cc1ccc2ccccc2c1)Cc1cccc2ccccc12,0.42723807286770515,2.6112410674958966
5296,CC(C)(C)C#CC1Cc2ccsc2C(N)=N1,0.6854571921906604,4.107057140673286
5297,Cn1c(=O)c2ccccc2n1Cc1ccccc1,0.6731089829803608,1.9882163135658786
5298,O=C([O-])[C@H]1/C(=C/CO)O[C@@H]2CC(=O)N21.[Na+],0.37103444372676975,4.80463947149268
5299,CCN(CC)CCNc1ccc2ncn3c4cc5c(cc4c(=O)c1c23)OCO5,0.5205283932549468,2.758681048936168
5300,COc1cc(C(=O)O)c(OC)cc1CC(C)N,0.8087451790214876,2.449120421990685
5301,COc1cc2nc(N3CCN(c4nccc(N(C)C)n4)CC3)cc(N)c2cc1OC,0.6791152711680889,2.5626457974440733
5302,O=C(NCCCn1ccnc1)c1cc2ccccc2o1,0.7236630422743278,2.111805495521816
5303,c1ccc2c(c1)c(C1=NCC3(CN4CCC3CC4)O1)cn2CC1CC1,0.861360879026819,4.585687015527407
5304,Nc1nc(O)c2nc(N)n(CCCCCC(=O)O)c2n1,0.5522502380769063,2.7441538373494794
5305,N#Cc1ccc(S(=O)(=O)N2Cc3ccccc3N(Cc3c[nH]cn3)C(CCc3ccccc3)C2)cc1,0.4060080184148667,3.20643072983321
5306,C[C@](N)(Cc1ccc(O)c(O)c1)C(=O)O,0.5430485662212737,2.7489628169422122
5307,CC12CCCCC1(Cl)[N+]([O-])=[N+]2[O-],0.2529222116144015,5.169201279481216
5308,COc1cc(CC(C)N)c(OC)cc1C#N,0.833765846252463,2.678642243942109
5309,COc1ccc2[nH]c3c(O)c(-c4c(C)cc5c([nH]c6ccc(OC)cc65)c4O)c(C)cc3c2c1,0.24140687920801426,2.7794916693460934
5310,CC1(C(=O)O)C2CCC(O2)C1C(=O)O,0.6710352777870916,4.844382827960503
5311,CCCCOC(=O)[C@]12CCC(C)(C)CC1C1C(=O)C=C3[C@@]4(C)C=C(C#N)C(=O)C(C)(C)[C@@H]4CC[C@@]3(C)[C@]1(C)CC2,0.2679477286860369,4.944511236018551
5312,N=C(CP(=O)([O-])[O-])NCC(=O)O.[Na+].[Na+],0.19301188518420567,4.532373374153677
5313,CCCCN1CCCC(c2cccc(O)c2)C1,0.8615451682319023,2.3796638442826783
5314,CCN1CCCC(c2cccc(O)c2)C1,0.8018567788658874,2.398126708506819
5315,C=C1CC2(CC3CCC2C3)OC1=O,0.4189227038536339,5.425895648095997
5316,CCN1C(C(=O)N[C@@H](Cc2ccccc2)C(=O)C(=O)NCCNS(=O)(=O)c2ccc(F)cc2)Cc2cc3c(cc2S1(=O)=O)OCCO3,0.18454980288924033,3.7968465341757547
5317,C=CCC1Oc2cccc(OCC)c2-c2ccc3c(c21)C(C)=CC(C)(C)N3,0.6419169466065983,3.4236911785063677
5318,C=CCC1Oc2ccc(Br)c(OC)c2-c2ccc3c(c21)C(C)=CC(C)(C)N3,0.5515372424349512,3.597747801988149
5319,COc1cc(CC(C)N)c(OC)cc1N,0.7318966070383122,2.5514265743386595
5320,COC(=O)c1cnc(C(C)=O)s1,0.5116507385950749,2.549427619100145
5321,CC(C)(C)C(=O)OC(CCCCCCCCCCCCC(OC(=O)C(C)(C)C)C1=CC(=O)OC1OC(=O)Nc1ccccc1)C1=CC(=O)OC1OC(=O)Nc1ccccc1,0.06913123808561943,4.707569602381534
5322,COc1cc2nc(N3CCNCC3)cc(N)c2cc1OC,0.8852168288612143,2.2938897742783233
5323,Cc1cc(O)c(C(C)C)cc1C(c1ccccc1)c1cc(C(C)C)c(O)cc1C,0.455933111403919,2.537516722884419
5324,C=CCC1Oc2cccc(CN)c2-c2ccc3c(c21)C(C)=CC(C)(C)N3,0.7286191381959972,3.5976042147560436
5325,COc1c(CC(NC(=O)OC(C)(C)C)C(=O)O)cc([N+](=O)[O-])cc1[N+](=O)[O-],0.525855483136975,2.8714136481419956
5326,Oc1cccc([C@H]2CCCNC2)c1,0.685907621656123,2.5524930233573357
5327,Cn1nnnc1C(/C=C/C(O)CC(O)CC(=O)[O-])=C(c1ccc(F)cc1)c1ccc(F)cc1.[Na+],0.27645361211928127,3.994987196972822
5328,CCOC(=O)C1CC2OC1C(C(=O)O)C2C(=O)O,0.6680602864565449,4.610128317673416
5329,CN(C)CC(=O)Nc1ccc(C(=O)Nc2cc(C(=O)NCCn3nc4c5c(cccc53)C(=O)c3ccccc3-4)n(C)c2)n1C,0.2362203475512833,3.111433139479918
5330,C[C@@H](CC[C@H]1C(CO)=CC[C@H]2C(C)(C)CCC[C@]12C)CC(=O)OCCCN1CCCCC1,0.25406384427041145,4.051164825322733
5331,N#CN/C(=N/c1cccc(Cl)c1)NC(Cn1ccnc1)c1ccc(Cl)cc1Cl,0.25866589392349226,3.410457923274329
5332,Cc1cccc(Oc2cnc(=O)[nH]c2)c1,0.808314134929686,2.287988932757404
5333,CC(C)(CCCOc1ccc(OCCCC(C)(C)C(=O)O)c(Cl)c1)C(=O)O,0.4855000857740023,2.4130355772226384
5334,Cc1cc(Oc2cnc(O)nc2)ccc1Cl,0.8711277150923541,2.499862321502178
5335,Cc1cc(-c2c(F)cc3c(=O)c(Cc4ccccc4CO)cn(C4CC4)c3c2F)cc(C)n1,0.4480745582201814,2.8171753263345742
5336,C=CCOc1cccc2c1-c1ccc3c(c1C(CC=C)O2)C(C)=CC(C)(C)N3,0.6040082954282071,3.564055893089324
5337,C=CCC1Oc2ccc(O)c(OC)c2-c2ccc3c(c21)C(C)=CC(C)(C)N3,0.6884551807395737,3.571153955834303
5338,Cc1cc(O)c(=O)c(O)cc1C(=O)c1ccco1,0.7854332755269267,2.5233052219102827
5339,Oc1ncc(Oc2ccc(Br)cc2)cn1,0.9084150905662803,2.424386428285132
5340,O=C(NCc1ccc(-c2ccccc2)cc1)c1nc[nH]n1,0.7695184755646064,2.2819024293651715
5341,NCCCC[C@H](NC(=O)[C@H](CO)NC(=O)[C@@H]1CCCN1C(=O)[C@@H](N)Cc1ccccc1)C(=O)N1CCC[C@H]1C(=O)O,0.1459250885179714,3.7637807524341795
5342,CC(C)(CCCOc1ccc(Sc2ccc(OCCCC(C)(C)C(=O)O)cc2)cc1)C(=O)O,0.30696834230785114,2.4987653057531496
5343,Oc1cccc([C@@H]2CCCN3CCCC23)c1,0.7815348046726011,2.84615400970649
5345,C=CCC1Oc2cccc(OCC3CC3)c2-c2ccc3c(c21)C(C)=CC(C)(C)N3,0.5750101038542296,3.499920900508126
5346,C#CCOc1cccc2c1-c1ccc3c(c1C(CC=C)O2)C(C)=CC(C)(C)N3,0.5294176118608009,3.6503489797495003
5347,CCCCCCC[C@H]1OC(=O)C[C@@H](O)[C@H](Cc2ccccc2)N(C)C(=O)[C@H](CCSC)OC(=O)[C@H]1C,0.3408802427318259,4.655414065529245
5348,COc1cccc(Oc2ccc(NC(C)=O)cc2)c1,0.9121669572069366,1.5057233024988772
5349,C=C1CCC[C@H]2[C@](C)(CC3=C(O)C(=O)C=C(NCCc4ccccc4)C3=O)[C@@H](C)CC[C@@]12C,0.4236528834190932,4.194367071468728
5350,O=C1OC(=O)C2C3CCC(C3)C12,0.39335769406988147,4.453592806978148
5351,Oc1cccc(C2CCC3CCCCN3C2)c1,0.8023903036760495,2.7570304729908592
5352,CC(O)c1cc(OCCCC(C)(C)C(=O)O)ccc1OCCCC(C)(C)C(=O)O,0.4159523428165042,2.993135025407616
5353,COC1(CO)CCOC1,0.5644190904542127,3.665329847375684
5354,CSCC[C@H](NC(=O)[C@H](CCC(=O)O)NC(=O)[C@H](C)NC(=O)[C@H](Cc1ccccc1)NC(C)=O)C(N)=O,0.15923621968465088,3.45326556600803
5355,C=C(CC)C(=O)c1ccc(OCC(=O)O)c(Cl)c1Cl,0.6438970754146427,2.535282481986057
5356,C=CCC1Oc2cccc(C#N)c2-c2ccc3c(c21)C(C)=CC(C)(C)N3,0.6970901568190624,3.591692096737077
5357,CCOC(=O)C(CNC(=O)N(CCCl)N=O)NC(=O)c1ccc(N(C)Cc2cnc3nc(N)nc(N)c3n2)cc1,0.1021444931501602,3.6392879770627182
5358,CCOc1ccc2[nH]c3c(NN)nncc3c2c1,0.48184070846891525,2.5757751893055243
5359,COc1ccc2[nH]c3c(cnn4c(C)nnc34)c2c1,0.5635918780308428,2.5943297826853566
5360,COc1ccc(O)c2c(=O)c3c(NCCN(C)C)ccc4ncn(c12)c43,0.5358452586442009,2.779954884616453
5361,CCOc1ccc2[nH]c3c(O)nncc3c2c1,0.7063678031975944,2.5882160323900063
5362,Nc1nc(O)c2nc(N)n(Cc3ccccc3)c2n1,0.6225205624972773,2.467500225575799
5363,CS(=O)(=O)SCCCN,0.47618893139665813,2.9424754988643524
5364,Cc1cc(-c2c(F)cc3c(=O)c(Cc4ccccc4)cn(C4CC4)c3c2F)cc(C)n1,0.41612730039840784,2.6175885842390016
5365,O=C1NC(=O)c2cc(Nc3ccc(I)cc3)c(Nc3ccc(I)cc3)cc21,0.29058216073313664,2.526521965834025
5366,COc1ccc2[nH]c(C(=O)c3cc4ccccc4o3)cc2c1,0.5767172310699329,2.149438261032911
5367,COc1ccc2[nH]cc(CCN)c2c1,0.7732205992409944,1.929035970307524
5368,Brc1ccc(-c2ccc(Br)cc2)cc1,0.7039554996532117,1.2386237771266
5369,COc1ccc(Nc2cc3c(cc2Nc2ccccc2)C(=O)NC3=O)cc1,0.5986957105795973,2.1723614647966016
5370,Cc1cccc(Oc2cncnc2O)c1,0.8112079217578706,2.332699129537369
5371,CCCCCCC[C@H]1OC(=O)C[C@@H](O)[C@H](Cc2ccccc2)N(C)C(=O)[C@H](C)OC(=O)[C@H]1C,0.46911577634093793,4.437969262664401
5372,COc1nn(Cc2ccccc2)c2ccccc12,0.7007496549567466,1.8027675304911899
5373,COc1cc(CC(C)N)c(OC)cc1Cl,0.8614746474896486,2.413366574338662
5374,CCCCNc1c(C(=O)OCC)cnc2c1cnn2CC,0.6269964033741782,2.331753920301791
5375,CCN1C(=O)C=CC1=O,0.459920154135678,2.6339106995332493
5376,CC(C)OC(=O)c1cc(NC(=O)c2cccs2)ccc1OCC(O)CNC(C)(C)C,0.5209915813108659,2.8089705370534226
5377,C=C1CC2(CCCc3ccccc32)OC1=O,0.4900328078813103,3.6175449181903945
5378,COc1ccc2c(c1)cc1c(O)nncn12,0.6693474803053927,2.6037066693282664
5379,Oc1ncc(Oc2ccccc2)c(O)n1,0.7778418141276144,2.505882313794972
5380,COc1cccc(Oc2cncnc2O)c1,0.8528590711143106,2.2839327562847878
5381,CCC(=O)c1cc(OC)c(CC(C)N)cc1OC,0.7871663995388999,2.583981958449735
5382,Cc1ccc(Oc2cnc(O)nc2)c(C)c1,0.8378199910283264,2.436139244579101
5383,Oc1ncc(Oc2ccc(Cl)cc2)c(O)n1,0.8398869972419,2.5399053984252546
5384,Cc1ccc(Oc2cnc(O)nc2O)cc1,0.805668151120071,2.5181977061175633
5385,O=C(O)CN(C(=O)c1ccccc1)c1ccc2ccccc2c1,0.8013638191291117,1.811980332414393
5386,Cn1cc(C2=NCC3(CCN4CCCC3C4)O2)c2ccccc21,0.810579985283243,5.041102849732891
5387,Cc1c(S(=O)(=O)N[C@H]2CCN(Cc3cc4cc[nH]cc-4n3)C2=O)sc2ccc(Cl)cc12,0.4599468688802428,3.52754785843784
5388,C=C(CC(N)C(=O)O)CC(N)C(=O)O,0.4152291026476502,3.452725839479802
5389,O=C1[C@@H](NS(=O)(=O)c2ccc(-c3ccc(Cl)s3)s2)CCN1CCNc1ccncc1,0.5122662439211074,3.229888194891897
5390,CCCCCc1cc(OCCCC(C)(C)C(=O)OC)cc(OCCCC(C)(C)C(=O)OC)c1,0.21625018655448142,2.639464122321197
5391,O=C1NC(=O)c2cc(Sc3ccccc3)c(Sc3ccccc3)cc21,0.6717207007719393,2.4036187809606258
5392,C#CC1Cc2ccccc2C(N)=N1,0.5782997977266081,3.57790165668702
5393,C=C1CCC[C@H]2[C@](C)(CC3=C(O)C(=O)C=C(NCC(C)C)C3=O)[C@@H](C)CC[C@]12C,0.48818349359639734,4.42730327072021
5394,O=C(NCCCCN(CCCCNC(=O)C1CSC(c2ccccc2O)=N1)Cc1ccccc1)C1CSC(c2ccccc2O)=N1,0.16262002601390835,3.9828855244815697
5395,CCCCCC(O)c1cccc(OCc2cccc(C#N)c2)c1,0.7158014346534486,2.4244875991379473
5396,C[N+](C)(CCCCCC[N+](C)(C)CCCN1C(=O)c2cc(F)c(F)cc2C1=O)CCCN1C(=O)c2ccccc2C1=O.[Br-].[Br-],0.1248268406763569,3.179356651533924
5397,COc1ccc(NC(=O)N2C[C@@H](c3ccc4c(c3)OCO4)[C@H](C(=O)O)[C@H]2c2ccc(OC)cc2)cc1,0.5237807795751583,3.340341294617927
5398,Nc1nc(O)c2ncn(COCCOC(=O)c3ccc(S(=O)(=O)F)cc3)c2n1,0.3200657056940055,2.7965495564969824
5399,O=C([O-])CCC/C=C\C[C@H]1[C@@H]2CC[C@@H](C2)[C@H]1CNS(=O)(=O)c1ccccc1.[Na+],0.3182994531817767,4.783879465485323
5400,C=CCC1Oc2ccc(OCC#N)c(OC)c2-c2ccc3c(c21)C(C)=CC(C)(C)N3,0.6326964231344298,3.6462875432179898
5401,CN(CC(=O)O)C(=N)CP(=O)([O-])[O-].[Na+].[Na+],0.22178914756434004,4.415119091654596
5402,COC(=O)C(C)(C)CCCOc1ccc(C(C)(C)c2ccc(OCCCC(C)(C)C(=O)OC)cc2)cc1,0.20645450561636264,2.589241677508113
5403,ONCC12CC3CC(CC(C3)C1)C2,0.6399161843215144,4.033551253988252
5404,COC(=O)[C@]12CCC(C)(C)CC1C1C(=O)C=C3[C@@]4(C)C=C(C(=O)O)C(=O)C(C)(C)[C@@H]4CC[C@@]3(C)[C@]1(C)CC2,0.35461826803778507,4.943524235242767
5405,COc1ccc2c(c1)cc1c(S)nncn12,0.6523923029670728,2.7906598465857897
5406,CC(=O)OCC1=C(C(=O)[O-])N2C(=O)/C(=C/C(C)(C)C)[C@H]2SC1.[Na+],0.2417196085613725,4.159017550542476
5407,Cc1c(S(=O)(=O)N[C@H]2CCN(CCNc3ccncc3)C2=O)sc2cc(Cl)ccc12,0.5596763427458585,3.194940180580626
5408,O=C(O)COc1ccc(CCNS(=O)(=O)c2ccccc2)cc1,0.7653885918677936,1.7275397729738344
5409,Oc1ccccc1C1OCCc2ccccc21,0.8094125219362389,2.573270883529146
5410,Cc1nc2ccc(NC(=O)C3=NNC(=O)CC3)cc2s1,0.8836278173439626,2.4496842164440693
5411,CN(C)CC/C=C/C(=O)Nc1ccc(N2CC[C@H](NC(=O)c3n[nH]cc3NC(=O)c3c(Cl)cccc3Cl)C2)cc1.O=C(O)C(F)(F)F,0.18399904096548533,3.6571466833504047
5412,Nc1ncnc2c1ncn2C1CC(O)C(O)C1O,0.4816033978387495,3.710432355072556
5413,CCCCn1c(C)c(C(=O)NCCC(=O)O)s/c1=N\C(=O)c1ccc(C(=N)N)cc1,0.3529953785717183,2.5774381978413796
5414,COc1ccc2[nH]c3c(O)nncc3c2c1,0.6491741553287577,2.5815046626393006
5415,O[C@@H]1[C@@H](O)[C@H](O)[C@@H](NCc2cn(C3CSCCCSC3)nn2)[C@H](O)[C@H]1O,0.33100192797562294,4.50656565867202
5416,CC(N)(/C=C/CC(N)C(=O)O)C(=O)O,0.42978980215593443,4.011833531787495
5417,CC1Cc2cc3c(cc2C(c2ccc(N)cc2)=NN1C(=O)Nc1ccccc1)OCO3,0.614408877665457,2.9938560052909864
5418,O=C(NS(=O)(=O)c1ccc(N[C@H](CCN2CCOCC2)CSc2ccccc2)c(S(=O)(=O)C(F)(F)F)c1)c1ccc(N2CCN(Cc3ccncc3-c3ccc(Cl)cc3)CC2)cc1,0.09514680665547255,3.9106403568937846
5419,COC(=O)C(C)(C)CCCOc1ccc(OCCCC(C)(C)C(=O)OC)c(C2CCCCC2)c1,0.2405906610604917,2.6669627618174516
5420,CC(C)(C)NCC(O)COc1ccc(NC(=O)c2cccs2)cc1,0.7188797936388261,2.5064334638875625
5421,COc1ccc2[nH]c3c(cnn4cnnc34)c2c1,0.5493053362323234,2.6551785609701426
5422,O=c1c(-c2ccc(O)cc2)coc2cc(O)ccc12,0.700091545915688,2.071328430704005
5423,CCOC(=O)/C=C\n1nnnc1SC,0.4109930404130771,3.0955527750412504
5424,C=CCOC(=O)c1cccnc1NC12CC3CC(CC(C3)C1)C2,0.6634048152320678,3.7414171842588377
5425,O=C1c2ccccc2N(Cc2ccccc2)S(=O)(=O)N1COCc1ccccc1,0.6254476659471173,2.371172064378367
5426,COc1ccc(Cl)cc1[C@@]1(F)C(=O)Nc2cc(C(F)(F)F)ccc21,0.7998531036451687,3.0030764666253535
5427,CNC(=O)[C@]12CCC(C)(C)CC1C1C(=O)C=C3[C@@]4(C)C=C(C#N)C(=O)C(C)(C)[C@@H]4CC[C@@]3(C)[C@]1(C)CC2,0.47781370350935626,5.018704758776374
5428,CC(C)(CCCCOc1cccc(OCCCCC(C)(C)C(=O)O)c1)C(=O)O,0.4310703076682534,2.3571352774561856
5429,CC(C)(C)c1ccc(S(=O)(=O)N[C@H]2CCN(Cc3cc4cc[nH]cc-4n3)C2=O)cc1,0.6558001513616885,3.249669411349858
5430,NC1=NC(C2CC2)Cc2ccsc21,0.7234762601418585,3.610024733610098
5431,O=C1[C@@H](NS(=O)(=O)c2ccc(-c3ccon3)s2)CCN1Cc1cc2[nH]cccc-2n1,0.47168634899185274,3.622083204453306
5432,O=C([O-])CCC/C=C\C[C@@H]1C2CC[C@@H](C2)[C@H]1NS(=O)(=O)c1ccccc1.[Na+],0.33638119251566334,4.761131089761273
5433,C[C@H](O)CNc1nccc(-n2ccnc2Cc2cccc(NC(=O)c3cc(N4CCN(C)CC4)cc(C(F)(F)F)c3)c2)n1,0.26614933750930175,3.393394597390996
5434,Oc1ncc(Oc2cccc(C(F)(F)F)c2)cn1,0.8968889935037461,2.5111615798380686
5435,CCC(N)(CC)CNS(=O)(=O)N(C)C1CCCCC1,0.7479110264278238,2.907448038547143
5436,CC(C)[C@H](N)C(=O)N[C@@H](Cc1ccccc1)C(=O)O,0.7076839757627938,2.430933576756267
5437,Oc1ncc(Oc2ccc(F)cc2)cn1,0.8170814231759516,2.3463295409863854
5438,O=C(C[n+]1ccccc1)Nc1cccc(C(=O)Nc2ccc(Cl)cc2)c1.[Cl-],0.6119112203871201,2.157282237141665
5439,CC(C)(CCCOc1ccc(OCCCC(C)(C)C(=O)O)c(C(F)(F)F)c1)C(=O)O,0.4369118697836111,2.573976467012777
5440,CCOC(=O)c1cc(NC(=O)c2cccs2)ccc1OCC(O)CNC(C)(C)C,0.5387697436497597,2.7167410693636604
5441,CC(C)C[C@H](NC(=O)[C@H](Cc1ccccc1)NC(=O)CNC(=O)CNC(=O)[C@@H](N)Cc1ccc(O)cc1)C(=O)O,0.15706806965421316,3.2928015450525727
5442,CS(=O)(=O)N[C@@H](C(=O)N1CCC[C@H]1C(=O)NCc1csc(CN)c1)C(c1ccccc1)c1ccccc1,0.364977502359123,3.3704096709348335
5443,O=C(O)C1C2CCC(O2)C1C(=O)O,0.631184205080859,4.217265009800209
5444,Oc1ncncc1Oc1ccccc1,0.7823413356844768,2.214861448731538
5445,COc1cccc(N(C)c2ccc(NC(C)=O)cc2)c1,0.9251662062490005,1.800327883303524
5446,CCCC(=O)Nc1ccc(Cc2cccc3c2CCO3)cc1,0.9066850616790031,2.0333209533406027
5447,CC(C)c1ccc(C(Sc2ccccc2)c2ccccc2)c(O)c(=O)c1,0.5865793355355142,2.7486109387613986
5448,O=C(/C=C/c1ccc(F)cc1)c1ccc(O)cc1,0.6609922009578321,1.7241041137747217
5449,COc1ccc(C(NC(=O)c2ccccc2)c2ccc(C(C)C)cc(=O)c2O)cc1,0.6395075421714134,2.5890760047564516
5450,CCN1C(C(=O)N[C@@H](Cc2ccccc2)C(=O)C(=O)NCCNS(=O)(=O)c2ccc([N+](=O)[O-])cc2)Cc2cc3c(cc2S1(=O)=O)OCCO3,0.09674070252759609,3.8896635017237626
5451,NC1=NC(C2CC2)Cc2sccc21,0.7234762601418585,3.662228475813839
5452,NC1=NC(c2ccccc2)Cc2ccsc21,0.8004487247283727,3.0469088294100803
5453,CCCC(=O)Nc1ccc(Oc2ccc(OC)cc2)cc1,0.8637742129611966,1.5163636204321698
5454,Oc1cccc(CCCCCC(F)(F)C(F)(F)C(F)(F)C(F)(F)C(F)(F)C(F)(F)F)c1O,0.20856900190636501,2.89892584496004
5455,Cn1c(=O)c2nc(-c3ccc(S(=O)(=O)O)cc3)[nH]c2n(C)c1=O,0.6278456130683764,2.528839028556959
5456,O=C(NCCCCCCn1ccnc1)c1ccc(Cl)s1,0.7573169568223443,2.229553195921943
5457,CC(C)CCCN(C)[C@H]1CCC2C3CC=C4C[C@@H](O)CCC4(C)C3CCC21C,0.5807220705148894,4.322223858012455
5458,Cc1ccc2c(c1)C(=O)N(CCC[N+](C)(C)CCCCCC[N+](C)(C)CCCN1C(=O)c3ccccc3C1=O)C2=O.[Br-].[Br-],0.1262120232558345,3.111680464465577
5459,CNC(=O)CN1CCCC(CO)(CCCOC)C1,0.6419543073381739,2.9963335738343506
5460,Cc1cccc(Cn2nc(C(C)(C)C)cc2-c2nnc(SCC(=O)c3ccccc3)o2)c1,0.2731962939803594,2.4690143205869752
5461,COc1cc(C(=O)c2cn(-c3ccc(N)cc3)cc2-c2ccc([N+](=O)[O-])cc2)cc(OC)c1OC,0.1674227209393607,2.5260267786449013
5462,COc1ccc(/C=N/NC(=O)c2nc(-c3cc4ccccc4oc3=O)cs2)c(O)c1,0.29003641093828464,2.5838559647596586
5463,CCCCCC(O)c1cccc(OCc2ccc(C(=O)O)cc2)c1,0.6613544826334029,2.266165739162769
5464,N#CN1CC(CNC(=O)c2ccccc2)C1,0.7596880256003219,2.2636807830406394
5465,COC(=O)CN1C(=O)N(CC(O)CN2CCN(c3ccccc3OC)CC2)C(c2ccccc2)(c2ccccc2)C1=O,0.2922808697804344,3.163463498623692
5466,COc1cc(C(C)C)c(OC)cc1CC(C)N,0.8560278832166712,2.5289450373752995
5467,CCN(CC)CCNc1ccc2ncn3c4c(OC)cccc4c(=O)c1c23,0.5104670866161924,2.652414073726133
5468,Oc1ncc(Sc2ccc(Cl)cc2)cn1,0.8738490100681837,2.6634805248862072
5469,COc1ccc2[nH]c3c(NN=C(C)C)nncc3c2c1,0.5659666711610654,2.7717214634076335
5470,C/C(=C/C(N)C(=O)O)CC(N)C(=O)O,0.4297898021559344,3.6609443010182643
5471,O=C1OC(=O)C2C3CCC(O3)C12,0.37300418620961195,4.655086924625207
5472,Oc1ccc(C2COc3cc(O)c(O)cc3C2)cc1,0.6873400801821493,2.7995443221361835
5473,C=CCNC(=O)c1cccnc1NCC=C,0.7114626837357186,2.397453090732947
5474,COC(=O)c1cc(NC(=O)c2cccs2)ccc1OCC(O)CNC(C)(C)C,0.5834815794040238,2.7068207054921114
5475,O=C1Nc2cc(C(F)(F)F)ccc2C1(F)c1ccccc1,0.7949963530825036,2.9245870096539157
5476,CCC[C@@H]1CC2C(CCC3(C)C(=O)CCC23)C2(C)C=CC(=O)C=C12,0.7238026118998017,4.323486117718141
5477,COc1cccc2c1c(=O)c1c(NCCN(C)C)ccc3c(CNCCN(C)C)nn2c31,0.2912176774162876,2.873483280857476
5478,COc1cc(/C=C/C(=O)OCC=C(C)C)ccc1O,0.503347755795545,2.2807181742937477
5479,Cc1ccc(OC(=O)[C@@H](C(=O)N[C@@H]2C(=O)N3[C@@H]2SC(C)(C)[C@@H]3C(=O)O)c2ccsc2)cc1,0.28602990210857604,3.860381398749305
5480,COc1cccc(Cn2cnc3c(N(C)C)ncnc32)c1,0.7322379808800302,2.2311666973552473
5481,COC1=C/C(=C\C(=O)C(=O)O)OC(O)=C1,0.5217996135401565,3.6010031188039164
5482,CC(C)(CO)CCCCOc1ccc(OCCCCC(C)(C)CO)cc1,0.46341772099943707,2.3761448740790456
5483,CCCC(=O)Nc1ccccc1Oc1cccc(OC)c1,0.8637742129611966,1.6468174665860182
5484,Cn1cc(C2=NCC3(CN4CCC3CC4)O2)c2cc([N+](=O)[O-])ccc21,0.6211808923879603,4.685848346088738
5485,NCCCNCc1c[nH]c2ccccc12,0.6465365300453466,1.9560051467759454
5486,COc1cccc(-c2ccc(C[C@H](CC(=O)NO)C(=O)N[C@H]3c4ccccc4C[C@H]3O)cc2)c1,0.3050733316454348,3.292823554642383
5487,O=C(O)CNC(=O)c1ccccc1Cl,0.7918409069840999,1.5113951605909222
5488,O=C1[C@@H](NS(=O)(=O)c2nc3cc(Cl)ccc3[nH]2)CCN1Cc1cc2cc[nH]cc-2n1,0.43466900682429105,3.5876760303122897
5489,NCCNc1ccc2c(CNCCCO)nn3c4cccc(O)c4c(=O)c1c23,0.22760341474952273,2.9334890831242024
5490,CC(C)OC(=O)C(Cc1ccc(C(F)(F)P(=O)(O)O)cc1)(Cc1ccc(C(F)(F)P(=O)(O)O)cc1)C(=O)OC(C)C,0.11079596309738407,3.259943096960492
5491,CCCCC(OC1CCCCO1)c1cccc(OCc2ccccc2C(=O)OC)c1,0.45985778926283544,3.0677554517399512
5492,CC(=O)Nc1ccc(/C=C/c2ccc(C#N)cc2)cc1,0.8575810827458715,1.835884216444068
5493,O=C(O)C1CSC(c2ccccc2O)=N1,0.7933517429599372,3.1509098160969025
5494,O=C(O)CNC(=O)c1ccc(Cl)cc1,0.7918409069840999,1.4437639865018532
5495,CC(C)=C[C@@H]1C[C@](O)([C@H]2CC[C@@H]3[C@@H]2CC[C@H]2[C@@]3(C)CC[C@H]3C(C)(C)[C@@H](OC(=O)c4ccccn4)CC[C@]23C)C(=O)O1,0.3163254553840527,5.028209378721252
5496,CCN(CC)CCNc1ccc2ncn3c4ccc(C)cc4c(=O)c1c23,0.5419422556951712,2.5573353106694814
5497,CCN(CC)CCNc1ccc2ncn3c4cc(OC)c(OC)c(O)c4c(=O)c1c23,0.4319026510271528,2.868706999771158
5498,CCOc1ccnc(N2CCN(c3cc(N)c4cc(OC)c(OC)cc4n3)CC2)n1,0.6562928368758885,2.5025323511639517
5499,CCN1C(C(=O)N[C@@H](Cc2ccccc2)C(=O)C(=O)NCC2CC2)Cc2cc3c(cc2S1(=O)=O)OCCO3,0.4565472819944219,3.647198178669763
5500,COc1ccccc1N1CCN(CCCC2=CCCc3cccc(OC)c32)CC1,0.6855427667809026,2.4237470934669254
5501,COC1(c2cc(F)cc(OCCCN3CCc4c(c5cc(S(C)(=O)=O)ccc5n4C(=O)c4ccccc4)C3)c2)CCOCC1.Cl,0.21142493349087468,3.1670351518616062
5502,O=C1[C@@H](NS(=O)(=O)c2cc3nc(Cl)ccc3s2)CCN1Cc1cc2cc[nH]cc-2n1,0.4441358230876645,3.583383722619983
5503,CCCC[C@H]1CC2C(CCC3(C)C(=O)CCC23)C2(C)C=CC(=O)C=C12,0.7002433358323458,4.284789401471108
5504,Cc1ccc2oc(=O)c3ncn(CC(C)C)c3c2c1,0.6618077215740507,2.419277680824953
5505,C=Cc1ccc(CCN)cc1,0.6931543569608413,1.896592395850579
5506,c1cncc(-c2cc(N3CCn4ccnc4C3)nc(-c3ccncc3)n2)c1,0.5626345902424519,2.6099584404705
5507,CO/N=C(/C(=O)N[C@@H]1C(=O)N2C(C(=O)O)=C(COC(N)=O)CS[C@H]12)c1ccco1,0.2950080485966616,3.7124855049792203
5508,CN(C)C(=O)C1CCCN(CCC(=O)c2ccc(O)c(O)c2[N+](=O)[O-])C1,0.33760550920410626,3.044719813130272
5509,O=C(NCCCCn1ccnc1)c1ccc(Cl)s1,0.8288601713214105,2.229442940784814
5510,CCN1C(C(=O)N[C@@H](Cc2ccccc2)C(=O)C(=O)OC)Cc2cc3c(cc2S1(=O)=O)OCCO3,0.43626030135255933,3.607411153311686
5511,O=C1[C@@H](NS(=O)(=O)c2cc3ccnc(Cl)c3s2)CCN1CCNc1ccncc1,0.5341088676382418,3.3439922741829387
5512,O=C(NCCCn1ccnc1)c1ccc(Cl)nc1,0.6611540759365323,2.1443982662286007
5513,CC(=O)OCC1=C(C(=O)O)N2C(=O)[C@@H](NC(=O)CN(OCc3ccc(Cl)cc3)C(=O)NCc3ccccc3)C2SC1,0.19954479893546043,3.6599448809515405
5514,CCOC(=O)/C=C(C)/C(F)=C/C=C(C)/C=C/c1c(C)cc(OC)c(C)c1Cl,0.31058634431057414,3.268799038761097
5515,O=C[C@H](Cc1ccccc1)NC(=O)C1Cc2ccccc2S(=O)(=O)N1,0.7741112596243958,3.374463981064755
5516,COCC(=O)N1N=C(c2ccc(N)cc2)c2cc3c(cc2CC1C)OCO3,0.8404860282120068,3.1297613004896494
5517,Nc1nnc(COc2cccc3ccccc23)o1,0.7615828063156013,2.0962354550194906
5518,CC(=O)N(CC(=O)O)c1ccc(O)cc1,0.7724212063830901,2.0225727341885325
5519,COc1cc2c[n+](C)c3c(c2cc1OC)Cc1cc2c(cc1-3)OCO2.[Cl-],0.46461142992419374,3.029921586407813
5520,O=c1c2c(O)cccc2n2nc(CNCCO)c3ccc(NCCNCCO)c1c32,0.1614071096099523,2.986362047049461
5521,CN1CCCC(c2cccc(O)c2)C1,0.7352761854590355,2.445767502765344
5522,C[S+]([O-])c1ccc(Oc2cnc(O)nc2)cc1,0.8388684598915479,3.843760037375299
5523,Cc1nccn1CCCNC(=O)c1cc2ccccc2n1C,0.7355011238748475,2.216982697846097
5524,CCCCCNC(=O)C(=O)[C@H](Cc1ccccc1)NC(=O)C1Cc2cc3c(cc2S(=O)(=O)N1CC)OCCO3,0.3191677934254851,3.6144085203025185
5525,N=C(N)NCCCNCc1c[nH]c2ccccc12,0.30010457407871916,2.174803887530377
5526,NCCNCc1ccc2ccccc2c1,0.7395733629394527,1.6999457062165035
5527,CC1=C/C(=C\c2ccccc2)C(=O)C(C)(O)C12CC2,0.7817239182725428,3.7514092273750688
5528,CCCC[C@@H](C[C@@H](CCc1ccc(CCc2ccccc2)cc1)C(=O)N[C@H](C(=O)NC)C(C)(C)C)C(=O)O,0.28459334593825875,3.436462108725541
5529,CC(C)Oc1cccc(-n2c(NNC(=O)Nc3cccc(C(F)(F)F)c3)nc3ccccc3c2=O)c1,0.31262190100192083,2.492494352418367
5530,C=C=C(Cc1ccccc1)CN(C)C,0.6545825731790997,2.5817255561063384
5531,O=C(NCCCCn1ccnc1)c1ccc(Cl)nc1,0.6504784447166276,2.156627684783258
5532,CN1CC=C(c2c(O)cc(O)c3c(=O)cc(-c4ccccc4Br)oc23)CC1,0.6350649762444087,2.847698836331949
5533,COc1ccc(N(CC(=O)O)C(C)=O)cc1,0.8305103312914641,1.8500082249011047
5534,N=C1C2=C(NCCC2=O)c2nccc3c2c1nc1ccccc13,0.6250074728201096,3.0677772012172326
5535,Cn1cc(C2=NCC3(CC4CCC(C3)[N+]4(C)C)O2)c2ccccc21.[I-],0.4466005139235162,5.49554481467133
5536,CN1CC=C(c2c(O)cc(O)c3c(O)cc(-c4ccccc4)nc23)CC1,0.6576376940245222,2.7613022545364263
5537,COc1cc2nc(N3CCN(C(C)=O)CC3)cc(N)c2cc1OC,0.9184988101957305,2.205942792508962
5538,CCCC[C@@H](C[C@@H](CCc1ccc(-c2ccc(C#N)cc2)cc1)C(=O)N[C@H](C(=O)NC)C(C)(C)C)C(=O)O,0.33033583379104936,3.540466960796545
5539,CC(C)(C)c1ccc(NC(=O)Nc2cccc3[nH]ccc23)cc1,0.6051706456974631,1.9635272285951348
5541,CCC[C@H]1CN(S(=O)(=O)N(C)CC)C[C@@H]1N,0.7588859417747297,3.612904278586546
5542,O=c1nc(N2CCN(CC3CCCCC3)CC2)oc2c([N+](=O)[O-])cc(C(F)(F)F)cc12,0.5271443757820853,2.8010262500214953
5543,CCCCCCCCCCc1ccc(S(=O)(=O)C2C3CCC(N3)C2NCc2ccc3ccccc3c2)cc1,0.2204568349683752,4.45192719044417
5544,CC(=O)NC[C@H]1CN(c2ccc(N3CCC(Nc4ccc(F)cc4)CC3)c(F)c2)C(=O)O1,0.7135413228485494,2.8629698006356676
5545,CC(=O)c1c(C)[nH]c(-c2csc(-c3ccc(C)cc3C)n2)c1C,0.6694970244263502,2.443724388358449
5546,N=C(N)NCCC[C@H](NCc1ccc2ccccc2c1)C(=O)N[C@@H](Cc1c[nH]c2ccccc12)C(N)=O,0.09020382977466643,3.2318092479615803
5547,Cc1ccc2c(c1)C(=O)N(CC(C)(C)C[N+](C)(C)CCCCCC[N+](C)(C)CC(C)(C)CN1C(=O)c3cccc4cccc(c34)C1=O)C2=O.[Br-].[Br-],0.1294384450562374,3.679486476367753
5548,C=C=CCN(C)C1CCc2ccccc21,0.6764632082647735,3.273187531404849
5550,Cc1nn(-c2ccccc2)c(-c2ccccc2)c1CC(N)=O,0.8031329974454408,1.9709145659779654
5551,C=C1CC(C)(CC)OC1=O,0.40870823758753694,3.675589005642209
5552,O=C(O)Cn1c(=O)c2ccccc2c(=O)c2ccccc21,0.7737151351199858,1.8566172840566821
5553,C=C1CC(CC)OC1=O,0.3903694688016177,3.4445233858372237
5554,N#CN/C(=N\C(Cn1ccnc1)c1ccc(Cl)cc1Cl)Nc1ccccc1Cl,0.25316275006432765,3.33069715404356
5555,CCCCCN(C)C(=O)CN1C[C@@H](c2ccc3c(c2)OCO3)[C@H](C(=O)O)[C@H]1c1ccc(OC)cc1,0.5137570003125186,3.4466824423902818
5556,CN1CC=C(c2c(O)cc(O)c3c(=O)cc(-c4ccncc4)oc23)CC1,0.7388185577686115,2.8708477846819562
5557,CCCCNC(=N)c1ccc(N2CCCN(c3ccc(C(=N)NCCCC)cc3)CC2)cc1,0.23839742569800154,2.718777887503382
5558,CCCCCC(OC1CCCCO1)c1cccc(OCc2cccc(C(=O)OC)c2)c1,0.315448691358465,3.048565440906546
5559,CC(=O)OCC1=C(C(=O)[O-])N2C(=O)/C(=C\c3ccccc3)[C@H]2S(=O)(=O)C1.[Na+],0.22062366156252491,3.7773578789112268
5560,CC12C=CC(=O)C=C1CCC1C2CCC2(C)C(=O)CCC12,0.6765587980075699,3.9508791196595876
5561,Cn1c(/C=C/c2cccc[n+]2C)cc2ccccc21.[I-],0.44588315587099364,2.85099381736946
5562,COCc1cc2c(-c3cccc(C(N)=S)c3)ccc(O)c2[nH]1,0.6463083359954451,2.5013437045812985
5563,C=C[C@]1(C)C[C@@H](OC(=O)CSc2nc(NC(=O)CN(CC)CC)c3cc[nH]c3n2)[C@]2(C)[C@H](C)CC[C@]3(CCC(=O)[C@H]32)[C@@H](C)[C@@H]1O,0.13799992589762453,5.741804248027973
5564,CC(C)(C)[C@]1(O)CCN2C[C@H]3c4ccccc4CCc4cccc(c43)[C@@H]2C1,0.7253217496691058,3.815583052727688
5565,CC(CCNC(=O)c1ccc(Cl)s1)n1ccnc1,0.9168985769151595,2.968445193743852
5566,NCCNCc1nn2c3cccc(O)c3c(=O)c3c(NCCN)ccc1c32,0.23856994196754266,2.9630174703295307
5567,Cc1cccc(-c2ccc(C[C@H](CC(=O)NO)C(=O)N[C@H]3c4ccccc4C[C@H]3O)cc2)c1,0.33118411603030107,3.284812490019161
5568,CCOC(=O)/C=C(C)/C(F)=C/C=C(C)/C=C/c1c(C)cc(C)c(Cl)c1C,0.31784179953840486,3.244339188460316
5569,Cc1ccc2c(c1)C(=O)N(CCC[N+](C)(C)CCCCCC[N+](C)(C)CCCN1C(=O)c3cccc4cccc(c34)C1=O)C2=O.[Br-].[Br-],0.11933792026934115,3.269567423190572
5570,CCCCCCCC(=O)CC(=O)N[C@H]1CCOC1=O,0.39293879226847456,2.816826615314703
5571,CCCCCC(=O)c1cccc(OCc2cccc(C(N)=O)c2)c1,0.5565429589153501,1.8354579171121888
5572,CC(NCCc1ccccc1)C1CCC2C3CC=C4CC(O)CCC4(C)C3CCC12C,0.5591432098350493,4.114927817795827
5573,CCCCCC(C)CCC(=O)CC(=O)N[C@H]1CCOC1=O,0.3815726611830643,3.2559587264365817
5574,N=C(N)N1CCN(Cc2ccc3ccccc3c2)CC1,0.6453714106316157,1.9085325062667682
5575,CC(C)(C)c1cc(/C=C2\CCOC2=O)cc(C(C)(C)C)c1O,0.620607291819114,2.6733106250912666
5576,N#CN1CCC(CNS(=O)(=O)c2ccccc2)C1,0.8160176692482423,2.870452433562857
5577,O=C(CCN1CCCCC1)c1ccc(O)c(O)c1[N+](=O)[O-],0.37266383216944726,2.359510198681507
5578,Cc1nccn1CCCNC(=O)c1ccc(Cl)s1,0.8578723689109722,2.2521013988425924
5579,CCCCCCCC/C=C\CCCCCCCCN1CCOCC1,0.24001235796454803,2.169051655560983
5582,C=C=CC(C)N(C)Cc1ccccc1,0.6550864375642729,3.0281209347180056
5583,COc1ccc([C@@H]2[C@@H](C(=O)O)[C@H](c3ccc4c(c3)OCO4)CN2C(=O)N2CCOCC2)cc1,0.7586366696499428,3.4957686447267164
5584,O=C(NCCCCn1cncn1)c1ccc(Cl)s1,0.827478763953064,2.300987615341029
5585,CC(=C/CN1CCOCC1)/C=C/C=C(C)/C=C/C1C(C)CCCC1(C)C,0.5581863157940773,3.915818455429557
5586,CC(=O)N(CC(=O)O)c1ccc([N+](=O)[O-])cc1,0.6232021684708806,2.06301427414825
5587,O=C(CCCCCCCCCCBr)CC(=O)N[C@H]1CCOC1=O,0.22676068681100914,2.9966729030647894
5588,CCCCCCCCCC(O)CC(=O)N[C@H]1CCOC1=O,0.4532888981308955,3.0496078609957697
5589,C(#CCN1CCCC1)COC1=NOCC1,0.6304562999131067,3.4077208111116084
5590,COc1ccc(C(=O)NC(C)C(=O)O)cc1,0.7946766689576739,1.9157417072694791
5591,CCCC[C@@H](C[C@@H](CCc1cccc(-c2ccccc2)c1)C(=O)N[C@H](C(=O)NC)C(C)(C)C)C(=O)O,0.34450468979088406,3.413282132420899
5592,CC(C)(C)c1cc(CCc2cccnc2)cc(C(C)(C)C)c1O,0.8482223233557373,2.25118344543041
5593,Cc1nc(N(C)C(=O)c2ccc(C(=N)N)cc2)sc1CCC(=O)O,0.5457823149504191,2.4547975377178304
5594,Cc1ccc(Oc2cncnc2O)cc1,0.8112079217578707,2.2384068218450626
5595,C[C@H](O)CNc1nccc(-n2ccnc2Cc2cccc(NC(=O)c3ccncc3)c2)n1,0.39407350744129566,3.055994838129192
5596,O=C1[C@@H](NS(=O)(=O)c2cc3cccnc3s2)CCN1CCNc1ccncc1,0.6061748242060264,3.2364285642999704
5597,O=C(CCCCc1ccccc1)c1ccc(O)c(O)c1[N+](=O)[O-],0.26715885183599575,2.159379676819988
5598,COc1ccc(NC(=O)C2(C)CCCN2)cc1,0.8377723195679482,2.5531283066060677
5599,C=C1CC2(OC1=O)C(C)CCCC2C,0.4375296451423564,4.458561669219288
5600,CCCCNC(=O)C(=O)[C@H](Cc1ccccc1)NC(=O)C1Cc2cc3c(cc2S(=O)(=O)N1CC)OCCO3,0.34383853064336317,3.604539084492912
5601,CCC(C)(C)c1cc(/C=C/c2cccnc2)cc(C(C)(C)CC)c1O,0.6675495052162519,2.657617073280715
5602,C[N+](C)(CCCCCC[N+](C)(C)CCCN1C(=O)c2cccc3cccc(c23)C1=O)CCCN1C(=O)c2ccccc2C1=O.[Br-].[Br-],0.11620898604135603,3.0980314884552325
5603,CCCn1c(=O)c2nc(-c3ccc(S(=O)(=O)Oc4ccc([N+](=O)[O-])cc4)cc3)[nH]c2n(CCC)c1=O,0.20302057937568171,2.7502660325402246
5604,NC(C(=O)N[C@@H]1C(=O)N2C(C(=O)O)=C(Cl)CS[C@H]12)c1ccccc1,0.6723811937753879,3.460775309465099
5605,CCCC[C@@H](C[C@@H](CCc1ccc(-c2ccc(C(=O)N(C)C)cc2)cc1)C(=O)N[C@H](C(=O)NC)C(C)(C)C)C(=O)O,0.29259855395394596,3.568215177197219
5606,O=C(C[C@@H](Cc1ccc(-c2ccccc2)cc1)C(=O)N[C@H]1c2ccccc2C[C@H]1O)NO,0.34178594002358076,3.2009692220272967
5607,O=C[C@H](Cc1ccccc1)NC(=O)C(Cc1ccccc1)NS(=O)(=O)c1ccccc1,0.47784611120178433,2.766096313853824
5608,CCCCCC(O)c1cccc(OCc2ccccn2)c1,0.7362703618117404,2.358165354655437
5609,COc1cccc2c1c(=O)c1c(NCCN)ccc3c(CNCCN)nn2c31,0.26437167013440777,2.8824106215857412
5610,CC(C)(C)c1cc(/C=C/c2ccc[n+]([O-])c2)cc(C(C)(C)C)c1O,0.6371540667266992,2.8214231886054026
5611,COc1cc2nc(N3CCN(C(=O)C4COc5ccccc5O4)CC3)cc(N)c2cc1OC,0.6466808496170172,2.928139743847842
5612,Cn1nnnc1C(/C=C/C(O)CC(O)CC(=O)[O-])=C1c2ccc(F)cc2-c2cc(F)ccc21.[Na+],0.3030440739185905,4.315588189528654
5613,O=C(O)CN1C(=O)c2cccc3cccc1c23,0.851746676685245,1.909032927994403
5614,O=C1[C@@H](NS(=O)(=O)c2cc3ccc(Cl)cc3s2)CCN1Cc1cc2cc[nH]cc-2n1,0.4764357382688102,3.4662533111709664
5615,CCCCCC(C)(O)c1cccc(OCc2ccc3ccccc3n2)c1,0.5381361600973056,2.6107787142291734
5616,COc1ccc(/C=C/c2cc(C(C)(C)C)c(O)c(C(C)(C)C)c2)cc1,0.6784735430305892,2.20957477234197
5617,CC1Cc2cc3c(cc2C(c2ccc(N)cc2)=NN1C=O)OCO3,0.6784590668627172,3.3271365438056977
5618,COC1=CC(=O)c2c(c(-c3nc(C)cs3)cn2C)C1=O,0.8508327478792509,2.9652315995872414
5619,CCCN1CCC(COC(c2ccccc2)c2ccccc2)CC1,0.7172764779877705,1.9927667151492816
5620,O=C([O-])[C@H]1C(CCO)O[C@@H]2CC(=O)N21.[Na+],0.3804580180935456,4.6997676630094976
5621,C#CCN(C)CCCOc1ccc(Cl)cc1Cl,0.5814960359844334,2.2617994787309
5622,CCCCCNC(=O)c1cccc2n[nH]c(O)c12,0.7085665194295389,2.3941412178471193
5623,C[C@]12CC[C@]3(C1)C(CC2=O)C[C@@H](O)C1[C@](C)(C(=O)O)CCC[C@@]13C,0.770396271772598,5.79116635159882
5624,CCc1c(CCOC)nn(-c2ccccc2)c1-c1ccccc1,0.6790338304985426,2.0810837454192974
5625,C/N=C(/S)c1c(C)nn(-c2ccccc2)c1-c1ccccc1,0.43953118112201667,2.412299181362579
5626,N#CN1CC(OCC2CCCCC2)C1,0.6420952828932497,2.79591250876906
5627,CC1Cc2cc3c(cc2C(c2ccc(N)cc2)=NN1C(=O)CN)OCO3,0.7970805736843074,3.215435886786345
5628,Cc1ccc2c(c1)C(=O)N(CCC[N+](C)(C)CCCCCC[N+](C)(C)CC(C)(C)CN1C(=O)c3ccc(C)cc3C1=O)C2=O.[Br-].[Br-],0.137334734557322,3.457681661378233
5629,CCOC(=O)[C@]12CCC(C)(C)CC1C1C(=O)C=C3[C@@]4(C)C=C(C(=O)O)C(=O)C(C)(C)[C@@H]4CC[C@@]3(C)[C@]1(C)CC2,0.3330621433306034,4.936060178112552
5630,Cc1nc2c(s1)CN=C(c1ccccc1Cl)c1cc(Cl)ccc1-2,0.5409266378615718,2.5616152974493573
5631,CCCc1ccc(CC[C@H](N[C@H](C)C(=O)O)C(=O)N[C@@H](CC(C)C)C(=O)Nc2ccccc2)cc1,0.32391533793989447,3.149159062677213
5632,CCN1CCCC1CNC(=O)c1c(OC)ccc(I)c1O,0.7394882849342255,2.906942712571688
5633,O=C(CCCc1ccccc1)c1ccc(O)c(O)c1[N+](=O)[O-],0.36907186931479025,2.1510933445764167
5634,Nc1ncnc2c1ncn2[C@@H]1C=C(CO)[C@@H](O)[C@H]1O,0.4901998770029434,3.8788603103269494
5635,CCCCCC(O)c1cccc(OCc2cccc(CC(=O)O)c2)c1,0.623653575657091,2.405364274593291
5636,CC(=O)OCC1=C(C(=O)O)N2C(=O)[C@@H](NC(=O)CN(OCc3ccc(Cl)cc3)C(=O)Nc3ccccc3)C2SC1,0.2157118941813901,3.6326510041543667
5637,CC(=O)N(CC(=O)O)c1cccc2ccccc12,0.8992417419681613,1.9473905029149918
5638,O=C(C[C@@H](Cc1ccc(-c2ccc3c(c2)OCO3)cc1)C(=O)N[C@H]1c2ccccc2C[C@H]1O)NO,0.30908503726598435,3.4372885214597284
5639,N#CN1Cc2cc3ccccc3nc2C1,0.603703760224695,2.7148152866360853
5640,CC(C)(CN1C(=O)c2ccccc2C1=O)C[N+](C)(C)CCCCCC[N+](C)(C)CCCN1C(=O)c2cccc3cccc(c23)C1=O.[Br-].[Br-],0.12249240465864625,3.4364596648015153
5641,Cc1cn(C2CC(O)C(CNC(=O)COc3ccc(OCc4ccccc4)cc3)O2)c(=O)[nH]c1=O,0.4193364021612659,3.3017669738588156
5642,CCN(CC)c1ccc(N2CCN(CC(=O)[C@H]3[C@H](C)CC4C5CCC6=CC(=O)C=C[C@]6(C)C5=CC[C@@]43C)CC2)nc1N(CC)CC,0.2726527563130712,4.875511298967114
5643,N=C(N)NCCC[C@@H](NCc1c[nH]c2ccccc12)C(N)=O,0.2386893880053247,2.8061279169398627
5644,CCCC[C@@H](C[C@@H](CCc1ccc(Oc2ccccc2)cc1)C(=O)N[C@H](C(=O)NC)C(C)(C)C)C(=O)O,0.3074736662165695,3.4203067063679162
5645,CC(C)(C)c1ccc(S(=O)(=O)N[C@H]2CCN(CCNc3ccncc3)C2=O)cc1,0.7230805186571325,2.8884773941499873
5646,CCCN(CCC)C1CCc2cccc(O)c2C1,0.8620217161645694,2.783153791028921
5647,CCCCCc1cc(O)c2c(c1)OC(C)(C)[C@@H]1CCC(C)=C[C@@H]21,0.5673159936374234,3.4387958852779814
5648,C=CCSC(NC(=O)[C@H](Cc1ccccc1)NS(=O)(=O)N1CCOCC1)C(=O)N[C@@H](CC1CCCCC1)[C@@H](O)[C@@H](O)CC(C)C,0.1179361990713095,4.407237506161083
5649,CCCC/C=C\c1cccc(OCc2ccc3ccccc3n2)c1,0.4972350809666586,2.0744434215414813
5650,N#CN1CCCC1CNC(=O)c1ccccc1,0.7961592750179917,2.7528544251304012
5651,CCCn1c(=O)[nH]c2nc(-c3ccc(S(=O)(=O)O)cc3)[nH]c2c1=O,0.5932489744552902,2.5140978389550543
5652,CC(C)(C)c1cc(/C=C/c2ccccc2)cc(C(C)(C)C)c1O,0.658863263358689,2.175027366025942
5653,Cc1c(C(=O)NCCC(=O)O)s/c(=N\C(=O)c2ccc(C(=N)N)cc2)n1Cc1ccccc1,0.29678226475557995,2.4862522494114963
5654,COc1ccc2[nH]c3c(NN)nncc3c2c1,0.45636003274724424,2.5650194860791746
5655,CCCCCCn1c(N)nc2c(O)nc(N)nc21,0.688130671404773,2.73032127214576
5656,COc1ccc2c(c1)CCC=C2CCCN1CCNCC1,0.9005109940841715,2.4751366725413497
5657,C=C1CC(C)OC1=O,0.3431916022640158,3.491855357278233
5658,N#CN1CCCC1CNS(=O)(=O)c1ccccc1,0.8212523063555136,2.9192859177257535
5659,CCCCCC(O)c1cccc(OCc2cccc(C=O)c2)c1,0.5394215301908604,2.4604729138232635
5660,O=c1[nH]n(Cc2ccccc2)c2ccccc12,0.7126447203202549,1.910197966455943
5661,CCOc1ccc2[nH]c3c(S)nncc3c2c1,0.6825026927995873,2.763723096754214
5662,CCCCCCCCc1cc(OC)c(CC(C)N)cc1OC,0.6122988586707354,2.5232854444995585
5663,COc1ccc2c(c1)CCC=C2CCCN1CCN(c2ccccc2)CC1,0.7452163981265578,2.24489250029956
5664,O=C1c2ccccc2N(COCc2ccccc2)S(=O)(=O)N1Cc1ccccc1,0.6254476659471174,2.356773712730016
5665,COC(=O)c1ccc(O)c(C2OCCc3ccccc32)c1,0.8615505967824861,2.693078999043836
5666,COc1ccc(CC(=O)NC(C)C2CCC3C4CC=C5CC(O)CCC5(C)C4CCC23C)cc1,0.549978220593069,4.138207259339005
5667,CCN(CC)c1cc(N)c2cc(OC)c(OC)cc2n1,0.9087031787957435,2.292535096090738
5668,CCCc1cc(OC)c(CC(C)N)cc1OC,0.8266131037511175,2.5043064420575742
5669,COc1cc2c[n+](C)c3c(c2cc1OC)Cc1c-3ccc(O)c1OC.[Cl-],0.5124758304238274,3.1203783518688617
5670,CS(=O)(=O)Nc1cccc(-c2ccc(C[C@H](CC(=O)NO)C(=O)N[C@H]3c4ccccc4C[C@H]3O)cc2)c1,0.21534704244642716,3.463033263973206
5671,O=c1cc(-c2ccccc2Cl)oc2c(-c3cncnc3)c(O)cc(O)c12,0.5566448887700067,2.654649447883619
5672,COc1cccc2c1C(CCCN1CCN(c3ccccc3)CC1)=CCC2,0.7452163981265577,2.351680961838021
5673,O=C([O-])CC(O)CC(O)/C=C/c1c(-c2ccc(F)cc2)c2ccccc2n2nnnc12.[Na+],0.3276268291983578,3.9053202990604996
5674,CCCCCC(O)c1cccc(OCc2ccc3ccccc3n2)c1,0.5583177181459796,2.4444552554627013
5675,c1ccc2c(C3=NCC4(CN5CCC4CC5)O3)c[nH]c2c1,0.8717725721723738,4.500909961113496
5676,CCNCc1nn2c3cccc(O)c3c(=O)c3c(NCCN(C)C)ccc1c32,0.4273593058201926,2.8732122184698685
5677,COc1cccc2c1C(CCCN1CCN(c3ccccn3)CC1)=CCC2,0.7749317315994738,2.4930796156841755
5678,COC(=O)c1cn(C[C@@H](C)Oc2ccc(Br)cc2OC)nn1,0.72679512378052,2.8751184835916135
5679,NC1(C(=O)O)CCc2ccccc2C1,0.6944937805312129,2.745996674362976
5680,N#CN1CC(OCc2ccccc2)C1,0.6720086016319767,2.3465736626152136
5681,CCCC[C@@H](C[C@@H](CCc1ccc(CCC)cc1)C(=O)N[C@H](C(=O)NC)C(C)(C)C)C(=O)O,0.37340638789656466,3.4388504715929296
5682,CC(C)(C)c1cc(/C=C/c2ccc(Cl)c(Cl)c2)cc(C(C)(C)C)c1O,0.5384785574497665,2.342177809603216
5683,Cc1ccc(/C=C/c2cc(C(C)(C)C)c(O)c(C(C)(C)C)c2)cc1,0.6284684041095127,2.21704939052848
5684,C=CCC1Oc2ccc(CO)c(OC)c2-c2ccc3c(c21)C(C)=CC(C)(C)N3,0.6937106440305404,3.5989544025642717
5685,CCCCCCCC/C=C\CCCCCCCCn1ccnc1,0.2387616371844252,2.286521220937635
5686,CCCCCCCC/C=C\CCCCCCCC(=O)O,0.2905169417988814,2.0334518277801017
5687,NNc1[nH]ncc2c3cc(O)ccc3nc1-2,0.3589474119613298,2.938244796418566
5688,COc1cc(OC)c(OC)cc1CC(C)N,0.8266603845427962,2.3019270382176007
5690,O=C1CCCc2cc(O)c(O)c([N+](=O)[O-])c21,0.4267435234032434,2.625653663183753
5691,O=C1c2ccccc2S(=O)(=O)N1CCCCN1CCN(c2ncccn2)CC1,0.6728810170743169,2.441149425004543
5692,CN1C2CCC1CC1(CN=C(c3cn(C)c4ccccc34)O1)C2,0.8104492729847781,4.898793781188054
5693,Cc1[nH]cnc1CN1c2ccccc2CN(S(=O)(=O)c2ccc(Cl)c(Cl)c2)CC1CCc1ccccc1,0.29336022385451527,3.133607707846748
5694,O=S(=O)(Nc1ccc2cc[nH]c2c1)c1ccc(Cl)cc1,0.7760286162480297,1.9376801678610729
5695,CCCc1c(-c2nc(-c3ccc(C(O)CN4CCCCC4CC(=O)O)cc3)no2)noc1-c1ccccc1,0.2858346936053772,3.4794284734217396
5696,CC(=O)Nc1ccc(/C=C/c2ccc(Cl)cc2)cc1,0.8201763082068261,1.6461720204475956
5697,CC(=O)Nc1ccc(/C=C/c2ccc(F)cc2)cc1,0.8264206096384203,1.6527925332681086
5699,C=C=C(CN)c1ccccc1,0.6309437864102011,2.641042023642143
5700,CC(=O)N[C@H]1[C@H]([C@H](O)[C@H](O)CO)OC(C(=O)O)=C[C@@H]1NCCCCN,0.20371541150503364,4.226548834296819
5701,O=C1[C@@H](NS(=O)(=O)c2ccc(-c3ccncc3)s2)CCN1Cc1cc2[nH]cccc-2n1,0.46671207241567175,3.4003636975986797
5702,CC(=O)c1ccc(C(=O)N(C)CC2CCCOC2)cc1,0.7926264593232011,2.4636051300470605
5703,O=C(/C=C/c1ccc(O)cc1)Nc1cc2c(Nc3ccc(Cl)c(Cl)c3)ncnc2s1,0.31546424961424085,2.6048361078723588
5704,COc1cc2c(c3c1C(=O)C[C@@H](c1ccc(O)cc1)O3)C=CC(C)(CCC=C(C)C)O2,0.5995067350087262,3.795511913055087
5705,C=C1CC(CCCCCCCCCCC)OC1=O,0.3176046626460393,2.8280316190832195
5706,CCCn1c(=O)[nH]c2[nH]c(-c3ccc(S(=O)(=O)Oc4ccc([N+](=O)[O-])cc4)cc3)nc2c1=O,0.2345251783452081,2.757030343056984
5707,C=CCNC(=O)C(=O)[C@H](Cc1ccccc1)NC(=O)C1Cc2cc3c(cc2S(=O)(=O)N1CC)OCCO3,0.3673452758732155,3.696662764764083
5708,C[C@@]1(N2C(=O)c3ccccc3C2=O)CCC(=O)NC1=O,0.75351616263385,2.9264258593177903
5709,CC1Cc2ccccc2C(N)=N1,0.6106876251957188,2.957781283910908
5710,CCN1C(C(=O)N[C@@H](Cc2ccccc2)C(=O)C(=O)NCCCNS(=O)(=O)c2ccc(Cl)c(Cl)c2)Cc2cc3c(cc2S1(=O)=O)OCCO3,0.17493082944569968,3.890765130022471
5711,CC1(C)CC[C@]2(C(=O)n3cccn3)CC[C@]3(C)C(C(=O)C=C4[C@@]5(C)C=C(C#N)C(=O)C(C)(C)[C@@H]5CC[C@]43C)C2C1,0.39236047162355703,5.154377267540546
5712,Nc1nc2c(s1)CN=C(c1ccccc1)c1cc(Cl)ccc1-2,0.7207287639492338,2.524214703340604
5713,C=CCC1Oc2cccc(SC)c2-c2ccc3c(c21)C(C)=CC(C)(C)N3,0.48453776126008863,3.6317397258203217
5714,COc1cc2cc(N3CCCCC3)nc(N)c2cc1OC,0.940270816802286,2.1722513127398617
5715,CCCCCCCCCC(=O)CC(=O)N[C@H]1CCOC1=O,0.36118147149627483,2.80403143711424
5716,CC(C)(CCCOc1ccc(C(=O)c2ccccc2)c(OCCCC(C)(C)C(=O)O)c1)C(=O)O,0.2786717428214325,2.4757339460210304
5717,CC(=O)OCC1=C(C(=O)O)N2C(=O)[C@@H](NC(=O)CN(OCc3ccccc3Cl)C(=O)Nc3ccccc3)C2SC1,0.2157118941813901,3.67978108657195
5718,O=C1[C@@H](NS(=O)(=O)c2cc3c(Cl)nccc3s2)CCN1Cc1cc2c[nH]ccc-2n1,0.4441358230876645,3.642047944444669
5719,CC(C)(C)c1cc(/C=C/c2ccccc2C(=O)O)cc(C(C)(C)C)c1O,0.6806526238186985,2.353640191804798
5720,C=C1CC2(CC3CC4(CC(=C)C(=O)O4)CC3C2)OC1=O,0.5021526769041333,4.9117661041241565
5721,O=C1[C@@H](NS(=O)(=O)c2cc3ccc(Cl)cc3s2)CCN1Cc1cc2[nH]cccc-2n1,0.4764357382688102,3.4125318442657795
5722,COc1ccc2c(c1)c1c(n2C(=O)c2ccc(Cl)cc2)CCN(CCCOc2cc(F)cc(C3(OC)CCOCC3)c2)C1.Cl,0.1826928588038397,3.097007064045675
5723,CCN(CC)c1nc2sc3c(c2c(=O)o1)CCN(Cc1ccccc1)C3,0.686976569736636,2.59658825869443
5724,O=C(NCCCCn1ccnc1)c1cc2ccccc2[nH]1,0.6825232360923719,2.160134439290731
5725,CC(C)(C)c1ccc(CN2Cc3ccccc3N(Cc3c[nH]cn3)C(CCc3ccccc3)C2)cc1,0.31976304603333716,3.1166364441189245
5726,Oc1ncncc1Oc1ccc(F)cc1,0.8170814231759516,2.269438306639337
5727,CC(=O)Nn1c(-c2ccccc2)nc2ccccc2c1=O,0.7814466165277326,1.9733559281244766
5728,CC(NCCCc1ccccc1)C1CCC2C3CC=C4CC(O)CCC4(C)C3CCC12C,0.3927868517504684,4.133080133392193
5729,CC(=O)/C=C1/C(=O)N2C(C(=O)[O-])=C(COC(C)=O)CS[C@H]12.[Na+],0.22340645555802327,4.0846912054340505
5730,Cc1c(CCC(=O)O)s/c(=N\C(=O)c2ccc(C(=N)N)cc2)n1C,0.5598757540549499,2.6240806146409046
5731,CC(C)(C)c1cc(/C=C/c2cccc(C(F)(F)F)c2)cc(C(C)(C)C)c1O,0.5505894007805572,2.4179359293353127
5732,CC(C)c1cc(/C=C/c2cccs2)cc(C(C)C)c1O,0.7447584905611492,2.523987403783046
5733,O=c1c(O)c(-c2ccc(O)c(O)c2)oc2cc(O)cc(O)c12,0.43419044029909815,2.5447087418021415
5734,N=C(N)N1CCN(Cc2c[nH]c3ccccc23)CC1,0.558559731743616,2.10297761485319
5735,COc1ccc2c(c1)CCC=C2CCCN1CCN(c2cccc(Cl)c2)CC1,0.6601175862951782,2.3444443176457774
5736,C=C1CC(C(C)C)(C(C)C)OC1=O,0.48430846883996725,3.63448590385498
5737,CCCCN(CCCC)CCNc1ccc2ncn3c4ccc(O)cc4c(=O)c1c23,0.38066762980298136,2.7046926373893534
5738,CCCCCCCCCCCCCCCCOCC1(COC(=O)CCCCC[n+]2cccc3ccccc32)CSC1.[Br-],0.06940352523203909,3.174901018931287
5739,COc1ccccc1N1CCN(CCCCN2C(=O)c3ccccc3C2=O)CC1,0.5348449023887742,1.987432503938809
5740,CC(=O)N(CC(=O)O)c1ccccc1C,0.8152828385643236,1.9789365803423795
5741,Clc1ccc(/C=N/Nc2nc(Nc3cccc(Br)c3)nc(N3CCOCC3)n2)cc1,0.39467823415573455,2.436907948822107
5742,c1ccc(-c2cc3c(Nc4ccccn4)nccc3[nH]2)cc1,0.5877632623255664,2.13934014040354
5743,Cn1nccc1C(=O)Nc1sc2c(c1C#N)CCC2,0.909624325477352,2.4800156101911845
5744,CN(C)c1nc2sc3c(c2c(=O)o1)CCCC3,0.7780670556947042,2.748164658763633
5745,CCCCCC(=O)c1cccc(OCc2ccc3ccccc3n2)c1,0.39904569732847106,1.925930266735124
5746,CC1Cc2cc3c(cc2C(c2ccc(N)cc2)=NN1C(=O)C1CC1)OCO3,0.8324884913090167,3.1206785832069306
5747,CCOc1ccccc1-c1nc2cc(C(F)(F)F)ccc2[nH]1,0.7647291933268786,2.0602700073108267
5748,Nc1cccc(C(=O)NCC(=O)O)c1,0.5940584768895217,1.6970283589714903
5749,CC(NC(=O)Cc1ccc(Cl)cc1)C1CCC2C3CC=C4CC(O)CCC4(C)C3CCC12C,0.5061058406510468,4.153182783033711
5750,CCCCCC(O)c1cccc(OCc2cccc(C(=O)OC)c2)c1,0.5315174442824351,2.34394780655429
5751,O=C(O)c1ccc(CC(Cc2ccc(C(F)(F)P(=O)(O)O)cc2)(C(=O)c2ccccc2)c2ccccc2)cc1,0.15975816774504903,3.1145282654144903
5752,COc1cc(CC(C)N)c(OC)cc1C,0.8233666570424436,2.399835420492506
5753,CCCCCC(O)c1cccc(Oc2ccc3ccccc3n2)c1,0.5724868091459525,2.451301149634652
5754,O=C(O)C1=NN2C(=O)Nc3cc(Cl)c(Cl)cc3C2C1,0.836254703175245,3.3746804168107403
5755,C=C=CCN(C)Cc1ccccc1,0.6321118153520632,2.435062203231279
5756,NC1(C(=O)O)CCc2ccc(N(CCO)CCO)cc2C1,0.5761448075074868,3.2098774605822973
5757,CN1CC=C(c2c(O)cc(O)c3c(=O)oc(-c4ccccc4Cl)cc23)CC1,0.6918517208298879,2.795803087344094
5758,CCN1C(C(=O)N[C@@H](Cc2ccccc2)C(=O)C(=O)NCc2ccccn2)Cc2cc3c(cc2S1(=O)=O)OCCO3,0.36288848913775484,3.6738245516487353
5759,CCCCCC(O)c1cccc(OCc2cccc(C(F)(F)F)c2)c1,0.5995926849564703,2.424100460942155
5760,N=C(N)c1ccc(OCCCCCOc2ccc(C(=N)N)cc2)cc1,0.3019578218783795,1.9932846056240958
5761,N=C(N)c1ccc(CCCCCCCc2ccc(C(=N)N)cc2)cc1,0.29947941862745553,1.9195005055213699
5762,C=CCC1Oc2ccccc2-c2ccc3c(c21)C(C)=CC(C)(C)N3,0.6888602616926074,3.3302854224206895
5763,CCN1C(C(=O)N[C@@H](Cc2ccccc2)C(=O)C(=O)NCCNS(=O)(=O)c2ccc(Cl)c(Cl)c2)Cc2cc3c(cc2S1(=O)=O)OCCO3,0.18554205984667926,3.868909152233882
5764,COc1ccc(OC)c(CC(C)N)c1,0.7931634272610012,2.1783148307005664
5765,Cc1ccc(-c2cc(OCCCC(C)(C)C(=O)O)ccc2OCCCC(C)(C)C(=O)O)cc1,0.3485544343415388,2.4421656607827362
5766,COc1cc(OC)c(OC)cc1/C=C\C=O,0.5637030451030608,2.166168755068611
5767,COc1ccccc1N1CCN(CCCC2=CCCc3ccccc32)CC1,0.7452163981265577,2.2399009618380212
5768,CCCCCCCCCCNC1CCc2cccc(OC)c2C1.Cl,0.5146519787579599,2.6440842911989684
5769,O=P(O)(O)C(F)(F)c1ccc(CC(Cc2ccc(C(F)(F)P(=O)(O)O)cc2)(c2nc3ccccc3s2)n2nnc3ccccc32)cc1,0.08961199360565805,3.448604848118068
5770,C#CCN(C)C(C)Cc1ccccc1,0.6530251998867979,2.621125668445817
5771,COc1ccc2[nH]c(C(=O)NCCCn3ccnc3)cc2c1,0.6852332913300847,2.2192964341098342
5772,CCCOC(NC(=O)[C@H](Cc1ccccc1)NS(=O)(=O)N1CCOCC1)C(=O)N[C@@H](CC1CCCCC1)[C@@H](O)[C@@H](O)CC(C)C,0.14968959152098804,4.286415528139106
5773,CCOC(=O)/C=C(C)/C(F)=C/C=C(C)/C=C/c1c(C)cc(OC)c(C)c1C,0.3373277882309813,3.173560577222637
5774,O=C(OCc1ccccc1)C(Cc1ccc(C(F)(F)C(=O)O)cc1)(Cc1ccc(C(F)(F)P(=O)(O)O)cc1)C(=O)OCc1ccccc1,0.059703340992135236,3.0472520125595164
5775,CCOC(=O)c1csc(-c2cn(C)c3c2C(=O)C(OC)=CC3=O)n1,0.7891175841107367,2.8860705662277795
5776,CCCC[C@@H]1CC2C(CCC3(C)C(=O)CCC23)C2(C)C=CC(=O)C=C12,0.7002433358323458,4.284789401471108
5777,NCCCCNC(=O)[C@H](CCCCNCc1c[nH]c2ccccc12)NCc1ccc2ccccc2c1,0.15916497813079733,2.864231733357988
5778,CCCCC(O)c1cccc(OCc2ccccc2C(=O)OC)c1,0.7350733085430892,2.366373205226118
5779,C=C1[C@H]2Oc3cc(C(C)(C)CCCCCC)cc(O)c3[C@H]2[C@H]2C[C@@H]1C2(C)C,0.44607944434402497,4.8531656261438085
5780,C=C1CC2(CCCCCCCCC2)OC1=O,0.4606319324068572,3.531506122203771
5781,C=C1CC2(CCCCCC2)OC1=O,0.4228113000384493,3.3258492658346306
5782,CCCCCC(C)(O)c1cccc(OCc2ccccn2)c1,0.7322950293005926,2.548386867666556
5783,C[C@@H](CC[C@H]1C(CO)=CC[C@H]2C(C)(C)CCC[C@]12C)CC(=O)OCCCCCCN1CCOCC1,0.19449048948262884,4.10492987298885
5784,COc1ccc([C@@H]2[C@@H](C(=O)O)[C@H](c3ccc4c(c3)OCO4)CN2CC(=O)N(C)C2CCCCC2)cc1,0.6210995144931585,3.5016852826687117
5785,CC(C)(C)C(=O)c1ccc2n1CCC2C(=O)O,0.7999371421908942,3.171732729682992
5786,CCCCCCCCCCCC(O)CC(=O)N[C@H]1CCOC1=O,0.402501398854313,3.0506693209288684
5787,CC/C=C\C/C=C\C/C=C\CCCCCCCC(=O)O,0.3484104486085374,2.5886291557153243
5788,Cn1cc(-c2nc(C(N)=O)cs2)c2c1C(=O)C=C(N)C2=O,0.834788123006932,3.1534978714443156
5790,O=C(c1ccccc1)C(Cc1ccc(C(F)(F)P(=O)(O)O)c(-c2ccccc2)c1)c1ccccc1,0.2098284157574914,2.9172688819604353
5791,O=C(NCCc1c[nH]cn1)[C@@H]1C[C@H](O)CN1Cc1ccc2ccccc2c1,0.6235956427928301,3.2387084586358403
5792,O=C(CCN1CCCC2CCCCC21)c1ccc(O)c(O)c1[N+](=O)[O-],0.3663196867167409,3.2916962701840866
5793,COC(=O)CCCCCCCCCC(=O)CC(=O)N[C@H]1CCOC1=O,0.30838497330791864,2.882910570832264
5794,CC(=O)OCC(C)(C)CCCOc1ccc(OCCCC(C)(C)COC(C)=O)c(-c2ccccc2)c1,0.19750588120389082,2.6623221863863797
5795,O=C1[C@@H](NS(=O)(=O)c2cc3c(Cl)nccc3s2)CCN1Cc1cc2cc[nH]cc-2n1,0.4441358230876645,3.64711145070585
5796,COc1ccc2c(c1)CCC=C2CCCN1CCN(c2cccc(C(F)(F)F)c2)CC1,0.589394470957419,2.4676013699809634
5797,CCCCCC(=O)c1cccc(OCc2ccccc2)c1,0.5012202714195062,1.5812342887802124
5798,CN(C)CC#CCN1OCCC1=O,0.5503579454224964,3.586082057701134
5799,COc1ccc(C(=O)NCC(=O)O)cc1,0.7571083494341113,1.421878709798289
5800,CCCCCC(O)c1cccc(/C=C/c2ccccc2)c1,0.5263705496147159,2.3305070948824227
5801,COc1cc2c[n+](C)c3c4cc5c(cc4ccc3c2cc1OC)OCO5.[Cl-],0.37768943509846814,2.793181427425065
5802,Cc1c(-c2ccc(-n3ccnc3)cc2)cc(C#N)c(=O)n1C,0.7277872983601931,2.5076258385763346
5803,Cc1ccc2c(c1)C(=O)N(CC(C)(C)C[N+](C)(C)CCCCCC[N+](C)(C)CC(C)(C)CN1C(=O)c3ccc(C)cc3C1=O)C2=O.[Br-].[Br-],0.1445623327327833,3.546096289584928
5804,CCCCCC(O)c1cccc(OCc2ccncc2)c1,0.7362703618117404,2.348255140279649
5805,C=C=CCN1CCc2ccccc2C1,0.639384523482813,2.6151436250917612
5806,NS(=O)(=O)c1nonc1-c1ccccc1,0.7961874227722067,2.380277074847873
5807,CCN1C(C(=O)N[C@@H](Cc2ccccc2)C(=O)C(=O)NCc2ccccc2)Cc2cc3c(cc2S1(=O)=O)OCCO3,0.37218260110295726,3.551078989518558
5808,C=C1CC(c2ccccc2)OC1=O,0.4817454413828233,2.7081686005539645
5809,CCCCCC(O)c1cccc(/C=C\c2ccccc2)c1,0.5263705496147159,2.3305070948824227
5810,CCCCCCCCCCCC(=O)CC(=O)N[C@H]1CCOC1=O,0.32025963364118004,2.8052551515855004
5811,CCCCC(C)(C)C(C)(O)c1cccc(OCc2ccccc2)c1,0.6750286739632052,2.6459489633135096
5812,O=C(c1cccc(C(F)(F)F)c1)c1ccc2n1CCC2C(=O)O,0.8817320941679404,2.919741744992093
5813,CCC1(c2ccc(N)cc2)CCC(=O)NC1=O,0.5969362176118971,2.89801580660607
5814,Cc1ccccc1,0.45880627965754545,1.0
5815,CCOC(=O)C1=NO[C@]2(C(=O)CO)[C@H]1CC1C3CCC4=CC(=O)C=C[C@]4(C)[C@H]3[C@@H](O)C[C@@]12C,0.6166877980982888,4.907735407580379
5816,O=C(c1ccc(Cl)cc1Cl)c1ccc2n1CCC2C(=O)O,0.8777933437967598,2.8966583624390623
5817,CCCC[C@@H](C[C@@H](CCc1ccc(-c2ccc(F)c(Cl)c2)cc1)C(=O)N[C@H](C(=O)NC)C(C)(C)C)C(=O)O,0.27642768174325494,3.5392132065597446
5818,COC(=O)c1ccc(OP(=O)(Oc2ccc(C(=O)OC)cc2)C2CCCN2C(=O)C2CCCN2)cc1.Cl,0.38194660011874754,3.5507855975325073
5819,CC(C)(C)OC(=O)N[C@@H](Cc1ccccc1)C(O)[C@H](Cc1ccccc1)NC(=O)OC(C)(C)C,0.5231296396502669,2.9838442689331206
5820,CCCCCn1cnc2c(C#Cc3ncnc4c3ncn4CCCCC)ncnc21,0.3294848710451218,3.0305964103605696
5821,CCC(C)(C)c1cc(/C=C/c2cccs2)cc(C(C)(C)CC)c1O,0.5989369431214069,2.7420115022148703
5822,CCCCn1c(=O)[nH]c2[nH]c(-c3ccccc3)nc2c1=O,0.7669164576750837,2.4598036204321687
5823,CCCCCC(O)c1cccc(OCc2ccc3ccccc3c2)c1,0.5094205431199706,2.306807415631301
5824,COCCOCCOCC1CCC[N+]1(C)C.[I-],0.2826968657391338,3.6713535992482083
5825,COc1cc(OC)cc([C@@H]2c3cc4c(cc3N[C@@H]3COC(=O)N23)OCCO4)c1,0.8717479556982625,3.6414506494881795
5826,CCCCCCCCCC(=O)CC(=O)NC1CCSC1=O,0.4696909088144518,2.9418968869186735
5827,Cc1cn(CCCNC(=O)c2cc3cc(Cl)ccc3[nH]2)cn1,0.7102557288428445,2.3800925879559873
5828,CC(C)(C)c1cc(/C=C/c2ccc(F)cc2)cc(C(C)(C)C)c1O,0.6423220495083849,2.2378986693746334
5829,CC(C)=CC[C@@H](OC(=O)CCl)C1=CC(=O)c2c(O)ccc(O)c2C1=O,0.3603603232295056,3.5480000016999043
5830,CCOC(NC(=O)[C@H](Cc1ccccc1)NS(=O)(=O)N1CCOCC1)C(=O)N[C@@H](CC1CCCCC1)[C@@H](O)[C@@H](O)CC(C)C,0.15973136009350145,4.251748987466179
5831,COc1cc([C@@H]2c3cc4c(cc3N[C@H]3COC(=O)N23)OCCO4)cc(OC)c1OC,0.8173508462747192,3.631443533906382
5833,N[C@@]1(C(=O)O)CS[C@H]2[C@H](C(=O)O)[C@H]21,0.543692220742467,4.624290977732002
5834,N#Cc1ccc(NCCNC(=O)c2ccc(Cl)s2)nc1,0.8320618013486718,2.313787860168766
5835,COc1cc(OC)c(-c2cn3ccc(N4CCC(NC(=O)OC(C)(C)C)C4)nc3n2)cc1Br,0.5394782252917983,3.2783028119696533
5836,COc1cc(-n2c3c(c4ncnc(N)c42)CCC3)ccc1NC(=O)Cc1cc(C)no1,0.510923936100989,2.8293344728331675
5837,CCc1nc(-c2cnc(OC)cn2)n(-c2cccc(C(=O)NCCCCc3ccccc3)c2)n1,0.36192081645391483,2.5036761973181214
5838,O=c1n(Cc2ccc(Cl)cc2)nc2ccc(-c3ccccc3)nn12,0.5767543248839228,2.0654840127812264
5839,Cc1nn(-c2ccccc2)c(-c2ccccc2)c1C,0.6656442728147323,1.7371823700979423
5840,CC(C)C[C@H](NC(=O)[C@H](CCc1ccc(-c2ccc(F)cc2)cc1)C[C@H](CCCCN1Cc2ccccc2C1=O)C(=O)O)C(=O)Nc1ccccc1,0.0904980965703637,3.7603998368573457
5841,CC1(C)C(=O)N(c2ccc(C#N)c(C(F)(F)F)c2)C(=O)N1CCCF,0.612097345335631,2.8337015858269936
5842,O=C(c1ccc2n1CCC2C(=O)O)C1CCC1,0.8126122376135803,3.12226457911016
5843,C#CCN(C)/N=N/c1ccc(C(=O)O)cc1,0.47591102285187276,2.853664908914766
5844,CCCCCC1CC1CC1CC1CC1CC1CC1CC1CCCC(=O)O,0.3572164557951397,4.645931425610419
5845,O=C(NCCCCn1cncn1)c1ccco1,0.7589638685667517,2.206682889532864
5846,O=C(NCc1ccccc1Cl)c1ccc(N2CC3CC(C2)c2cccc(=O)n2C3)c(NS(=O)(=O)c2ccc3c(c2)OCCO3)c1,0.30064834283405845,4.226133383027698
5847,Cn1nnnc1C(/C=C/C(O)CC(O)CC(=O)[O-])=C/c1ccc(F)cc1.[Na+],0.3609392246147089,4.2415505442422745
5848,CCCCCCCC/C=C\CCCCCCCCOC(=O)N(CCCCCCCCCCCC)CC(F)(F)F,0.07020068195481166,2.711996526582732
5849,CN1CC=C(c2c(O)cc(O)c3c(=O)cc(C4CCCCC4)oc23)CC1,0.8525511753189257,3.008822836657009
5850,CCCS(=O)(=O)CCN1C[C@@H](c2ccc3c(c2)OCO3)[C@H](C(=O)O)[C@H]1c1ccc(OC)cc1,0.5903691069783609,3.540700785251726
5851,O=C(NCCCCn1ccnc1)c1cc2cc(Cl)ccc2[nH]1,0.6857923598557,2.269536337955987
5852,CCOC(=O)Nc1cc2c(c(N)n1)N=C(CN(C)c1ccc(Cl)cc1)CN2,0.7233336141339726,2.9889824395708153
5853,FC(F)(F)c1ccc(Sc2ccc(NC3=NCCN3)cc2)cc1,0.8799995445713005,2.414927884861946
5854,CC(C)=CC[C@@H](OC(=O)/C=C(C)/C=C/C=C(C)/C=C/C1=C(C)CCCC1(C)C)C1=CC(=O)c2c(O)ccc(O)c2C1=O,0.10201868456770904,4.1651993285832045
5856,CC(C)Oc1cccc(-n2c(CCc3c[nH]c4cc(Br)ccc34)nc3ccccc3c2=O)c1,0.3008089092328064,2.4142368348718026
5857,CCOC(=O)c1cccc(NC(=O)NNc2nc3ccccc3c(=O)n2-c2ccc(OC)c(OC)c2)c1,0.24476720296545487,2.3888554061581573
5858,C[S+]([O-])c1ccc(C(=O)c2ccc3n2CCC3C(=O)O)cc1,0.6907182437479699,3.8724357628389505
5859,Cc1cc(C2CCCCC2)nc2ccccc12,0.6913222128288048,1.9327367356867118
5860,COc1ccc(COC2c3c(ncn3Cc3ccc(OC)cc3)N=CN(C)N2C)cc1,0.5807089114376953,3.4563889698545136
5861,CCCC[C@@H](C[C@@H](CCc1ccc(-c2ccc(C(=O)OC)cc2)cc1)C(=O)N[C@H](C(=O)NC)C(C)(C)C)C(=O)O,0.2754208919291835,3.4982023547016396
5862,CCCc1cc(C(=O)O)ccc1OC(C(=O)NS(=O)(=O)c1ccc(C(C)C)cc1)c1ccc2c(c1)OCO2,0.3755283666930837,3.042708849126937
5863,COc1cc(C)nc(N2C(=O)Cc3ccccc3C2=O)n1,0.7813559801465152,2.351002420953682
5864,CNC(N)c1ccc(C[C@H](NS(=O)(=O)c2ccc3ccccc3c2)C(=O)N2CCCCCC2)cc1,0.41694910068765906,3.160405030862705
5865,CCCCCC(O)c1cccc(OCc2cccnc2)c1,0.7362703618117404,2.3468682550337476
5866,CCCC[C@@H](C[C@@H](CCc1ccc(-c2cccc3ccccc23)cc1)C(=O)N[C@H](C(=O)NC)C(C)(C)C)C(=O)O,0.22551383883557796,3.496411006402033
5867,Cc1cn(CCCNC(=O)c2ccc(Cl)nc2)cn1,0.6726596120092581,2.2850797127552873
5868,O=C1c2c(O)ccc(O)c2C(=O)c2c(NCCNCCO)ccc(NCCNCCO)c21,0.13931677804751474,2.8144711051012283
5869,Cc1ccc(C(=O)c2ccc3n2CCC3C(=O)O)cc1,0.8712072576602672,2.727366943233873
5870,Cc1nn(-c2ccccc2)c(-c2ccccc2)c1CC(=O)O,0.8006975522081112,1.9075695110329107
5871,CCCC[C@@H](C[C@@H](CCc1ccc(CCC)cc1)C(=O)N[C@H](C(=O)Nc1ccncc1)C(C)(C)C)C(=O)O,0.26396076875374713,3.5405205702640012
5872,CC(=O)OC[C@]1(C)CCC[C@@]2(C)C1[C@H](O)CC1C[C@H](OC(C)=O)[C@@]3(C)CC[C@]12C3,0.7093165709513527,5.921118988189445
5873,CNC(=O)ON(C(C)=O)C(=O)NC,0.5000707895810634,3.224878910847986
5875,O=C1c2c(O)cc(O)cc2O[C@H](c2ccc(O)cc2)[C@H]1O,0.6329031876359167,3.2059096548185453
5876,CC[N+](CC)(CC)CC,0.509701869356552,2.9092143337109366
5877,COc1ccc(C2(O)OC(=O)C(c3ccc4c(c3)OCO4)=C2Cc2cc(OC)c(OC)c(OC)c2)cc1,0.45663070104508124,3.140071883670924
5878,COC(=O)C(Cc1ccc(C(F)(F)P(=O)(O)O)cc1)(Cc1ccc(C(F)(F)P(=O)(O)O)cc1)C(=O)O,0.12590686492854725,3.140762510445299
5879,CC(C)(CN1C(=O)c2ccccc2C1=O)C[N+](C)(C)CCCCCC[N+](C)(C)CC(C)(C)CN1C(=O)c2ccccc2C1=O.[Br-].[Br-],0.13759389265536792,3.3584855439429013
5880,CCCCCCC(C/C=C\CCCCCCCC(=O)OC1CCC2(C)C(=CCC3C2CCC2(C)C(C(C)CCCC(C)C)CCC32)C1)OC(=O)N(CCCl)CCCl,0.03769466331992071,5.2080121823461
5881,O=C(NCCCn1ccnc1)c1cccnc1,0.7823086683839425,2.0185413510713257
5882,CCCC[C@@H](C[C@@H](CCc1ccc(-c2ccc(OC)cc2)cc1)C(=O)N[C@H](C(=O)NC)C(C)(C)C)C(=O)O,0.3040123068406861,3.4309438838734696
5883,CCCCCC(O)c1cccc(COc2ccccc2)c1,0.7000359232779164,2.1605081037096614
5884,O=C(NCCn1ccnc1)c1ccco1,0.806459025423179,2.158429622300421
5885,CCCCCCCC/C=C\CCCCCCCCOC(=O)N(CCCCCCCCCCCC)CC(F)F,0.06932054849901856,2.7370621489616305
5886,CCCn1c(=O)c2nc(-c3ccc(OCC(=O)NCCN=C(S)Nc4ccc([N+](=O)[O-])cc4)cc3)[nH]c2n(CCC)c1=O,0.044631049346412294,3.151086577173544
5887,COc1ccc([C@@H]2[C@@H](C(=O)O)[C@H](c3ccc4c(c3)OCO4)CN2CC(=O)N(C)CC(C)C)cc1,0.6353968320086527,3.48033103992975
5888,O=C(c1ccccc1I)c1ccc2n1CCC2C(=O)O,0.6572866381140093,3.0102933168602473
5889,N=C(NCCO)c1ccc(N2CCCN(c3ccc(/C(N)=N/CCO)cc3)CC2)cc1,0.3185406939849498,2.7287071608193383
5890,O=C1CCN(N2C(=O)c3ccccc3C2=O)C(=O)N1,0.7265971570110398,2.6142419769062304
5891,Cc1ccc(C(=O)NC(C)C(=O)O)cc1,0.7821455109140603,1.9141781128001991
5892,CC1(C)C(=O)N(c2ccc(C#N)c(C(F)(F)F)c2)C(=O)N1CCCCF,0.44832919914110175,2.8173719643800474
5893,c1ccc(CCCN2CCC(COC(c3ccccc3)c3ccccc3)CC2)cc1,0.42857363201709303,2.034652494276651
5894,COc1ccc(CCN2CCC(COC(c3ccccc3)c3ccccc3)CC2)cc1,0.44371001345488686,2.0693702587863445
5895,CO[C@@H]1[C@@H](N)[C@@H](OC)[C@@H](O)[C@H]1O,0.4575880466767484,3.992124186008515
5896,O=C(Nc1ccc(C[C@H](/N=c2\c(O)c(O)\c2=N/C2CC2)C(=O)O)cc1)c1c(Cl)cncc1Cl,0.4016980082001515,3.6484164747282986
5897,COCCOCCOCC[N+]1(C)CCCC1.[I-],0.2685793805894801,3.008445959909296
5898,O=C(NCCCn1cnc(-c2ccccc2)c1)c1ccc(Cl)s1,0.6839896770400676,2.2152798418601716
5899,CC(C)=CC[C@@H](OC(=O)C(Cl)(Cl)Cl)C1=CC(=O)c2c(O)ccc(O)c2C1=O,0.32154750040655405,3.68799934695023
5900,Cc1cn(CCCNC(=O)c2ccc(Cl)s2)cn1,0.8578723689109722,2.367415425991915
5901,N#CN1CC(CNC(=O)C2CCCCC2)C1,0.7259019195539408,2.569142321502179
5902,CCCCCC(=O)c1cccc(OCc2cccc(C#N)c2)c1,0.5145596556046594,1.895174738008798
5903,O=C(c1c(F)c(F)c(F)c(F)c1F)c1ccc2n1CCC2C(=O)O,0.4026868946190094,3.3482394806786067
5904,N#CN1CCC(NC(=O)c2ccc(-c3ccccc3)cc2)C1,0.8844816771966036,2.5380050338753453
5905,CN1CC[C@@H](c2c(O)cc(O)c3c(=O)cc(-c4ccccc4Cl)oc23)[C@@H](O)C1,0.6095989367593201,3.412837565990479
5906,CCCCCC(O)c1cccc(OCc2ccccc2)c1,0.7000359232779164,2.1197686333439627
5907,CCCCCC(O)c1cccc(OCc2cccc(C(=O)OC)n2)c1,0.5491223131138862,2.5737530069876584
5908,COC1=NOC2C3CCC(CC12)N3.O=C(O)/C=C/C(=O)O,0.6230765179818193,5.038494912811654
5909,CC(C)(C)c1cc(/C=C/c2ccc(Cl)cc2)cc(C(C)(C)C)c1O,0.5940227484514875,2.2323126116823264
5910,C=C1CC2(CCCC2)OC1=O,0.3905622313290996,3.5622056404672087
5911,CCC(=O)N1N=C(c2ccc(N)cc2)c2cc3c(cc2CC1C)OCO3,0.8441229620767312,3.113904285954744
5912,CC1(C)C(=O)N(c2ccc(C#N)c(C(F)(F)F)c2)C(=O)N1Cc1cccc(I)c1,0.4323017343696421,2.6901158090951895
5913,COCCNC(=O)CN1C[C@@H](c2ccc3c(c2)OCO3)[C@H](C(=O)O)[C@H]1c1ccc(OC)cc1,0.5523778989316955,3.3521165816721883
5914,C/C=C/C=C/C(=O)O[C@H](CC=C(C)C)C1=CC(=O)c2c(O)ccc(O)c2C1=O,0.25511058430853994,3.7127917896710905
5915,CCCCOc1ccc(/C=C/c2ccc(NC(C)=O)cc2)cc1,0.5774801076157434,1.7705299827640424
5916,CCCCCCCCCC(=O)N[C@H]1CCOC1=O,0.5086414126069133,2.5352913475900074
5917,CC[C@]1(CO)CC2C3Cc4ccc(OC)c5c4C2(CCN3C)C(O5)[C@@H]1O,0.8605731286804503,5.530525556463494
5918,CC(C)Oc1cccc(-n2c(NNC(=O)Nc3cccc(C(=O)OC(C)(C)C)c3)nc3ccccc3c2=O)c1,0.21989367052094097,2.5718915318275215
5919,O=C(c1ccc(-c2ccccc2)cc1)c1ccc2n1CCC2C(=O)O,0.7362874805602343,2.625510076326771
5920,O=C(NCC=C(c1ccccc1)c1ccccc1)c1ccc(Cl)c(Cl)c1,0.588863782747755,1.9686559510021233
5921,O=C(NCCCn1ccnc1)c1sc2ccccc2c1Cl,0.730739953685364,2.189048664568361
5922,CCCC/C=C/c1ccc(OCc2cccc(C(=O)OC)c2)cc1,0.49088313133723405,1.9168823023177772
5923,COc1cc(-c2[nH]c(=O)[nH]c2C(=O)Nc2ccc(C(C)(C)C)cc2)cc(OC)c1OC,0.5546550009475546,2.4268495859553383
5924,Cc1cccc(C)c1N1C(=O)c2ccccc2C1=O,0.7302046522434893,1.8134117882269827
5925,CCCC[C@@H](C[C@@H](CCc1ccc(-c2cc(Cl)cc(Cl)c2)cc1)C(=O)N[C@H](C(=O)NC)C(C)(C)C)C(=O)O,0.250796843270782,3.5761246329973853
5926,COc1ccc2c3c1OC1[C@H](O)[C@](CO)(CCCc4ccccc4)CC4C(C2)N(CC2CC2)CCC341,0.5843047029439747,5.419488671316019
5927,CNc1ccc(Cl)cc1C(=O)c1cc(OC)c(OC)c(OC)c1,0.8167185801876843,1.9877177949518554
5928,CCCCC/C=C/C/C=C/CCCCCCCC(=O)O[C@H](CC=C(C)C)C1=CC(=O)c2c(O)ccc(O)c2C1=O,0.082242510930561,3.7027370080992483
5929,CSc1ccc(C(=O)c2ccc3n2CCCC3C(=O)O)cc1,0.6937132886648281,2.8800641452277027
5930,C#Cc1ccc(C(=O)c2ccc3n2CCC3C(=O)O)cc1,0.6923234587341547,3.051558425380211
5931,COP(=O)(Oc1ccccc1-c1ccccc1O)C1CCCN1C(=O)[C@@H]1CCCN1.Cl,0.6134021540193471,3.8363798719663142
5932,COc1ccc(/C=C\c2cc(OC)c(OC)c(OC)c2)cc1O,0.8252975349299134,2.0074311191276806
5933,COC(=O)CCNC(=O)c1ccc(OP(=O)(Oc2ccc(C(=O)NCCC(=O)OC)cc2)C2CCCN2C(=O)C2CCCN2)cc1.Cl,0.19555556593707957,3.7935557104956166
5934,CCCn1c(=O)c2nc(-c3ccc(OCC(=O)NCCNC(=O)CCSSc4ccccn4)cc3)[nH]c2n(CCC)c1=O,0.12585897786430977,3.084165063210789
5935,CNC=O,0.3999167569393753,3.1942615080064414
5936,COc1cc(C(=O)c2cc(Cl)ccc2O)cc(OC)c1OC,0.8555700683374563,1.9122510494944507
5937,CN(C)Cc1ccc(CSCCNc2n[s+]([O-])nc2N)o1,0.5578691763643814,4.160823092916066
5938,Cc1ccc2c(c1)C(=O)N(CCC[N+](C)(C)CCCCCC[N+](C)(C)CC(C)(C)CN1C(=O)c3ccccc3C1=O)C2=O.[Br-].[Br-],0.1336092140501008,3.4081485770584568
5939,Cc1ccc(C(=O)NCCCn2ccnc2)s1,0.8245957534548002,2.2070314170053926
5940,O=C(NCCCn1ccnc1)c1ccc(Cl)s1,0.8476657964045191,2.2246668958123
5941,O=C(NCCCn1ccnc1)c1cc2ccccc2[nH]1,0.6966467463204273,2.142722314296263
5942,CN(C)c1ccc2c(c1)CC(N)(C(=O)O)CC2,0.8015686487682541,3.020774000586001
5943,CO[C@H]1CCC2(C)C(=CCC3C2CCC2(C)C3CC[C@@H]2N(C)CCCC(C)C)C1,0.4590671904324794,4.362811741116908
5944,O=C(NCCCn1ccnc1)c1ccco1,0.7708209216284525,2.12438055390807
5945,CCCCCC(OC)c1cccc(OCc2cccc(C(=O)OC)c2)c1,0.42679598564409854,2.4911005437510028
5946,CCOC(=O)c1cccc(NC(=O)NNc2nc3ccccc3c(=O)n2-c2ccc(OC)cc2)c1,0.2760658480562832,2.28731052432779
5947,Cc1cc(C)c(C)c(N2C(=O)c3ccccc3C2=O)c1C,0.7459990381129431,2.109884106262129
5948,Cn1c(=O)c2nc(-c3ccc(S(=O)(=O)Oc4ccc([N+](=O)[O-])cc4)cc3)[nH]c2n(C)c1=O,0.26662706305958106,2.633730798339993
5949,CCCCCCCCCCC(=O)N[C@H]1CCOC1=O,0.489819622790371,2.5392879118797733
5950,CCCN(CCC)c1ccc2c(c1)CC(N)(C(=O)O)CC2,0.8448194674521737,3.0852238796804414
5951,CCCNc1ccc2c(c1)CC(N)(C(=O)O)CC2,0.7589034540187574,2.921946496911275
5952,Cn1c(=O)c2nc(-c3ccc(S(=O)(=O)Oc4cccc([N+](=O)[O-])c4)cc3)[nH]c2n(C)c1=O,0.26662706305958106,2.6778323717665646
5953,CC1CC(=O)OC[C@]23C[C@@H](O)[C@H](C)C[C@H]2O[C@@H]2C[C@@H](OC(=O)/C=C\C=C\C(C(C)O)O[C@H](O)C1)[C@@]3(C)C21CO1,0.32644905732562246,7.535445322642269
5954,CCOc1ccccc1NC(=O)Nc1ccc2cnccc2n1,0.7707002406414504,2.0355794974284844
5955,FC(F)(F)[C@H]1Cc2ccc(Br)cc2CN1,0.7699121645164083,3.1506936006050763
5956,NNC(N)c1ccc(C[C@H](NS(=O)(=O)c2ccc3ccccc3c2)C(=O)N2CCCCCC2)cc1,0.2158385082895384,3.1767822616319368
5957,N[C@@H](Cc1ccccc1)C(O)[C@@H](N)Cc1ccccc1,0.7443648478232016,2.665446439578176
5958,Nc1cccc(NC(=O)Nc2ccccc2)c1,0.6903675261375661,1.491843661903351
5959,Cn1cc(-c2csc(C(N)=O)n2)c2c1C(=O)C=C(N)C2=O,0.834788123006932,3.2427958471528173
5960,[2H]C([2H])([2H])NC=O,0.4235254753384415,6.712943043537653
5961,CN(C)c1cccc(-n2c(NNC(=O)Nc3cccc(C#N)c3)nc3ccccc3c2=O)c1,0.41032101693946327,2.4887140404881354
5962,Cn1nnnc1C(=C\c1ccc(F)cc1)/C=C/C(O)CC(O)CC(=O)[O-].[Na+],0.36093922461470873,4.2415505442422745
5963,Cc1cccc(C(=O)c2ccc3n2CCC3C(=O)O)c1,0.8712072576602672,2.8033477124646424
5964,Cc1cccc(NC(=O)NNc2nc3ccccc3c(=O)n2-c2ccc(Cl)cc2)c1,0.42493331685296026,2.177730562255185
5965,COc1ccc(C(=O)c2cc(OC)c(OC)c(OC)c2)c(N)c1,0.6512459242236867,1.964566146600209
5966,CCOC(=O)/C=C(C)/C(F)=C/C=C(C)/C=C/c1c(Cl)cc(OC)c(C)c1C,0.31058634431057414,3.2242298079918674
5967,CCCC[C@@H](C[C@@H](CCc1ccc(-c2cccc(N)c2)cc1)C(=O)N[C@H](C(=O)Nc1ccccc1)C(C)(C)C)C(=O)O,0.15627864922658297,3.5145781080045877
5968,CCCC[C@@H](C[C@@H](CCc1ccc(-c2ccc(Br)cc2)cc1)C(=O)N[C@H](C(=O)NC)C(C)(C)C)C(=O)O,0.26512246209695844,3.467870717836936
5969,O=C(NCCn1ccnc1)c1sc2ccccc2c1Cl,0.80448576820622,2.2028707025532412
5970,CCCCCCCCCCCC(=O)N[C@H]1CCOC1=O,0.4671849987325033,2.5461168420192983
5971,CCN1C(C(=O)N[C@@H](Cc2ccccc2)C(=O)C(=O)NCCCNS(=O)(=O)c2ccc(F)cc2)Cc2cc3c(cc2S1(=O)=O)OCCO3,0.17515870110873347,3.8192167603471603
5972,O=C(c1ccccc1)C(Cc1ccc(C(F)(F)P(=O)(O)O)c(Br)c1)c1ccccc1,0.317080918595554,2.9129587533331733
5973,N[C@@]1(C(=O)O)CC[C@H]2[C@H](C(=O)O)[C@H]21,0.5385077583921677,3.959740751487658
5974,CCC1=C(c2ccc(-n3ccnc3C)cc2)CNC1=O,0.9283039192442336,2.629880977577672
5975,O=C(NCCCCn1ccnc1)c1cccs1,0.7973895868714773,2.123052120302095
5976,O=C(NCCC(c1ccccc1)c1ccccc1)c1cc2ccccc2[nH]1,0.49584135227169696,1.9623028849149442
5977,Cn1cc[n+](C)c1/C=C/c1ccc(-c2cccs2)s1.[I-],0.4434443937839025,3.361726509677151
5978,CCOC(=O)c1cc2c3cc(N)ccc3nc(O)n2n1,0.5388546926681913,2.664097938248579
5979,O=C(NCCCn1ccnc1)c1sc2cc(F)ccc2c1Cl,0.7213556130087405,2.3143299505933506
5980,CCN(CC)CCNc1ccc2ncn3c4ccc(C(C)(C)C)cc4c(=O)c1c23,0.49295611350270535,2.678846118102422
5981,CCCCCC(O)c1cccc(OCc2cccc(C(N)=O)c2)c1,0.6842934501895812,2.361461893008924
5982,CC(C)=CC[C@@H](OC(=O)Cc1ccccc1)C1=CC(=O)c2c(O)ccc(O)c2C1=O,0.42847184497512814,3.236913711627893
5983,CC(C)=CC[C@@H](OC(=O)c1ccccc1)C1=CC(=O)c2c(O)ccc(O)c2C1=O,0.45335808934006183,3.1855216462867375
5984,O=C(NCCCn1ccnc1)c1cccs1,0.8027317370009897,2.1145674606183817
5985,CC(C)CCCC(C)C1CCC2C3CC=C4CC(OCCOCCOCCOCCOP(O)(=S)OCCSC5OC(CO)C(O)C(O)C5O)CCC4(C)C3CCC12C,0.039735755116464794,5.709164975699022
5986,CCCCCCCCC1CC1CCCCCCCC(=O)O,0.36582870294873726,2.8689268961978556
5987,CCCOc1ccc2c(c1)[C@@H](c1ccc(OC)cc1OCC(=O)O)[C@H](C(=O)O)[C@H]2c1ccc2c(c1)OCO2,0.39331341470627407,3.5511536471870793
5988,CCCCCC(O)c1ccccc1OCc1cccc(C(=O)OC)c1,0.5315174442824351,2.3689157372151772
5989,CC(C)(C)c1cc(C(=O)c2cccs2)cc(C(C)(C)C)c1O,0.7653375821761826,2.338930784242459
5990,CCCC[C@@H](C[C@@H](CCc1ccc(-c2ccc(C(N)=O)cc2)cc1)C(=O)N[C@H](C(=O)NC)C(C)(C)C)C(=O)O,0.27982941574457637,3.5066117320675936
5991,C=C=C(CN)Cc1ccccc1,0.6696245067427183,2.6183501586929054
5992,CCC/C=C/CCCCCCC(=O)CC(=O)N[C@H]1CCOC1=O,0.25919292168490143,3.101490417857688
5993,O=C(NCCCn1cncn1)c1cc2ccccc2o1,0.7179431681231531,2.1748618188594957
5994,CC[C@H](C)[C@H](NC(=O)[C@H](Cc1ccc(O)cc1)NC(=O)[C@@H]1CCCN1C(=O)[C@H](CCCCN)NC(=O)OC(C)(C)C)C(=O)N[C@@H](CC(C)C)C(=O)O,0.10285817958554293,4.220115263936497
5995,O=C(NCCCn1ccnc1)c1cc2cc(Cl)ccc2s1,0.730739953685364,2.2782723720084608
5996,Cc1cccc(Sc2cnc(O)nc2)c1,0.8413104914914867,2.7399177341885324
5997,Cc1ccc(Sc2cnc(O)nc2)cc1,0.8413104914914867,2.64076317247118
5999,C=C=C(CN)Cc1ccc(Cl)cc1,0.7341313289333509,2.6771782115472877
6000,CCCCOCCN1C[C@@H](c2ccc3c(c2)OCO3)[C@H](C(=O)O)[C@H]1c1ccc(OC)cc1,0.5567849822382125,3.3743155430975307
6001,CCc1c(CC(=O)NC)nn(-c2ccccc2)c1-c1ccccc1,0.7833791605376862,2.17445287087965
6002,C=CCSC(NC(=O)[C@H](Cc1ccccc1)NS(=O)(=O)N1CCOCC1)C(=O)N[C@@H](CC1CCCCC1)[C@@H](O)CC(=O)NCCN1CCOCC1,0.09452084100000423,4.399241948949318
6003,CC(C)(CN1C(=O)c2ccccc2C1=O)C[N+](C)(C)CCCCCC[N+](C)(C)CCCN1C(=O)c2ccccc2C1=O.[Br-].[Br-],0.12993701020861584,3.2765218125774913
6004,O=C(NCCCn1ccnc1)c1cccnc1Cl,0.6611540759365323,2.141972526583631
6005,O=C(O)CCCCCNC(=O)N(Cc1ccc2ccccc2c1)Cc1cccc2ccccc12,0.2743774268958395,2.187078994520917
6006,CCOC(=O)c1cccc(NC(=O)NNc2nc3ccccc3c(=O)n2-c2cccnc2)c1,0.30797784451128335,2.3802583733333424
6007,COc1cccc(NC(=O)NNc2nc3ccccc3c(=O)n2-c2cccc(OC(C)C)c2)c1,0.35532569244145695,2.3615038521375293
6008,O=C(C[C@@H](Cc1cccc(O)c1)C(=O)N[C@H]1c2ccccc2C[C@H]1O)NO,0.3869681153597451,3.350841820275929
6009,CCCN1CCN(CCC(=O)c2ccc(O)c(O)c2[N+](=O)[O-])CC1,0.33669874222023516,2.4168831536403683
6010,CCc1cc(Cl)c(OC)c(C(=O)NC[C@@H]2CCCN2CC)c1O,0.8355826926800201,2.9323351515855016
6011,Cc1ccc(C(=O)c2ccc3n2CCCC3C(=O)O)cc1,0.8808881964838968,2.6963154006083716
6012,Cn1nnnc1C(CCC(O)CC(O)CC(=O)[O-])Cc1ccc(F)cc1.[Na+],0.4089704064080965,4.083166244878003
6014,CCOC(=O)c1nc2c(N)nc3ccc(Cl)cc3n2n1,0.7218895884716953,2.5180828283584695
6015,CCOC(=O)c1cc2n(n1)C(C(=O)O)Nc1ccccc1-2,0.8350583619692973,3.150858816514501
6016,Cc1ccccc1N1C(=O)c2ccccc2C1=O,0.7150523431805664,1.6089502676208731
6017,C=CCCCCCCCCCC(=O)CC(=O)N[C@H]1CCOC1=O,0.24460606117274822,2.998293968153547
6018,CC1CCCN(CCC(=O)c2ccc(O)c(O)c2[N+](=O)[O-])C1,0.37422799374742294,2.9129310434907314
6019,O=C(c1ccc(Br)cc1)c1ccc2n1CCC2C(=O)O,0.8779562091523466,2.811131228948158
6020,O=C(O)C1=NN2C(=O)Nc3ccccc3C2C1,0.7663235419019315,3.1607609989137613
6021,O=C(O)c1cc2n(n1)C(C(=O)O)Nc1cc(Cl)ccc1-2,0.7810362158346383,3.3456924327443627
6022,CCCCN(CCCC)C(=O)CN1CC(c2ccc3c(c2)OCO3)C(C(=O)O)C1c1ccc(OC)cc1,0.44300197112127093,3.505709899645227
6023,COc1ccc([C@@H]2[C@@H](C(=O)O)[C@H](c3ccc4c(c3)OCO4)CN2Cc2ccc(F)cc2)cc1,0.5931508774444554,3.2457318835931126
6025,COc1cc([C@@H]2c3cc4c(cc3N[C@@H]3COC(=O)N23)OCO4)cc(OC)c1OC,0.8383902693670763,3.6207831370459473
6026,COCCN1CCC(CNC(=O)N2CCC(C)CC2)C1,0.8292565355480467,2.608140323800674
6027,Oc1c(Br)cc(Cl)cc1/C=C/c1ccc2c(Cl)cc(Cl)c(O)c2n1,0.47094838737116024,2.7437488879061007
6028,COc1ccccc1NC(=O)c1c(N)cccc1S(=O)(=O)c1ccc(F)cc1,0.5045076510896175,2.073159023952602
6029,CCN(CC)C(=S)SCC(=O)c1cc(C)n(-c2ccccc2)c1C,0.5535606313755523,2.3470817550389693
6030,NS(=O)(=O)c1ccc(Nc2nc(N3CCOCC3)nc3c2CN(CCOc2ccccc2)C3=O)cc1,0.46360373816222894,2.6184473461496935
6031,COC(=O)C1=NN2C(=O)Nc3cc(Cl)ccc3C2C1,0.8009071651304603,3.1998033932537453
6032,NC(Cc1ccccc1OCC(=O)O)C(=O)O,0.649257244489021,2.294215137709749
6033,O=C1CCc2cc(O)c(O)c([N+](=O)[O-])c21,0.40989559396238784,2.7031735034193023
6034,C=C1CC(C)(C)OC1=O,0.3606266003032826,3.229421987158667
6035,CC(C)[C@H](NC(=O)[C@@H](N)Cc1ccc(O)cc1)C(=O)N1CCC[C@@H]1C(=O)NCC(=O)N[C@@H](Cc1ccccc1)C(=O)N1CCC[C@@H]1C(N)=O,0.155843156266056,3.94014374425854
6036,CN1CCC(c2c(O)cc(O)c3c(=O)cc(-c4ccccc4Cl)oc23)C(=O)C1,0.684825834519093,3.2894733374755125
6037,N=C(N)c1ccc(N2CCN(c3ccc(C(=N)N)cc3)CC2)cc1,0.5062899845446676,1.9608534343999118
6038,Cc1onc2c(=O)n(CCCN3CCN(c4cccc(Cl)c4)CC3)nc(-c3ccccc3)c12,0.4261060466071455,2.449735276167349
6039,CCOC(=O)c1nc2c(O)nc3ccc(C)cc3n2n1,0.7103699886218826,2.628686399787041
6040,C[C@@]1(N2C(=O)c3ccc([N+](=O)[O-])cc3C2=O)CCC(=O)NC1=O,0.4772421683482221,3.1299041342157725
6041,COc1ccc([C@@H]2[C@@H](C(=O)O)[C@H](c3ccc4c(c3)OCO4)CN2C(=O)COc2ccc(F)cc2)cc1,0.5315425111888483,3.3779840130645287
6042,COc1ccc(N2CCN(CCC(=O)c3ccc(O)c(O)c3[N+](=O)[O-])CC2)cc1,0.3144348523303544,2.3368512463075515
6043,COc1ccccc1-c1ccc(C[C@H](CC(=O)NO)C(=O)N[C@H]2c3ccccc3C[C@H]2O)cc1,0.3050733316454348,3.2911006363235895
6044,CC#Cc1c(C)nn(-c2ccccc2)c1-c1ccccc1,0.6386393413979735,2.21649809710304
6045,CS(=O)(=O)c1ccc(C(=O)c2ccc3n2CCCC3C(=O)O)cc1,0.8548663066003044,2.8241253853988884
6046,CCCC/C=C(/C)c1ccccc1OCc1cccc(C(=O)OC)c1,0.4609945196326105,2.1288891560032948
6047,C[N+](C)(CCCCCC[N+](C)(C)CCCN1C(=O)c2ccc(C(F)(F)F)cc2C1=O)CCCN1C(=O)c2ccc(C(F)(F)F)cc2C1=O.[Br-].[Br-],0.11074147480244247,3.3258799542341757
6048,CCCC[C@@H](C[C@@H](CCc1ccc(-c2ccc(S(C)(=O)=O)cc2)cc1)C(=O)N[C@H](C(=O)NC)C(C)(C)C)C(=O)O,0.29637699247331717,3.556092780483808
6049,Nc1ccc(C(=O)NCC(=O)O)cc1,0.5940584768895217,1.6145417192953762
6050,CC(NC(=O)Cc1cccc(I)c1)C1CCC2C3CC=C4CC(O)CCC4(C)C3CCC12C,0.33608700589258805,4.3101445696342084
6051,C[N+](C)(CCCCCC[N+](C)(C)CCCN1C(=O)c2nccnc2C1=O)CCCN1C(=O)c2nccnc2C1=O.[Br-].[Br-],0.10324626678433468,3.478500335560624
6052,C[N+](C)(CCCCCC[N+](C)(C)CCCN1C(=O)C2C3c4ccccc4C(c4ccccc43)C2C1=O)CCCN1C(=O)c2ccccc2C1=O.[Br-].[Br-],0.11974077504026752,4.690547231840895
6053,CC(C)(C)OC(=O)NC(Cc1cc([N+](=O)[O-])cc([N+](=O)[O-])c1O)C(=O)O,0.49479501389514663,2.874294443276245
6054,COCCOCCOCCN1CCCC1COCCOCCOC,0.3602169268585449,2.9484136771071796
6055,Cc1cc(C)cc(N2C(=O)Cc3ccccc3C2=O)c1,0.7431586631352202,2.0217600261606687
6056,O=C(CCCCCCCCCBr)CC(=O)N[C@H]1CCOC1=O,0.24607771781644988,3.0038085621011525
6057,CCCCCCCCCCC(=O)CC(=O)N[C@H]1CCOC1=O,0.3415789941007269,2.8031286613567357
6058,O=C(O)CN(C(=O)c1ccccc1)c1cccc([N+](=O)[O-])c1,0.6742401709940071,1.944910494639469
6059,O=C(NCCCn1ccnc1)c1cc(Br)c(Br)s1,0.7932578542494209,2.493545742733996
6060,O=C(c1ccccc1)C(C/C=C/c1ccccc1)(Cc1ccc(C(F)(F)P(=O)(O)O)cc1)c1ccccc1,0.16510295143903547,3.20231852498567
6061,Cc1ccnc2c1NC(=O)c1cccnc1N2C1CC1,0.8617161250864191,2.5944323945817214
6062,CCCC(=O)O[C@H](CC=C(C)C)C1=CC(=O)c2c(O)ccc(O)c2C1=O,0.45865206787881935,3.4128217911522505
6063,CC(=O)NC(Cc1cc([N+](=O)[O-])cc([N+](=O)[O-])c1O)C(=O)O,0.49746197551290244,2.8207584119117826
6064,CCN1CCC[C@H]1CNC(=O)c1c(O)c(Cl)cc(Cl)c1OC,0.8598510559963802,2.881253351183039
6065,COC(=O)C(NP(=O)(OCC1OC(n2cc(C)c(=O)[nH]c2=O)CC1N=[N+]=[N-])Oc1ccccc1)C(C)C,0.14308799085306617,4.318956141983475
6066,O=C(Nc1ccc(C[C@H](/N=c2\c(O)c(O)\c2=N/C2CCCC2)C(=O)O)cc1)c1c(Cl)cncc1Cl,0.37840037707273616,3.6556799280571948
6067,CCCCC(C)(C)C(O)c1cccc(OCc2ccccc2)c1,0.6955898822272183,2.4824821338340204
6068,CCCC[C@@H](C[C@@H](CCc1ccc(-c2ccc(F)cc2)cc1)C(=O)N[C@H](C(=O)NC)C(C)(C)C)C(=O)O,0.3255693621424252,3.4346385776998467
6069,CC(=O)OCC1=C(C(=O)O)N2C(=O)[C@@H](NC(=O)CN(OCc3cccc(Cl)c3)C(=O)NCc3ccccc3)C2SC1,0.19954479893546043,3.6940052153996996
6070,CC(NC(=O)c1ccccc1)C(=O)O,0.748704774784082,1.8444877051944921
6071,CC1CC(C)CN(CCC(=O)c2ccc(O)c(O)c2[N+](=O)[O-])C1,0.37354116678328775,3.2836133713201647
6072,C[N+](C)(CCCCCC[N+](C)(C)CCCN1C(=O)c2cc(Cl)c(Cl)cc2C1=O)CCCN1C(=O)c2cc(Cl)c(Cl)cc2C1=O.[Br-].[Br-],0.15059673196257736,3.1989717039420977
6074,CCN1C(C(=O)N[C@@H](Cc2ccccc2)C(=O)C(=O)NCCNS(=O)(=O)c2ccccc2)Cc2cc3c(cc2S1(=O)=O)OCCO3,0.18571310556855505,3.7529783426393015
6075,COc1cccc(C(=O)c2ccc3n2CCC3C(=O)O)c1,0.8751443120296107,2.7723448660581784
6076,Cc1ccc2c(Cl)c(C(=O)NCCCn3ccnc3)sc2c1,0.7201691296200493,2.2849123681757693
6077,CC(C)Cc1cccc(-c2ccccc2C(C)C)c1O[C@@H]1C[C@@H](CNC(=O)c2ccc(/C=C3\SC(=O)NC3=O)cc2)N(C(=O)c2ccccc2C(=O)c2ccc(F)cc2)C1,0.08967201634191482,4.073574852422828
6078,CC[C@H]1CC[C@@H](O)[C@@H](CO[C@@H]2O[C@H](CO)[C@@H](O)[C@H](O)[C@H]2O)N1,0.33301745806959765,4.454539908718129
6079,CCCCn1c(=O)[nH]c2[nH]c(-c3ccc(S(=O)(=O)Oc4cccc([N+](=O)[O-])c4)cc3)nc2c1=O,0.217769414625412,2.804689756390628
6080,Cc1cccc(NC(=O)NNc2nc3ccccc3c(=O)n2-c2ccccc2)c1,0.46584816222744735,2.113927009433313
6081,CCC/N=c1\c(O)c(O)\c1=N/[C@@H](Cc1ccc(-c2ccccc2OC)cc1)C(=O)O,0.530372772275829,3.368152927833375
6082,CCOC(=O)c1nc2c(O)nc3ccc(NC(C)=O)cc3n2n1,0.6949511656272249,2.6244763114353713
6083,COCCOCCOCC1CCCN1C,0.5616862228320447,2.735692719240271
6084,O=Cc1ccn(-c2cc3c(cc2Cl)nc(O)n2nc(C(=O)O)cc32)c1,0.545766140913667,3.162236950462357
6085,O=C(CCCCCCCCCO)CC(=O)N[C@H]1CCOC1=O,0.3233934656688879,2.8953663784783235
6086,C=C1C(=O)OC2CC3(C)CCCC(C)C3=CC12,0.36392013401507706,4.518825376714979
6087,CCCCN(CCCC)C(=O)N1C[C@@H](c2ccc3c(c2)OCO3)[C@H](C(=O)O)[C@H]1c1ccc(OC)cc1,0.48102522059242014,3.581933839537313
6088,CC(C)(C)c1cc(/C=C/c2ccncc2)cc(C(C)(C)C)c1O,0.7883119050751,2.4060370434452985
6089,O=C(NCC=C(c1ccccc1)c1ccccc1)c1ccc2ccccc2c1,0.4839532603241882,1.951950084050985
6090,O=C(O)c1ccc(N/C(S)=N/c2ccccc2)cc1,0.45560929864314453,2.1531130460886185
6091,CCC(=O)O[C@H](CC=C(C)C)C1=CC(=O)c2c(O)ccc(O)c2C1=O,0.4835006650798225,3.4549848467056457
6092,CC(=O)Nc1ccc(/C=C/c2ccc(Br)cc2)cc1,0.8253148355551501,1.7149489435245187
6093,COc1cc(C(=O)c2cc(Cl)ccc2N)cc(OC)c1OC,0.6762163625254553,1.9469102802636797
6095,C=C=C(CN)Cc1ccc(OC)cc1,0.7341862202871661,2.5555385738578185
6096,CC(CCNC(=O)c1ccc(Cl)nc1)n1ccnc1,0.8540236014260173,2.875875091366952
6097,CCCC[C@@H]1N[C@H](CO)[C@H](O)[C@H](O)[C@H]1C,0.529058256483,4.146238696258193
6098,O=C(NCc1ccc(Cl)cc1)c1ccc(N2CC3CC(C2)c2cccc(=O)n2C3)c(NS(=O)(=O)c2ccc3c(c2)OCCO3)c1,0.30064834283405845,4.196601667051366
6100,O=C(O)c1cc2n(n1)C(C(=O)O)Nc1ccccc1-2,0.7494585519117902,3.217934017346634
6101,O=C1C[C@@H](c2ccc(O)c(O)c2)Oc2cc(O)cc(O)c21,0.5992714485146342,2.9936673810067003
6102,CC(C)Oc1cccc(-n2c(NNC(=O)Nc3ccc(Cl)cc3)nc3ccccc3c2=O)c1,0.350442563352028,2.3252307344324894
6103,O=C1c2ccccc2C(=O)N1CCn1ccc(=O)[nH]c1=O,0.7926023695278629,2.1705659150866676
6104,Cc1nccn1CCCNC(=O)c1ccc(Cl)nc1,0.6726596120092581,2.176172020447595
6105,CCCCCC(O)c1cccc(OCc2cccc(C(=O)O)c2)c1,0.6613544826334029,2.3234745626921818
6106,COc1ccc(CN[C@@H](CCCN=C(N)N)C(N)=O)c(Cl)c1OC,0.27067663902960054,2.9124139814182524
6107,CCCCCC(O)c1cccc(OCc2cccc(CC(=O)OC)c2)c1,0.4994132219888787,2.4442949304453894
6108,C=CC(=O)OC,0.33962825058753815,2.5417182405938537
6109,O=C1c2ccccc2C(=O)N1c1ccccc1,0.696344832891931,1.4887522961262718
6110,C#CCN(C)C(=O)CN1C[C@@H](c2ccc3c(c2)OCO3)[C@H](C(=O)O)[C@H]1c1ccc(OC)cc1,0.6481153272416563,3.6148744825221986
6111,C=C1CC2(CCCCC2)OC1=O,0.40705639101668245,3.4311609219199566
6112,CCCCNC(=O)N1N=C(c2ccc(N)cc2)c2cc3c(cc2CC1C)OCO3,0.6134679253522659,3.138333516073579
6113,O=C(O)c1cc2c3ccc(Cl)cc3nc(O)n2n1,0.7004179523578589,2.6243261952226824
6114,CC1CCN(CCC(=O)c2ccc(O)c(O)c2[N+](=O)[O-])CC1,0.37422799374742294,2.4359241264175253
6115,C=C=C(CNC)Cc1ccccc1,0.6879281124856571,2.619923325892403
6116,Cn1c(=O)[nH]c2[nH]c(-c3ccccc3)nc2c1=O,0.6556425238099752,2.5068923490688366
6117,Cc1cn(CCCNC(=O)c2cc3ccccc3[nH]2)cn1,0.7062001904880838,2.272988134934062
6118,CCCCCC(O)c1cccc(OCc2ccccc2C(=O)O)c1,0.6613544826334029,2.354459404321142
6119,O=C(NCCCCCCCCn1ccnc1)c1ccc(Cl)s1,0.6532563158147987,2.2413918668021413
6120,O=C(NCCCn1cncn1)c1ccc(Cl)s1,0.84327222793739,2.3005918565658305
6121,CC(C)(C)c1cc(/C=C/c2ccc(Cl)s2)cc(C(C)(C)C)c1O,0.6271451381850507,2.5756439343861928
6122,CCCCC/C=C\C/C=C\C/C=C\C/C=C\CCCC(=O)CC(F)(F)F,0.2135778740734483,3.0494598371981176
6124,N=C(NC1CC1)c1ccc(N2CCCN(c3ccc(C(=N)NC4CC4)cc3)CC2)cc1,0.42894296080400285,2.7218665385202883
6125,NNC(N)c1ccc(C[C@@H](NC(=O)CNS(=O)(=O)c2ccc3ccccc3c2)C(=O)N2CCCCC2)cc1,0.14765013559644563,3.2832910375243056
6126,COc1ccc2c3c1OC1[C@H](O)[C@](CO)(CCCc4ccccc4)CC4C(C2)N(CC2CCC2)CCC341,0.555268372554621,5.4301212676293
6127,O=C(O)[C@H](O)[C@@H](O)[C@H](O)[C@H](O)C(O)CO,0.24027637505725433,3.827570401039898
6128,N#Cc1cccc(C(=O)c2ccc3n2CCC3C(=O)O)c1,0.8732056384174269,2.9634757656670434
6129,CCCCCCCC(=O)O[C@H](CC=C(C)C)C1=CC(=O)c2c(O)ccc(O)c2C1=O,0.24092376291558684,3.3422669723254677
6130,O=P(O)(O)C(F)(F)c1ccc(CC(CCCc2ccccc2)(c2ccccc2)n2nnc3ccccc32)cc1,0.19083777188182557,3.2671736051664793
6131,CCS[C@@H]1[C@@H](N)[C@@H](O)[C@@H](O)[C@H]1O,0.43007042546262814,4.413994161194619
6132,CN(CCCNC(=O)c1cccc2cc3ccccc3nc12)CCCNC(=O)c1cccc2cc3ccccc3nc12,0.16088728821762835,2.6014631481546147
6133,CC(C)Oc1cccc(-n2c(NNC(=O)Nc3cccc(C#N)c3)nc3ccccc3c2=O)c1,0.37571086185079716,2.47249433588059
6134,CC[C@H](C)[C@H](NC(=O)CSC1=CC(=O)c2cccc(OC)c2C1=O)C(=O)OC,0.6631537405733631,3.2655689580801717
6135,CC(C)/N=C(\N)c1ccc(N2CCCN(c3ccc(/C(N)=N/C(C)C)cc3)CC2)cc1,0.5521164472221397,2.5354808919313108
6136,CN1CCC23c4c5ccc(O)c4OC2[C@H](O)[C@](CO)(CCCCCc2ccccc2)CC3C1C5,0.5447975464895654,5.4008440031466405
6137,CCOC(=O)c1nn(CCCN2CCN(c3cccc(Cl)c3)CC2)c(=O)c2noc(C)c12,0.4977079100444432,2.566994878490611
6138,C[C@]12CC[C@H](O)C[C@@H]1CC[C@@H]1[C@H]2CC[C@]2(C)C(=O)CC[C@@H]12,0.7329727353787588,3.934366653268473
6139,C/C(=C\CO)CC/C=C(\C)C(=O)O[C@@H]1[C@@H]2O[C@]2(CO)[C@H]2[C@H](O[C@@H]3O[C@H](CO)[C@@H](O)[C@H](O)[C@H]3O)OC=C[C@@]12O,0.06713827966644349,5.535973461414304
6140,Cl.Cl.FC(F)(F)c1ccc(OCCc2ccc(CN3CCN(c4ccccc4)CC3)cc2)cc1,0.3592455061255292,2.1288312948521675
6141,Brc1ccc(OCCCn2c3c(c4ccccc42)CCNC3)cc1.O=C(O)C(F)(F)F,0.477039344730483,2.516219803781288
6142,CC(=O)Nc1cnn(CC2CCCO2)c1,0.8082149271090081,2.6800022004567285
6143,Cc1c(C(=O)N2CCN(c3nc(-c4ccc(C(F)(F)F)cc4)cs3)CC2)cnn1-c1nn2cccc2c(=O)[nH]1,0.364078721120899,3.007643588895176
6144,COc1cc2[nH]c([S+]([O-])Cc3nccc(OC)c3C)nc2cc1OC(F)F,0.6157852605288143,3.8014210327573794
6145,CCOc1nc2ccc(OCCCOc3ccc4c(c3)OCO4)cc2o1,0.5677693540004304,2.375296222730393
6146,COC(=O)c1cccc(NC(=O)N[C@@H]2N=C(c3ccccc3)c3ccccc3N(C)C2=O)c1,0.6047910526255201,2.7127259493780347
6147,CCCc1cc(C)c2ccccc2n1,0.6974793694054954,1.789750585692138
6148,O=C(Nc1ccccc1)Nc1ccccc1O,0.6916745115177311,1.4608254515422843
6149,O=C(Nc1ncccc1O)c1ccoc1,0.7790794295563783,2.231689827211788
6150,Cc1nccn1CCCN1CCCC(C2OCCO2)C1,0.8217106331716164,3.0435594138988016
6151,C[C@@H]1CC[C@H]2[C@@H](C)[C@](OO)(C(F)(F)F)O[C@@H]3O[C@@]4(C)C[C@@H]1[C@]32OO4,0.576096728664576,6.363803098656141
6152,CC(C)N1CCN(c2ccc(-c3cn4c(-c5ccccc5)cnc4cn3)cc2)CC1,0.5045354239423152,2.356795361409519
6153,Cc1ccc(Nc2ncc(C(=O)NCCc3c(C)[nH]c4ccccc34)cn2)c(C)n1,0.4547313020346993,2.4753616892677073
6154,CCCCOc1ccccc1N1CCNCC1,0.7910242755844067,1.8574884279944044
6155,Cc1c(C(=O)NCCCO)cnn1-c1nc(-c2cccc(C(F)(F)F)c2)cs1,0.6104458905493408,2.451343639337219
6156,Br.Cn1cc(NC(=O)c2cc(NC(=O)c3cc(NC=O)cn3C)c[nH]2)cc1C(=O)NCCC(=N)N,0.11421627693143568,3.2280628887002596
6157,CC(C)=CC[C@@H](O)C1=CC(=O)c2c(O)ccc(O)c2C1=O,0.5847074834650013,3.4095340539888905
6158,O=C(Nc1ccccc1)Nc1ccc(O)cc1,0.6916745115177311,1.391490129721248
6159,O=P(O)(O)C(F)(F)c1ccc(CC(Cc2ccc(C(F)(F)P(=O)(O)O)cc2)(c2nc(-c3ccccc3)cs2)n2nnc3ccccc32)cc1,0.07962299265039689,3.455803752067003
6160,CO[C@H]1[C@@H](N)[C@@H](O)[C@@H](O)[C@H]1O,0.34043824246006454,3.885461408257
6161,CCCCCCCCCN1CCC(COC(c2ccccc2)c2ccccc2)CC1,0.3240654779617607,2.1272783542593654
6162,COc1cc(C2c3cc4c(cc3N=C3COC(=O)N32)OCO4)cc(OC)c1OC,0.782190795300035,3.3836356476769147
6163,C/C=C(\NC(=O)c1ccc(C)cc1)C(=O)O,0.7604021552816274,1.9544114449368841
6164,CCOC(=O)c1cccc(NC(=O)NNc2nc3ccccc3c(=O)n2-c2cccc(N(C)C)c2)c1,0.2688063641976781,2.4592521320877356
6165,Nc1nc(Cl)nc2c1ncn2C1CC(O)C(O)C(CO)O1,0.5207607536381919,3.8248787457992837
6166,Cc1cc(C(C)C)nc2ccccc12,0.6602528428129885,1.8143681596566346
6167,Cc1cn(C2CC(O)C(CC(=O)OCBr)O2)c(=O)[nH]c1=O,0.5653521393255156,3.8173752683437616
6168,COC(=O)[C@@H](NC(=O)CSC1=CC(=O)c2cccc(OC)c2C1=O)C(C)C,0.7099379670556879,2.9589175469828817
6169,CC[C@@H](c1ccc(O)cc1)[C@H](Cn1cc(C(=O)O)c(=O)[nH]1)c1ccc(O)cc1,0.5005329660585471,3.590938157706457
6170,C[C@H](Cn1cnc2c(N)ncnc21)OCP(=O)(O)O,0.6508142768259144,3.381938996692396
6171,CC(C)Cc1cccc(-c2ccccc2C(C)C)c1O[C@@H]1C[C@@H](CNC(=O)c2ccc(/C=C3\SC(=O)NC3=O)cc2)N(C(=O)c2ccccc2C(=O)c2ccc(F)cc2F)C1,0.08949848964860974,4.162708881905289
6172,CCCCN(CCCC)C(=O)CN1C[C@H](c2ccc3c(c2)OCO3)[C@@H](C(=O)O)[C@H]1c1ccc(OC)cc1,0.44300197112127093,3.505709899645227
6173,Cc1noc(C)c1CN1CCc2c([nH]c3ccccc23)C1,0.7833455655621661,2.3309081853754225
6174,CCOC(=O)c1cccc(NC(=O)NNc2nc3ccccc3c(=O)n2-c2cccc(OC(C)C)c2)c1,0.2399203410208506,2.4508466149493664
6175,CCOCCN1C[C@@H](c2ccc3c(c2)OCO3)[C@H](C(=O)O)[C@H]1c1ccc(OC)cc1,0.665525617884137,3.3366980636645653
6176,CN1CCC23c4c5ccc(O)c4OC2[C@H]2OC[C@@]2(CCc2ccccc2)CC3C1C5,0.8488495578057456,5.505436511750669
6177,OCCC12NC(Cc3ccccc31)C1CCCCC12,0.8533123366719018,4.71963931320601
6178,CCN(CC)C(=O)CN1C[C@@H](c2ccc3c(c2)OCO3)[C@H](C(=O)O)[C@H]1c1ccc(OC)cc1,0.6555757043755657,3.3997648051028424
6179,C[C@H](O)CNc1nccc(-n2ccnc2Cc2cccc(NC(=O)Cc3ccc(-c4ccccc4)cc3)c2)n1,0.24308506117410728,3.0276115027951667
6180,CC/N=C(\N)Nc1ccc(Sc2ccc(Cl)cc2)cc1,0.6560093259122834,2.1551716658367805
6181,c1cnc2c(c1)CCCN2,0.5803906084897985,2.3177016743678216
6182,Cn1nc(NC(CN)c2ccccc2)c2cc(-c3ccccc3Cl)ccc21,0.5146496908506158,2.7303444173727645
6183,CCN(CC)c1ccc(Nc2nc(-c3sc(NC(C)=O)nc3C)cs2)cc1,0.5746915092769911,2.4533312249959156
6184,CCCCNC(=O)C(Cc1c[nH]c2ccccc12)NC(=O)c1ccc(/C=C/C(=O)NO)cc1,0.14158591249602126,2.750352135957412
6185,CCCCCc1cc(C)c2ccccc2n1,0.6908374754717336,1.803119043910204
6186,O=c1ccn([C@H]2C[C@H](O)[C@@H](COP(=O)(O)OP(=O)(O)O)O2)c(=O)[nH]1,0.35217450023524893,4.05013910807066
6187,Nc1ccccc1/N=C(\S)Nc1ccccc1N,0.28941132016678073,2.646290539114087
6188,OCCC12NC(O)(Cc3ccccc31)C1CCCCC12,0.771416408321532,4.92120714082132
6189,O=C(c1ccc(O)cc1)c1ccc2n1CCC2C(=O)O,0.836662571512356,2.832936448728379
6190,COC(=O)CCCNC(=O)CSC1=CC(=O)c2cccc(OC)c2C1=O,0.5442973383035855,2.461102566386737
6191,CCCCCCC(=O)O[C@H](CC=C(C)C)C1=CC(=O)c2c(O)ccc(O)c2C1=O,0.27095944725395976,3.344941507533086
6192,O=c1cc(CP(=O)(O)O)c2ccccc2[nH]1,0.6867023230343461,2.367331342481199
6193,O=C1/C(=C\c2ccncc2)C(c2ccc(Cl)cc2)Cn2cccc21,0.6418469149270338,3.2222154353489376
6194,COc1ccc(CN[C@@H](CCCN=C(N)N)C(N)=O)cc1OC,0.2648632262046353,2.623987898838248
6195,CCCCCCCCCCCCCCCC(=O)O[C@H](CC=C(C)C)C1=CC(=O)c2c(O)ccc(O)c2C1=O,0.08659518998291958,3.3967314906363715
6196,CCCCN(C(=O)CN1C[C@@H](c2ccc3c(c2)OCO3)[C@H](C(=O)O)[C@H]1c1ccc(OC)cc1)c1ccccc1,0.3902472972570783,3.4839643134484763
6197,CCOc1ccccc1NC(=O)Nc1ccc2cncc(Br)c2n1,0.6943586650831477,2.284569927735838
6198,C=CCOc1ccc(/C=C(\C)C(=O)N[C@@H]2[C@H](O)[C@@H](O)[C@H]3OCO[C@H]3[C@@H]2O)cc1O,0.3196801030413988,4.347116053848657
6199,COc1ccc(C2=CC(=O)NC2)cc1OC,0.830999493830648,2.46205001380987
6200,COc1ccc(CCCN2CCC(COCc3ccccn3)CC2)cc1,0.6828170221988836,2.0517889300231023
6201,CCCCCCCC(N)(P(=O)(O)O)P(=O)(O)O,0.3348204274472676,3.046385723164348
6202,Cc1c(C(=O)N2CC3CC(C)(O)CC3C2)cnn1-c1nn2cccc2c(=O)[nH]1,0.6798947560515126,3.9830932547029354
6203,Cc1onc(-c2ccccc2)c1C(=O)ON=C1C2CC3CC(C2)CC1C3,0.5983920739691337,3.8456602242123186
6204,Cc1cccc(Nc2nc(NC3CCCCC3N)ccc2C(N)=O)c1,0.6700285853552902,3.0567922584212024
6205,COc1ccc2c(c1)C1(C)N[C@@H]2CC2CCCCC21,0.8267006860990315,4.570536421098118
6206,Cc1cccc(NC(=O)N[C@@H]2N=C(c3ccccc3)c3ccccc3N(C)C2=O)c1,0.7009354041388686,2.632655278970608
6207,C[C@]12[C@H](O)CC[C@@](C)(C(=O)O)[C@@H]1CC[C@]13C[C@@H](C=C[C@@H]12)[C@@](C)(O)C3,0.6443213497743336,6.249591501023005
6208,CCCCC/C=C/C/C=C/C/C=C/CCCCC(=O)O[C@H](CC=C(C)C)C1=CC(=O)c2c(O)ccc(O)c2C1=O,0.08793395581785911,3.8341864586486984
6209,CN(C(=O)[C@H](Cc1ccc(C(N)NN)cc1)NS(=O)(=O)c1ccc2c(c1)CCCCC2)C1CCCC1,0.17650334085867583,3.4503186657719747
6210,CC1(C)[C@@H]2CC[C@@]1(C)/C(=N/CCN1CCC(O)CC1)C2,0.8614084489995498,4.31180212714259
6211,Cc1c(C(=O)N2CCN(C(=O)OC(C)(C)C)[C@H](C)C2)cnn1-c1nn2cccc2c(=O)[nH]1,0.6454266472857259,3.4189908622663436
6212,COc1ccc(C2c3ccsc3CCN2C(=O)Cc2cc(C)cc(C)c2)cc1,0.6198865065955084,2.6652181155820216
6214,c1cc(SC2CCCCC2)ccc1NC1=NCCN1,0.8863852203222893,2.5187031945366627
6215,CCCOc1ccc(Cc2ccc(NC3=NCCN3)cc2)cc1,0.8590330575707382,2.135264207362974
6216,COc1ccnc(C[S+]([O-])c2nc3cc(OC(F)(F)C(F)F)ccc3[nH]2)c1C,0.466858751609167,3.9638662599376664
6217,O=C(c1ccc2c(c1)OCO2)c1ccc2n1CCC2C(=O)O,0.8772942788160653,2.9592484061280935
6218,C=CCNC(=O)CN1C[C@@H](c2ccc3c(c2)OCO3)[C@H](C(=O)O)[C@H]1c1ccc(OC)cc1,0.6116015166489339,3.4322936661450516
6219,COc1cc(-c2csc(-n3ncc(C(=O)NCCCO)c3C)n2)cc(OC)c1OC,0.500150766979963,2.4788372195513766
6220,OCC1OC(n2cnc3c(O)ncnc32)CC(O)C1O,0.5244847781360968,3.9238610761204313
6221,O=P(O)(O)C(F)(F)c1ccc(CC(c2ccccc2)n2nnc3ccccc32)cc1,0.44116193461701864,2.9423716737932963
6222,C/C=C1\O[C@@H]2CC(=O)N2[C@H]1C(=O)[O-].[Na+],0.31997374686893276,4.910706169150132
6223,COc1ccc(Sc2ccc(CN3CCCC3)cc2)cc1,0.8094917255119379,1.7572292283726156
6224,CC(C)c1ccc(Sc2ccc(NC3=NCCN3)cc2)cc1,0.8819866439076964,2.3418760014175266
6225,CCOC(=O)c1cccc(NC(=O)NNc2nc3ccccc3c(=O)n2-c2cccc3ccccc23)c1,0.2298447642420744,2.3785819913486694
6226,CC1(C)C(=O)N(c2ccc(C#N)c(C(F)(F)F)c2)C(=O)N1C/C=C/I,0.5018060164802425,3.0722309564563632
6228,CCC(C)/N=c1\c(O)c(O)\c1=N/[C@@H](Cc1ccc(NC(=O)c2c(Cl)cncc2Cl)cc1)C(=O)O,0.3701320003557731,3.9683474947395725
6229,O=C1S/C(=C\c2ccc3ccccc3c2)C(=O)N1CC(=O)C(F)(F)F,0.7716015406490877,2.377514781327143
6230,CC(C)=CCC/C(C)=C/CC/C(C)=C/CC/C=C(\C)CC/C=C(\C)CCCN(C)O,0.1543675250885756,3.278146322459232
6231,Cc1cn(C2CC(O)C(CNC(=O)c3cccc(S(=O)(=O)F)c3)O2)c(=O)[nH]c1=O,0.5491855266400915,3.544322085755269
6232,CCCCCCN(C)/N=N/c1ccc(C(=O)O)cc1,0.43926584221921483,2.4033990160934593
6233,CCCCCc1cc(C)c2cccc(CCCCC)c2n1,0.5406359345066486,2.1183828512014014
6234,Cc1cccc2cc3c(=O)n(CCN(C)C)cc(C(=O)NCCN(C)C)c3nc12,0.6169947710451977,2.559717036905841
6235,FC(F)(F)COc1ccc(Cc2ccc(NC3=NCCN3)cc2)cc1,0.8671631515588983,2.3300723900227975
6236,O=C1c2ccccc2CCCN1CCN1CCC(n2nnc3cc(F)ccc32)CC1,0.6660273242816487,2.4916694872836445
6237,Fc1ccccc1N1CCNCC1,0.6990563526736522,1.7801130293610523
6238,COc1cnc(C[S+]([O-])c2nc3cc(OC(F)F)ccc3[nH]2)c(C)c1OC,0.6157852605288142,3.867437648141996
6239,CN(C)Cc1ccc(CSCCNc2n[s+]([O-])nc2N)[nH]1,0.4980868627874883,4.476660902564045
6240,COc1ccc(CCCN2CCC(COC(c3ccc(Cl)cc3)c3ccc(Cl)cc3)CC2)cc1,0.2897907969237873,2.240421651863576
6241,O=C(O)c1cccc(N/C(S)=N/c2ccccc2)c1,0.45560929864314453,2.204477148652723
6242,Nc1ccccc1/N=C(/S)Nc1ccccc1,0.32791536835485885,2.418682594399426
6243,CC12N[C@H](CC3CCCCC31)C1CCCCC12,0.671967329131804,5.086338528395213
6244,CC12CCC3C(C(Cc4ccc(N)cc4)=CC4=CC(=O)CCC43C)C1CCC2=O,0.7194414641440681,4.2378017372494226
6245,c1cc(C2=NCCN2)ccc1CC1CCN(c2ccc(C3=NCCN3)cc2)CC1,0.8295396619937068,2.645126459982764
6246,CSc1ccc(C(=O)c2ccc3n2CCCCC3C(=O)O)cc1,0.6846370284483839,2.870246867561832
6247,CCN(CC)c1c(N[C@@H](Cc2ccc(-c3ccccc3OC)cc2)C(=O)O)c(=O)c1=O,0.48512159048480685,2.824990316561113
6248,COc1ccc(-n2c(C(=O)O)c(-c3ccc4c(c3)OCO4)c3cc(OC)ccc32)cc1,0.5052657456978589,2.3142311020466497
6249,CCN(c1nc(C)cc(-c2ccccc2[N+](C)(C)C)n1)c1ccc(C(C)C)cc1Br,0.3775026974745578,2.998170468010237
6250,CC(c1cc2cccnc2cc1F)n1cnc2ncc(-c3ccncc3)nc21,0.4763629316986292,3.1947612722424337
6251,Cc1cc(Cl)c2cc(C(=O)N[C@H](C)c3ccc(S(=O)(=O)CC(=O)OC(C)C)cc3)n(C)c2n1,0.5041697014855315,3.1305033211575832
6252,O=C1CSC(c2ccc(Cl)cc2Cl)N1c1ccc(Cl)cc1O,0.7918067208276613,2.875878887122509
6253,CS(=O)(=O)Nc1ccc(OP(=O)(Oc2ccc(NS(C)(=O)=O)cc2)C2CCCN2C(=O)C2CCCN2)cc1.Cl,0.3380793561010319,3.7448274903044787
6254,c1ccc(N2CCNCC2)cc1,0.6648358692261762,1.6181761767924545
6255,COc1ccc(Sc2ccc3c(c2)CN2CCNC2=N3)cc1,0.9438881156626286,2.6783725879559874
6256,O=C1C[C@@H](c2ccc(O)cc2)Oc2cc3oc4cc(O)c(O)cc4c3c(O)c21,0.3678109157129114,3.2577859807232104
6257,COc1ccc([C@@H]2[C@@H](C(=O)O)[C@H](c3ccc4c(c3)OCO4)CN2C/C=C/CC(C)C)cc1,0.5946464369966744,3.598143201225356
6258,CCC1=C(c2ccc(-n3ccnc3)cc2)CNC1=O,0.9108458342245733,2.621646985482558
6259,COc1ccc(Cl)cc1C(=O)NCCc1ccc(S(=O)(=O)NC(=O)NC2CCCCC2)cc1,0.51917970894521,2.191595884107798
6260,C[C@@]1(N2C(=O)c3cccc([N+](=O)[O-])c3C2=O)CCC(=O)NC1=O,0.4772421683482221,3.194139121808826
6261,C[C@@]1(N2C(=O)c3cccc(N)c3C2=O)CCC(=O)NC1=O,0.5604022657746972,3.206720780420354
6262,CCCCN(CCCC)C(=O)CN1C[C@H](c2ccc3c(c2)OCO3)[C@@H](C(=O)O)[C@@H]1c1ccc(OC)cc1,0.44300197112127093,3.505709899645227
6264,O=c1cc(-c2ccccc2Cl)oc2c(C3CCCC[C@@H]3O)c(O)cc(O)c12,0.6009392165341366,3.288178063514639
6265,NC(=O)[C@@H](Cc1ccc2ccccc2c1)NCc1c[nH]c2ccccc12,0.5012749046215487,2.5138890381158134
6266,O=C([O-])[C@H]1/C(=C/CO)O[C@@H]2CC(=O)N21.[Li+],0.3586572327449473,4.762937696344751
6267,O=C(NCC=C(c1ccccc1)c1ccccc1)Nc1ccc(Cl)cc1,0.6095879354201661,1.925278477317912
6268,COc1ccc(CCCN2CCC(COCc3ccc(Cl)cc3)CC2)cc1,0.589089370285926,1.9275954847202037
6269,N=C(N)c1ccc(NC(=O)c2cccc(C(=O)Nc3ccc(C(=N)N)cc3)n2)cc1,0.27392087836570533,2.1670119448261023
6270,Cc1cccc(NC(=O)NNc2nc3ccccc3c(=O)n2-c2cccc3ccccc23)c1,0.34693186817674926,2.268885756936582
6271,O=C1CSC(c2ccccc2Cl)N1c1ccc(Cl)cc1O,0.8764125906288882,2.7886575127335362
6272,CC1=C(c2ccc(-n3ccnc3C)cc2)CNC1=O,0.8904001922167543,2.6501412512168248
6273,O=C1C(=Cc2cccnc2)C(=O)c2ccccc21,0.5633598200445077,2.039721343151678
6274,COC(=O)/C=C/C(=O)N[C@@H]1CCC2C3Cc4ccc(O)c5c4C2(CCN3CC2CC2)[C@H]1O5,0.5405508795887103,5.326740691049205
6275,CC(=O)Nc1cccc(OP(=O)(Oc2cccc(NC(C)=O)c2)C2CCCN2C(=O)C2CCCN2)c1.Cl,0.41642737644015326,3.6442753660164513
6276,CCC/C=C/C(=O)O[C@H](CC=C(C)C)C1=CC(=O)c2c(O)ccc(O)c2C1=O,0.31856190050587735,3.5829494819787824
6277,c1ccc2c(CN3CCc4c([nH]c5ccccc45)C3)c3ccccc3cc2c1,0.379757707541998,2.2123602919154095
6278,COc1cccc(N(CC(=O)N(C)c2ccccc2)C(=O)CNC(=O)Nc2cccc(C(=O)O)c2)c1,0.4226055313077621,2.378499379074876
6279,Cc1cccc(NC(=O)NNc2nc3ccccc3c(=O)n2-c2cccc(Cl)c2Cl)c1,0.3724497846378835,2.3465599973086917
6280,Clc1ccccc1CCCN1CCC(COC(c2ccccc2)c2ccccc2)CC1,0.3679502550558333,2.1511001918967114
6282,COc1ccc(N)c(C(=O)c2cc(OC)c(OC)c(OC)c2)c1,0.6512459242236867,1.9508430696771306
6283,COc1ccc(NC(=O)NNc2nc3ccccc3c(=O)n2-c2cccc(OC(C)C)c2)cc1,0.35532569244145695,2.3264059932953405
6284,OCCNc1nc(Nc2cccc(F)c2)c2cn[nH]c2n1,0.569463078399175,2.4689951967247303
6285,Cc1ccccc1-c1ccc2nc(N)c(CCC(=O)N3CC[C@H]4OCCC[C@@]4(Cc4ccccc4)C3)cc2c1,0.3216100095451618,3.571864986993723
6286,O=C(Cn1nnnc1-c1ccccc1)NN1C(=O)C(Cl)C1c1ccc([N+](=O)[O-])cc1,0.27198797015503084,3.33899975194279
6287,Cc1cc(N(CCCNc2ccnc3cc(Cl)ccc23)Cc2ccccn2)nc(Cl)n1,0.2790502630393362,2.63461139591009
6288,CC1(C)C(=O)N(c2ccc(C#N)c(C(F)(F)F)c2)C(=O)N1CCc1cccc(I)c1,0.4169247705988017,2.7466791609433194
6289,N=C(N)c1ccc(NC(=O)c2cccc(C(=O)Nc3ccc(C(=N)N)cc3)c2)cc1,0.27753710188793557,1.9484015299297521
6290,COc1ccc2c3c1OC1[C@@H](O)[C@](C)(CCc4ccccc4)CC4C(C2)N(CC2CCC2)CCC341,0.6305292669102395,5.371610186127777
6291,CCOC(=O)c1cccc(NC(=O)NNc2nc3ccccc3c(=O)n2-c2ccc(Cl)cc2)c1,0.28055496778003625,2.282794890995577
6292,COC(=O)C(Cc1ccccc1)NP(=O)(OCC1OC(n2cc(C)c(=O)[nH]c2=O)CC1N=[N+]=[N-])Oc1ccccc1,0.1057559657507951,4.237628448930062
6293,Nc1nc(N)c2ncn(C3CC(O)C(O)C(CO)O3)c2n1,0.42058230913665134,3.7777660137037925
6295,CSc1ccc2c(c1)N(CCC1CCCCN1C)c1ccccc1S2,0.6192081845073194,2.9429509351255057
6296,N#Cc1ccc(N2C(=O)C(SCCO)=C(SCCO)C2=O)cc1,0.709911279386354,2.8068344845122954
6297,CCCC/N=c1\c(O)c(O)\c1=N/[C@@H](Cc1ccc(NC(=O)c2c(Cl)cncc2Cl)cc1)C(=O)O,0.32889859947752254,3.6218807263538313
6298,O=C(Nc1ccc(C[C@H](/N=c2\c(O)c(O)\c2=N/CCCC(F)(F)F)C(=O)O)cc1)c1c(Cl)cncc1Cl,0.29408864238466126,3.7811731305428626
6299,CCCn1c(=O)c2nc(-c3ccc(OCC(=O)NCCN=C(S)Nc4ccc(F)cc4)cc3)[nH]c2n(CCC)c1=O,0.08768114320185247,3.0621586804943535
6300,CC(=O)Oc1ccc(C=C2N=C(C)OC2=O)cc1,0.45338051738678,2.3453095798380694
6301,O=C(Nc1cc(-c2cn(CCNc3c4c(nc5ccccc35)CCCC4)nn2)ccn1)Nc1cccc2c1C1CCCCN1C2=O,0.19917323078024546,3.56367594670352
6302,C#CCOc1ccc(C(=O)c2ccc3n2CCC3C(=O)O)cc1,0.6795380050327877,3.021146512532246
6303,CCOC(=O)C(=O)NCC1OC(n2cc(C)c(=O)[nH]c2=O)CC1O,0.43225187067459514,3.54078758488199
6304,COC(=O)C[C@@H](c1ccc(OC)nc1)N(C)C(=O)CCCCc1nc2c(cc1[N+](=O)[O-])CCCN2,0.2200111162184861,3.5602530834732082
6305,O=C(NCc1ccccc1)Nc1ccc2cnccc2n1,0.7736970368678989,1.92240491075475
6306,Nc1ncnc2c1ncn2C1CC(CO)=NO1,0.7358214466172392,3.6420148646908412
6307,O=C(O)C[C@]12O[C@@H]3C=CCCO[C@@H]3[C@H]1CN[C@@H]2C(=O)O,0.6060532829315223,4.892415603614944
6308,CN(C)Cc1ccc(C(=O)N[C@H]2CCC(=O)N3CCC[C@@H](C(=O)N[C@@H](CC(=O)O)C(=O)COc4cc(C(F)(F)F)nn4-c4ccc(Cl)cc4)N3C2=O)cc1,0.23354854694697244,4.222611643665056
6309,C=Cc1ccc(C(=O)c2ccc3n2CCC3C(=O)O)cc1,0.8764938918839942,2.964362858235493
6310,CN1CC[C@@H](O)[C@H](c2c(O)cc(O)c3c(=O)cc(-c4ccccc4Cl)oc23)C1,0.6095989367593201,3.4436168559313085
6311,CN(C)CCCNC(=O)c1cc(NC(=O)Cn2cc(C3=C(c4c[nH]c5ccccc45)C(=O)NC3=O)c3ccccc32)cn1C,0.14610015047328506,2.9510076794302904
6312,CC(=O)Nc1cccc(O)c1,0.6360784721720715,1.5400511055279988
6313,O=C(c1ccc(Cl)cc1)c1ccc2n1CC(C(=O)O)C2,0.8837788042245056,2.9468655696074997
6314,CCNC=O,0.4486453600169233,3.1878485006315582
6315,CC(C)Oc1cccc(-n2c(NNC(=O)Nc3ccc(Br)cc3)nc3ccccc3c2=O)c1,0.3157411560278529,2.364740881731997
6316,CCCCN(C)C(=O)[C@H](Cc1ccc(C(N)NN)cc1)NS(=O)(=O)c1ccc2ccccc2c1,0.18821098830842173,3.2562787001725084
6317,O=C1CSC(c2ccc(F)cc2)N1c1ccc(Cl)cc1O,0.908979009479094,2.7428854136461833
6318,O=C1CSC(c2cccc(F)c2)N1c1ccc(Cl)cc1O,0.908979009479094,2.80634069395909
6319,CC(C)Cc1noc2c(Cl)c3c(cc12)CC(C(=O)O)O3,0.9418404265219843,3.451605439737369
6320,CCCOC1c2c(ncn2Cc2ccc(OC)cc2)N=CN(C)N1C,0.8071888027097607,3.653388326597626
6321,CCOC1c2c(ncn2Cc2ccc(OC)cc2)N=CN(C)N1C,0.8431352380548257,3.6502211690270245
6322,CCCn1c(=O)c2nc(-c3ccc(OCC(=O)NCCNC(=O)Cc4ccc(NC(=O)OC(C)(C)C)cc4)cc3)[nH]c2n(CCC)c1=O,0.1481996596581551,2.947718873023879
6323,Nc1ccccc1NC(=O)Nc1ccccc1,0.6903675261375661,1.4650414641011533
6324,CN(Cc1ccc(S(=O)(=O)N2CCOCC2)cc1)c1ccc2c3c(cccc13)C(N)=N2,0.6644993521424533,2.636031274907495
6325,CSc1ccc(NC2=NCCN2)cc1,0.7257457293348856,2.4080355575495496
6326,CS(=O)(=O)Nc1ccc(Sc2ccc(NC3=NCCN3)cc2)cc1,0.761485489755879,2.4317465163646013
6327,Cc1cc(C(C)C)nc2c(C(C)C)cccc12,0.7184572391364816,2.1745669162887165
6328,O=P(O)(O)C(F)(F)c1ccc(CC(Cc2ccc(OCc3ccccc3)cc2)(c2ccccc2)n2nnc3ccccc32)cc1,0.14512832990897026,3.307098896498525
6329,O=C(Cc1c[nH]c2ccccc12)N1CCCC(CO)C1,0.8968724967135835,2.489763959148993
6330,O=S(=O)(c1ccccc1NCc1ccnc(N2CCCC2)c1)C(F)(F)F,0.852378553322802,2.3139445579568108
6331,Cc1cnc(NC(=O)OC(C)(C)C)c(Br)c1,0.8596554167529886,2.2393627610626172
6332,CNc1cc(Nc2cc(C)c(Oc3cccc(C(C)(C)C)c3)cc2C)ncn1,0.5744539890981399,2.443643047621242
6333,CC(C)CS(=O)(=O)N1C[C@@H]2C[C@H](C(=O)Nc3cccnc3)[C@H](C1)O2,0.8560967848685646,4.484621762352172
6334,Nc1cccc(N/C(S)=N/c2ccccc2)c1,0.32791536835485885,2.3402257655140257
6335,CN(C)c1cccc(-n2c(CCc3c[nH]c4cc(Br)ccc34)nc3ccccc3c2=O)c1,0.3573326928986356,2.43083983604142
6336,CCCN(CCC)C(=O)CCN1C[C@@H](c2ccc3c(c2)OCO3)[C@H](C(=O)O)[C@H]1c1ccc(OC)cc1,0.4960869664211267,3.523876373473966
6337,O=C(NC/C=C/c1ccccc1)c1cc2ccccc2[nH]1,0.7508896617423149,2.043413595618274
6338,C[C@H](O)CNc1nccc(-n2ccnc2Cc2cccc(NC(=O)c3ccc(-c4ccccc4)cc3)c2)n1,0.26195056672988265,2.9694369588041027
6339,CCCCCCCC/C=C\CCCCCCCCOC(=O)N1CCOC(CCCCCCCCCCCC)C1,0.075508355074011,3.1097228388275564
6340,COc1cc([C@@H]2c3cc4c(cc3[C@H](O)[C@H]3COC(=O)[C@H]23)OCO4)cc(OC)c1OC,0.7629173210900769,3.7523244459817278
6341,NC(=O)C1CCN(CC(=O)NCc2ccc(Cl)s2)CC1,0.8574579757017846,2.1011701909958322
6342,O=C1CSC(c2cccs2)N1c1ccc(Cl)cc1O,0.9145401333010837,3.0227827836746446
6343,CC[C@@]1(O)C(=O)OCc2c1cc1n(c2=O)Cc2c-1nc1ccccc1c2CCNC(C)C,0.47019522244449885,3.390995582546065
6344,Cc1cccc(NC(=O)NNc2nc3ccccc3c(=O)n2-c2cccc(N(C)C)c2)c1,0.4194298011049045,2.3649977525396384
6345,Cc1ccc(Sc2ccc(NC3=NCCN3)cc2)cc1,0.9046408865619925,2.270191414687396
6346,CCC/N=c1\c(O)c(O)\c1=N/[C@@H](Cc1ccc(Oc2ncccn2)cc1)C(=O)O,0.5239976168240399,3.6342522325906783
6347,O=C(NCC=C(c1ccccc1)c1ccccc1)c1cnc2ccccc2c1,0.535447304036787,2.07598826755423
6348,O=C(c1ccc(F)cc1F)c1ccc2n1CCC2C(=O)O,0.884151073793009,2.932648813367443
6349,CS(=O)(=O)N1CCN(C(=O)[C@H](Cc2ccc(C(N)NN)cc2)NS(=O)(=O)c2ccc3ccccc3c2)CC1,0.16411416610472732,3.3441797651488807
6350,COC(=O)C[C@@H](c1ccc(OC)nc1)N(C)C(=O)CCCCc1nc2c(cc1N)CCCN2,0.4145158041635256,3.5246349351760404
6351,C=CCC/C=C/C(=O)O[C@H](CC=C(C)C)C1=CC(=O)c2c(O)ccc(O)c2C1=O,0.2245904504790243,3.7142534841640495
6352,COCC/N=c1\c(O)c(O)\c1=N/[C@@H](Cc1ccc(NC(=O)c2c(Cl)cncc2Cl)cc1)C(=O)O,0.3235493071866897,3.6607560127695438
6353,COCCN(CCOC)C(=O)CN1C[C@@H](c2ccc3c(c2)OCO3)[C@H](C(=O)O)[C@H]1c1ccc(OC)cc1,0.4568704499827973,3.5584149545902815
6354,CC[C@H](c1ccc(O)cc1)[C@@H](CC)c1ccc(O)cc1,0.8200551330488968,2.8163482189987104
6355,Cc1cccc(NC(=O)NCC=C(c2ccccc2)c2ccccc2)c1,0.6532256872784499,1.9558966959413944
6356,Cc1cccc2cc3c(NCCN(C)C)ncc(C(=O)NCCN(C)C)c3nc12,0.571623691357006,2.571328169384472
6357,COc1ccccc1NC(=O)Nc1ccc2cnccc2n1,0.7768934866306905,1.9789683091098347
6358,N#Cc1c(NC(N)=O)nc(SCc2nc3ccccc3[nH]2)nc1-c1ccccc1,0.34499636420085933,2.526342943499248
6359,O=C(Cc1ccccc1)c1ccc2n1CCC2C(=O)O,0.8674009673711972,2.7977136031529017
6360,COc1ccc(C2CNC(=O)C2)cc1OC,0.8366864369088073,2.508943853959998
6362,CCNCC[C@H]1C[C@@H](C)C(=O)/C=C/C(C)=C/[C@H](C)[C@@H](CC)OC(=O)CC(O)[C@H](C)[C@H]1O[C@@H]1O[C@H](C)C[C@H](N(C)C)[C@H]1O,0.28438715704449014,5.6045794989374205
6363,CCOC(=O)c1cccc(NC(=O)NNc2nc3ccccc3c(=O)n2-c2cccc(OCC)c2)c1,0.2524045548545214,2.3737429197694997
6364,CN(C)/C=C\[N+](=O)[O-],0.3846586507953987,3.3803875610841505
6366,Clc1ccc(CN2CCc3c([nH]c4ccccc34)C2)s1,0.7412121056790577,2.279832092653498
6367,CCOC(=O)C1=NO[C@]2(C(=O)CO)[C@H]1CC1C3CCC4=CC(=O)C=C[C@]4(C)[C@@]3(F)[C@@H](O)C[C@@]12C,0.5950044682988462,4.965664765542479
6368,Cc1ccnc(NCCCCC(=O)NCC(=O)NC(CC(=O)O)c2cc(Cl)cc(Cl)c2)c1,0.34316232140904057,2.894284692312704
6369,CC(C)Oc1cccc(-n2c(NNC(=O)Nc3ccccc3)nc3ccccc3c2=O)c1,0.3967170809180772,2.2713637490849
6370,CCCCCN(CCCCC)C(=O)CN1C[C@@H](c2ccc3c(c2)OCO3)[C@H](C(=O)O)[C@H]1c1ccc(OC)cc1,0.3189971032375135,3.5487482754324384
6371,O=c1ccn([C@H]2[C@H](O)[C@H](O)[C@@]3(COP(=O)(O)OP(=O)(O)O)C[C@H]23)c(=O)[nH]1,0.2816954296419339,4.722373263931562
6372,CC(=O)N1CCC(C(=O)Nc2cccc(Cc3nccn3-c3ccnc(NC[C@H](C)O)n3)c2)CC1,0.45431778928115374,3.147477902939456
6373,COC(=O)[C@H](C)NC(=O)CSC1=CC(=O)c2cccc(OC)c2C1=O,0.7621890374333276,2.9394929948788064
6374,O=C1c2c(O)cc(O)cc2O[C@@H](c2ccc(O)c(O)c2)[C@H]1O,0.5005308756296323,3.360878940644751
6375,COc1ccc(CN(C)c2ncnc(-c3ccco3)c2NC=O)cc1,0.6672332089636209,2.6322127746381803
6376,CCCCN(CCC)C(=O)CN1C[C@@H](c2ccc3c(c2)OCO3)[C@H](C(=O)O)[C@H]1c1ccc(OC)cc1,0.4960869664211267,3.487386328225096
6377,CCCn1c(=O)c2nc(-c3ccc(OCC(=O)NCCNC(=O)CCCCC(C)=O)cc3)[nH]c2n(CCC)c1=O,0.2289633352067867,2.8163265195974727
6378,COc1ccccc1NC(=O)c1cccc2ccccc12,0.7823478721014653,1.4764438726389777
6379,O=C(Cn1c(=O)oc2cc(Br)ccc21)c1ccc2ccccc2c1,0.49402846508631026,2.111798021381322
6380,COC1CCN(CC(=O)Nc2ccc(C(N)=O)cc2)C1,0.8178366545767563,2.31998589927783
6381,COc1cc(CNCc2ccc3c(c2)OCO3)ccc1OCc1ccc(F)cc1,0.6114461928130681,1.9942980436931723
6382,COc1ccc(-c2ccc3c(c2)c2cc(CNc4ccc([N+](=O)[O-])cc4)ccc2n3CCCN(C)C)cc1,0.16336363983987606,2.387039001466924
6383,COc1ccc(-c2nn(-c3ccccc3)cc2/C=N/Nc2ncc(C(F)(F)F)cc2Cl)cc1OC,0.24564981809431555,2.5293448320200973
6384,CC(O)(COc1cccc(C(F)(F)F)c1)C(=O)Nc1ccc(S(F)(F)(F)(F)F)cc1,0.5048621483454074,3.4126655165105184
6385,Cc1cc(CCOCCCOc2ccc3c(c2)OCO3)on1,0.6988101586467343,2.351686434109835
6386,CC(=O)c1ccc(OCCCOCCc2cc(C)no2)cc1,0.5255895364187197,2.1648596209230213
6387,Cc1cc(C)nc(N2C(=O)Cc3ccccc3C2=O)c1,0.7447859628616224,2.2919973887980305
6388,O=C(c1ccc(Cl)cc1)c1ccc2n1CCC2C(=O)O,0.8838922886903331,2.7448106245525548
6389,O=C1C[C@@H](c2ccc(O)cc2)Oc2cc(O)cc(O)c21,0.7421139126791214,2.825486723453654
6390,COc1cc([C@H]2Oc3cc(O)cc(O)c3C(=O)[C@@H]2O)ccc1O,0.6625366432529017,3.257129642146114
6391,CCOC(=O)c1cccc(NC(=O)NNc2nc3ccccc3c(=O)n2-c2cccc(OC)c2)c1,0.2760658480562832,2.3274989858662494
6392,c1ccc2cc(CN3CCc4c([nH]c5ccccc45)C3)ccc2c1,0.5587562824641396,2.015536650143863
6393,Nn1c(-c2ccc(O)cc2)n[nH]c1=S,0.48271030073706134,2.399804846047168
6394,CCOC(=O)N1CCN(C(=O)[C@H](Cc2ccc(C(N)NN)cc2)NS(=O)(=O)c2ccc3ccccc3c2)CC1,0.1756549399803672,3.3154562126102096
6395,COc1cc(NP(=O)(OC)OC)ccc1Nc1c2ccccc2nc2c(C)cccc12,0.26075532453130607,2.623114892413586
6396,CS(=O)(=O)Nc1ccc(Nc2c3ccccc3nc3cc(Cl)ccc23)cc1,0.4666057524405485,2.047802884914944
6397,COc1cccc(Sc2ccc(NC3=NCCN3)cc2)c1,0.9097306879449248,2.3259354318465633
6398,CC12CCC3C(C(Cc4ccc([N+](=O)[O-])cc4)=CC4=CC(=O)CCC43C)C1CCC2=O,0.48641954210253613,4.232697212091157
6399,CCOC(=O)c1cccc(NC(=O)NNc2nc3ccccc3c(=O)n2-c2ccccc2)c1,0.3091978043916112,2.221508575762492
6400,C=CCOc1ccc(C(=O)c2ccc3n2CCC3C(=O)O)cc1,0.65772210467215,2.9134639089819494
6401,CC(C)Oc1ccc(C(=O)c2ccc3n2CCC3C(=O)O)cc1,0.8613598996297743,2.8217346708162694
6402,COc1cccc(/C=C2\SC(=O)N(CC(=O)C(F)(F)F)C2=O)c1,0.7854256540023793,2.3838764975395907
6403,Cc1cc(OCCCOc2ccc3c(c2)OCO3)on1,0.7560825819261967,2.5059655998242913
6404,COc1ccccc1Sc1ccc(NC2=NCCN2)cc1,0.9097306879449248,2.316196225891227
6405,COc1ccnc(C[S+]([O-])c2nc3cc(OC(F)F)ccc3[nH]2)c1C,0.6767422942697843,3.796816065337759
6406,O=C(NCCN(c1ccccc1)c1ccccc1)Nc1ccc(Cl)cc1,0.6221513468147098,1.9065624854150762
6407,CO[C@H]1CC[C@H](OO)[C@@H](C)O1,0.48607864238619886,4.075369555059024
6408,CC1(C)C(=O)N(c2ccc(C#N)c(C(F)(F)F)c2)C(=O)N1Cc1ccc(I)cc1,0.4323017343696421,2.6437968741839466
6409,O=C1/C(=C\c2ccncc2)C(c2ccccc2)c2ccccc21,0.6521367526949566,2.6376706719474914
6411,O=C(NCC=C(c1ccccc1)c1ccccc1)c1cccc2ccccc12,0.4839532603241882,1.9627317337266117
6412,CN(C)Cc1ccc(CSCCNc2n[s+]([O-])nc2N)s1,0.559972824700964,4.216325048587512
6413,CN(C(=O)[C@H](Cc1ccc(C(N)NN)cc1)NS(=O)(=O)c1ccc2c(c1)CCCC2)C1CCCC1,0.23787446710184038,3.4390707651284407
6414,O=C1C[C@@H](c2ccc(O)cc2)Oc2c1c(O)cc1oc3cc(O)c(O)cc3c21,0.3678109157129114,3.270924052777737
6415,NC(=O)CC1C(=O)NCCN1CCCc1ccccc1,0.7835595568912197,2.5969152225861
6416,Cc1cc(C)nc(NS(=O)(=O)c2cccc(NC(=O)NC(=O)c3ccc(Cl)cc3Cl)c2)n1,0.4884345830142823,2.310257896242092
6417,CC(C)CCOc1ccccc1-c1ccccc1OCc1cn(C[C@@H](CCCCN)NC(=O)[C@@H](CCCNC(=N)N)n2cc(CCc3ccccc3)nn2)nn1.Cl.Cl,0.02678383563071444,4.262659243570463
6418,O=c1c(Cl)c(Cl)cnn1Cc1nc2cc(Cl)ccc2n1Cc1ccccc1,0.4836760284055305,2.268837849949909
6419,O=C(CF)CNC(=O)[C@H](Cc1ccccc1)NC(=O)c1cnnc2ccccc12,0.6047484725897885,2.856404137018897
6420,C=C(Br)C(=O)N1CCN(C(=O)CCSc2ccc3ccccc3c2)CC1,0.530669818651644,2.4457465372807086
6421,NC(=O)NCc1[nH]c2c(-c3ccccc3)c(-c3ccccc3)nn2c(=O)c1-c1ccc2ncccc2c1,0.3261225903577483,2.857068739491492
6422,COc1cc([C@@H]2c3cc4c(cc3N(N)[C@H]3COC(=O)N23)OCO4)cc(OC)c1OC,0.7508136418574076,3.7235058152912064
6424,NC(=O)[C@@H](Cc1c[nH]c2ccccc12)NCc1ccc2ccccc2c1,0.5012749046215487,2.4806036130145994
6425,CCCN(CCC)C(=O)CN1C[C@@H](c2ccc3c(c2)OCO3)[C@H](C(=O)O)[C@H]1c1ccc(OC)cc1,0.5492023201599804,3.4700992256070657
6426,COC(=O)[C@H](Cc1ccccc1)NC(=O)CSC1=CC(=O)c2cccc(OC)c2C1=O,0.6314172436423124,2.84812242438913
6427,CCCCCCc1cc(C)c2ccccc2n1,0.6765443007597899,1.8199522961262709
6428,CSCC1CCCN1C(=O)c1ccc(CN)cc1,0.9057575081882344,2.623274153019871
6429,CS(=O)(=O)CCN1CCC(C(N)=O)CC1,0.6922781626500457,2.0816854264962235
6430,CCC/C=C\C(=O)Nc1cc(Nc2ncc(C#N)c(-c3cn(C)c4ccccc34)n2)c(OC)cc1N(C)CCN(C)C,0.2147756975508016,3.180599606322324
6431,C=C1C(=O)O[C@H]2[C@H]1CC/C(COC(=O)/C=C/c1ccc([N+](=O)[O-])cc1)=C\CC[C@@]1(C)O[C@@H]21,0.17089133218901056,4.619318665472861
6432,O=C(OC1CCN(CC(O)(Cn2cncn2)c2ccc(F)cc2F)CC1)c1cccc(C(F)(F)F)c1,0.3851000897340194,3.2415881316393254
6433,COC(=O)N1CCc2nc(NC(C)C)c(N3CCC(Oc4ccc(F)cc4F)CC3)nc2C1.O=C(O)C(F)(F)F,0.5012250374906132,3.102185356593809
6434,CC1=C\[C@@H](O)C[C@H](F)Cc2nc(co2)C(=O)N2CCC[C@@H]2C(=O)O[C@H](C(C)C)[C@H](C)/C=C/C(=O)NC\C=C\1,0.5334155174270587,6.068357011905265
6435,CCN(CC)CCOc1ccc2c(=O)c3ccc(F)cc3[nH]c2c1,0.7040645807762194,2.212199546071467
6436,CCCCCCC[N+](CC)(CC)CCCCc1ccc(Cl)cc1,0.2846186722244943,2.3381658084767913
6437,O=C(c1ccccc1Cl)c1ccc2n1CCC2C(=O)O,0.8838922886903331,2.8049869981789275
6438,COc1ccc(C2=C(C)C(=O)NC2)cc1OC,0.8623607128349212,2.3707068437063494
6439,O=C(NCC=C(c1ccccc1)c1ccccc1)c1ccnc2ccccc12,0.5354473040367869,2.0643174612520987
6440,COCCOCCN1C[C@@H](c2ccc3c(c2)OCO3)[C@H](C(=O)O)[C@H]1c1ccc(OC)cc1,0.5612339710766333,3.4040004929303063
6441,CC(=O)/C=C/c1ccc(O)cc1,0.6750668318339783,1.9144688341351106
6442,c1cc(N2CCCN(c3ccc(C4=NCCN4)cc3)CC2)ccc1C1=NCCN1,0.8423808809587469,2.590946619133957
6443,CC12NC(Cc3ccccc31)C1CCCCC12,0.7172314466011217,4.489248017456115
6444,O=C1NC(=O)/C(=C/c2ccc(C(=O)NC[C@@H]3C[C@@H](OCc4ccccc4-c4ccccc4)CN3C(=O)c3ccccc3C(=O)c3ccc(F)cc3)cc2)S1,0.10795058676925726,3.725382117808855
6445,Cc1cccc(NC(=O)NNc2nc3ccccc3c(=O)n2-c2cccc(N)c2)c1,0.3095579677401602,2.300391385153217
6446,CCOc1cccc(C(=O)c2ccc3n2CCC3C(=O)O)c1,0.8618690468393134,2.8026395794708794
6447,CCc1ccccc1N1CCNCC1,0.7626916747548057,1.8511364956358527
6448,CC(C)Oc1cccc(-n2c(NNC(=O)Nc3cccc([N+](=O)[O-])c3)nc3ccccc3c2=O)c1,0.2688624856118338,2.4736161606914244
6449,CCCCN(CCCC)CC(=O)N1C[C@@H](c2ccc3c(c2)OCO3)[C@H](C(=O)O)[C@H]1c1ccc(OC)cc1,0.44300197112127093,3.582730119425447
6450,CCOC(=O)c1cc2c3cc([N+](=O)[O-])c(Cl)cc3nc(O)n2n1,0.44236441203331506,2.819537575171635
6451,O=C1c2ccccc2CCCN1CCN1CCC(n2c(=O)oc3cc(F)ccc32)CC1,0.6449825211456275,2.5459698574485508
6452,NS(=O)(=O)c1ccccc1-c1ccc(CC(Cc2ccc(C(F)(F)P(=O)(O)O)cc2)(c2ccccc2)n2nnc3ccccc32)cc1,0.14658925012408916,3.4896723285933193
6453,CCOC(=O)c1cc2n(n1)C(C(=O)O)Nc1cc(Cl)ccc1-2,0.8430540588596414,3.2734995680808954
6454,Cc1cc(C)c(C)c(N2C(=O)c3ccccc3C2=O)c1,0.7408770126847412,1.931465166020807
6455,CCOc1nc2ccc(OCCCOc3ccc(C#N)cc3)cc2o1,0.5788617614246454,2.300747548083912
6456,Cc1ccnc(NCCCC(=O)NCC(=O)NC(CC(=O)O)c2cccc(OC(F)(F)F)c2)c1,0.342427510989733,2.9500491387924583
6457,COC(=O)CCNP(=O)(OCC1OC(n2cc(C)c(=O)[nH]c2=O)CC1N=[N+]=[N-])Oc1ccccc1,0.1507174869076379,4.194756203800896
6458,O=C(O)c1cc2c3cc(Cl)c(Cl)cc3nc(O)n2n1,0.7206376484023044,2.750691251216825
6459,Clc1cccc(N2CCNCC2)c1,0.736534949218909,1.8037170779440483
6460,COc1cccc2c(Nc3ccc(NP(=O)(OC)OC)cc3)c3ccccc3nc12,0.2806102654403898,2.520902655278441
6461,COc1ccc(NC(=O)C(C)S(C)(=O)=O)cn1,0.8477049033245272,2.626637345067609
6462,C=C1[C@H]2C[C@@]3([C@@H]1OC(=O)COC)[C@@H](CC2=O)[C@@]12[C@@H](OC(=O)COC)CC[C@@]4(C)CN(CC)[C@H]1[C@@H]3C[C@H]42,0.3880494072098846,7.370360546667683
6463,CC(C)(C)n1nc(-c2ccccc2)cc1Nc1cc(O)cc(O)c1C(=O)N1Cc2cccnc2C1,0.3881759823009418,2.940582594257858
6464,O=C1C[C@H]2O/C(=C\CO)[C@H](CO)N12,0.5307382316759761,4.352473025774513
6465,O=C(c1ccc(F)cc1)c1ccc2n1CCCC2C(=O)O,0.8830322121900511,2.7189315674923353
6466,COc1cc(OC)cc([C@@H]2c3cc4c(cc3N[C@H]3COC(=O)N23)OCO4)c1,0.8899363679058764,3.635304503875897
6467,CCCNC(=O)c1ccc(OP(=O)(Oc2ccc(C(=O)NCCC)cc2)C2CCCN2C(=O)C2CCCN2)cc1.Cl,0.2980178179725298,3.611314780617093
6468,CCOc1ccccc1NC(=O)Nc1nc2ccncc2cc1C#N,0.7603578978885926,2.303124313099719
6469,O=C(c1cccc(F)c1)c1ccc2n1CCC2C(=O)O,0.8736533916768124,2.833893316860248
6470,O=C(c1ccccc1)c1ccc2n1CC(C(=O)O)C2,0.8529825889178512,2.9032981682900303
6471,COc1ccccc1NC(=O)NNc1nc2ccccc2c(=O)n1-c1cccc(OC(C)C)c1,0.35532569244145695,2.355685612645063
6472,C=CCCCCC(=O)O[C@H](CC=C(C)C)C1=CC(=O)c2c(O)ccc(O)c2C1=O,0.2763841956382671,3.5037709135700883
6473,COC(=O)[C@H](CC(C)C)NC(=O)CSC1=CC(=O)c2cccc(OC)c2C1=O,0.6631537405733633,2.9784081864322243
6474,Cc1cc(C)cc(N2C(=O)c3ccccc3C2=O)c1,0.7302046522434893,1.7804109173996991
6475,O=C(O)COCc1ccc(Br)cc1,0.8824283950046042,1.6950359038549792
6476,CC1(C)C(=O)N(c2ccc(C#N)c(C(F)(F)F)c2)C(=O)N1CCCCO,0.6388740550418543,2.6987786533432594
6477,CCCCCCCCC(=O)O[C@H](CC=C(C)C)C1=CC(=O)c2c(O)ccc(O)c2C1=O,0.21113350214442517,3.342182159137142
6478,O=P(O)(O)C(F)(F)c1ccc(CC(Cc2ccc(Br)cc2)(c2ccccc2)n2nnc3ccccc32)cc1,0.19549698688569864,3.2839941660113112
6479,O=C(c1ccc(C(F)(F)F)cc1)c1ccc2n1CCC2C(=O)O,0.8817320941679405,2.8704494372997864
6480,O=S(=O)(NC1CCCNC1)c1cccc(F)c1,0.8450132710830361,2.536365806606069
6481,CCC(=O)N1CCC[C@@H](n2c(=O)c(-c3cccc(Cl)c3)c(C)c3cnc(Nc4ccc(N5CCN(C)CC5)c(C)c4)nc32)C1,0.29419983246889264,3.378445642657341
6482,Cc1cccc(Oc2nccn3c(=O)n(CC(=O)N4CCN(c5ccc(F)cc5)CC4)nc23)c1C,0.4405125366546526,2.5702636012508666
6483,CC(c1ccccc1)c1nn2c(=O)cc(-c3ccc([N+](=O)[O-])cc3)[nH]c2c1-c1ccc(Cl)cc1,0.24896639342463162,3.1476300792821057
6484,CC(Cn1cccn1)NC(=O)NCC(F)(F)F,0.8412588135493171,2.9056944019237942
6485,CS(=O)(=O)c1ccc(C(=O)c2ccc3n2CCC3C(=O)O)cc1,0.8595608102364339,2.8496186680690165
6486,N#Cc1ccc(C2CCCc3cncn32)cc1,0.7454496699795194,2.9720484219906833
6487,Cc1ccccc1C(=O)c1ccc2n1CCC2C(=O)O,0.8712072576602672,2.7999974377393677
6488,CN(C)[C@H]1[C@@H](O)[C@@H](O)[C@H](O[C@]23C=CC=C2c2c4ccc(c2Cl)[C@@H](O)COC(=O)C[C@H](N)c2cc(O)c(c(Cl)c2)O[C@H]43)OC1(C)C,0.3063534464335731,7.2243522680467525
6489,CCCCOC1c2c(ncn2Cc2ccc(OC)cc2)N=CN(C)N1C,0.712407643613571,3.6114321445826025
6490,O=C(c1ccc([N+](=O)[O-])cc1)c1ccc2n1CCC2C(=O)O,0.5294477087291856,2.859222645003971
6491,CCCCCCCC/C=C/CCCCCCCCCC(=O)OCc1cc(=O)c(OC(=O)C(C)(C)C)co1,0.09778553609584233,2.8144136605960295
6492,CCN(c1nc(C)cc(-c2ccccc2N(C)C)n1)c1ccc(C(C)C)cc1Br,0.42309039636667795,2.6810664599827643
6493,CCN(c1nc(C)cc(-c2ccccc2N)n1)c1ccc(C(C)C)cc1Br,0.5037478860148774,2.6036207310687907
6494,O=P(O)(O)CCC(Cc1ccc(-c2ccccc2)cc1)c1nnn[nH]1,0.560018882622853,3.1218966147883087
6495,CCCC(=O)NCCc1c2n(c3ccccc13)CCCc1ccccc1-2,0.7128923862836097,2.2561195704353203
6496,CC(=O)NC(C)(C)C(=O)Oc1ccc(C(=O)c2ccccc2)cc1,0.5210788356582836,2.0352810557382703
6497,CCCc1c(C(=O)NCCCO)cnn1-c1nc(-c2cccc(C(F)(F)F)c2)cs1,0.5196571205463855,2.567778977793136
6498,CCSc1ccnc(C[S+]([O-])c2nc3ccccc3n2C(=O)OC(C)C)c1C,0.4322366853062379,3.8667798463512515
6499,CCOc1cccc2c1CCC[C@H]2CN(C)CCc1ccc2c(c1)OCO2,0.725345414831191,2.8426031320757836
6500,CCCCC(=O)O[C@H](CC=C(C)C)C1=CC(=O)c2c(O)ccc(O)c2C1=O,0.42809817710838965,3.3774735006182866
6501,O=C(NCC=C(c1ccccc1)c1ccccc1)c1cc2ccccc2[nH]1,0.5197785879705098,2.125213269530329
6502,CCOC(=O)c1cccc(NC(=O)NNc2nc3ccccc3c(=O)n2-c2cccc(F)c2)c1,0.2968943753227359,2.329947468315165
6503,N[C@@H](Cc1onc(O)c1-c1ccccc1)C(=O)O,0.7442080323806758,2.9914846507574264
6504,COc1ccc2c(c1)c(CCNC(C)=O)c1n2Cc2ccccc2-1,0.6264410797961599,2.3073859812475437
6505,C=CC(C)c1cc(C(=O)c2ccccc2)ccc1OC(=O)C(C)(C)C,0.32777913879420933,2.8274979722543723
6506,CCCC1(C2=NCCN2)COc2ccccc2O1,0.8866859291087539,3.4897277857356563
6507,Cl.NCCOc1cc(COc2ccccc2)on1,0.8694265785882654,2.2614244757656703
6508,Cc1ccc(S(=O)(=O)N2C[C@@H](C(=O)O)[C@H](SCCc3ccccc3)C[C@H]2c2ccc(Cl)cc2)cc1,0.3971629656435822,3.4376292955371346
6509,O=C(CSc1nnc2c3cc(-c4ccccc4)nn3ccn12)NCc1ccccc1Cl,0.3955205228709673,2.4485561127317297
6510,O=C(NC1CC1)c1csc(C(O)c2cccc(C(F)(F)F)c2)n1,0.8972877284738686,2.8046538329041812
6511,CCC1(C2=NCCN2)COc2ccccc2O1,0.8420158869590908,3.49237026814453
6512,COC(=O)CNP(=O)(COCCn1cnc2c(N)ncnc21)Oc1ccccc1,0.28062195889034003,3.370918872885441
6513,C[C@H](CCC(N)=[N+](C)C)C1CC[C@@]2(C)C3=C(CC[C@]12C)[C@@]1(C)CC[C@H](O)C(C)(C)C1CC3.O=S(=O)([O-])C(F)(F)F,0.10107546102826893,5.196106580803217
6514,COC(=O)C(C)(C)C(=O)Oc1ccc(C(=O)c2ccccc2)cc1,0.36549997710431015,2.038142594199808
6515,OC[C@@]1(CCc2ccccc2)CC2C3Cc4ccc(O)c5c4C2(CCN3CC2CCC2)C(O5)[C@@H]1O,0.5926020378973599,5.472000285137678
6516,CCCCCCCOc1ccc(CCC(C)(N)CO)cc1,0.6119379517236643,2.4668165740112418
6517,CCCCCCCCCCCCCCCC(=O)OCc1cc(=O)c(OC(=O)C(C)(C)C)co1,0.18028866858091247,2.580824490214175
6518,COc1cccc2c1CCC[C@H]2CN(C)CCc1ccc2[nH]cnc2c1,0.7261856855560825,3.0138827628121687
6519,Cc1ccc(-c2csc(-n3ncc(C(=O)NCCCO)c3C)n2)cc1,0.6656842349228909,2.26864755253634
6520,COc1cnc(C[S+]([O-])c2nc3cc4c(cc3[nH]2)OC(F)(F)O4)c(C)c1OC,0.6443092561813032,4.145332509073146
6521,COc1cccc2c1C(=O)c1c(O)c3c(c(O)c1C2=O)C[C@@](O)(C(C)=O)C[C@@H]3OC1CC(N)C(O)C(C)O1,0.3051291560965146,4.421784784053688
6522,CNC(=O)c1cccc2c(Nc3ccc(NP(=O)(OC)OC)cc3)c3ccccc3nc12,0.2592630472235198,2.6373607280256905
6523,CCN(CC)c1c(N[C@@H](Cc2ccc(NC(=O)c3c(Cl)cncc3Cl)cc2)C(=O)O)c(=O)c1=O,0.3586706386659414,3.137188381704659
6524,Cc1ccc(S(=O)(=O)N2CCN(c3nc(SCc4nc5ccccc5[nH]4)nc(-c4ccccc4)c3C#N)CC2)cc1,0.21066075406674803,2.6715591218379995
6525,CN(C)Cc1cccc(CSCCNc2n[s+]([O-])nc2N)n1,0.5514470333282966,4.08970881024011
6526,COc1ccc(CCCN2CCC(CO)CC2)cc1,0.8547964867412311,1.773708523944098
6527,N[C@H](Cc1onc(O)c1-c1ccccc1)C(=O)O,0.7442080323806758,2.9914846507574264
6528,OC[C@@]1(CCCc2ccccc2)CC2C3Cc4ccc(O)c5c4C2(CCN3CC2CCC2)C(O5)[C@@H]1O,0.543654240083442,5.470863227529034
6529,COc1ccc(/C=C(\C)C(=O)c2cc(OC)c(OC)c(OC)c2)cc1O,0.6006790680777251,2.2897436823130644
6530,CSc1cccc2c1CCCC2CN(C)CCc1ccc2c(c1)OCO2,0.6862332016590864,3.014493086698809
6531,[O-][S+](Cc1ccccn1)c1nc2ccccc2[nH]1,0.7319028677386307,3.54447234306512
6532,CCOC(C)n1c([S+]([O-])Cc2ccccn2)nc2ccccc21,0.6510352223306538,3.907499272515744
6533,CC[C@@]1(O)C(=O)OCc2c1cc1n(c2=O)Cc2cc3ccccc3nc2-1,0.5327639891125654,3.1755009595514183
6534,COc1ccc2c3c1OC1[C@H](O)[C@](CO)(CCc4ccccc4)CC4C(C2)N(CC2CC2)CCC341,0.6391552735248849,5.419099752007442
6535,CCCCc1cn(CCCC)c(=O)n1Cc1ccc(-c2ccccc2-c2nn[nH]n2)nc1,0.4081983088857159,2.68000342974085
6536,COC(=O)[C@@H](NC(=O)c1cc(-c2ccccc2)nc2ccccc12)c1ccccc1,0.5028309467430583,2.377355352994419
6537,CCN[C@H]1C[C@@H](CC)S(=O)(=O)c2sc(S(N)(=O)=O)cc21,0.8516852190017696,4.059555674930708
6538,CCC(C)[C@H](NC(=O)[C@@H]1CCCN1[P@](=O)(OC)[C@@H](Cc1ccccc1)NC(=O)[C@H](CC(N)=O)NC(=O)OC(C)(C)C)C(=O)NCC(C)C,0.15221638272473412,4.517189792818269
6539,COP(=O)(Nc1ccc(Nc2c3ccccc3nc3cc(Cl)ccc23)cc1)OC,0.26666204477092137,2.509197822355331
6540,Cn1cc(NC(=O)c2cc(NC(=O)Nc3cc(C(=O)Nc4cc(C(=O)NCCC(=N)N)n(C)c4)n(C)c3)cn2C)cc1C(=O)NCCC(=N)N,0.06840048318864865,3.2963450315498273
6541,COc1ccc(CNC(=O)CCCc2cccs2)cn1,0.8528019175804032,2.0480611534816227
6542,Cc1ccc(C(=O)N2CCOCC2)cc1NS(C)(=O)=O,0.8969383253043443,1.9220019492375915
6543,CNc1nc(SCc2nc3ccccc3[nH]2)nc(-c2ccccc2)c1C#N,0.4024776114584389,2.4581923688487315
6544,CCOC(=O)Nc1cc2c(c(N)n1)N=C(c1ccc(OC)cc1)CN2,0.7884059086804,2.713148094248149
6545,CCCCN(CC)C(=O)CN1C[C@@H](c2ccc3c(c2)OCO3)[C@H](C(=O)O)[C@H]1c1ccc(OC)cc1,0.5492023201599804,3.4628250997329397
6546,CC(C)C(=O)Nc1cccc(C(=O)c2ccc3n2CCC3C(=O)O)c1,0.8192827372468205,2.856639256928778
6547,Br.CCn1cc(NC(=O)c2cc(NC(=O)c3cc(NC=O)cn3C)cn2C)cc1C(=O)NCCC(=N)N,0.11566376419635939,3.192628329235081
6548,COc1ccc(CCCN2CCN(CCC(c3ccccc3)c3ccccc3)CC2)cc1,0.42596334536035135,1.9944304063635485
6549,CCC(C)C1NC(=O)C(NC(=O)/C=C/c2ccccc2)C(C(C)C)Oc2ccc(cc2)/C=C/NC1=O,0.5361074823980048,5.3895943075442965
6550,O=C(c1ccc(F)cc1)C1CCN(CCN2CCCc3ccccc3C2=O)CC1,0.724399000950829,2.163820965477271
6551,CCCCCCCC/C=C/CCCCCCCC(=O)OCc1cc(=O)c(OC(=O)[C@]23C[C@H]4C[C@H](C[C@H](C4)C2)C3)co1,0.0941592512323823,4.107757020537258
6552,CC(C)(C)OC(=O)N[C@@H](Cc1ccccc1)[C@@H](O)[C@H](O)[C@H](Cc1ccccc1)NC(=O)OC(C)(C)C,0.4138187392952455,3.393240605667472
6553,C=Cc1c(C)nn(CCCN2CCN(c3cccc(Cl)c3)CC2)c(=O)c1N,0.8248245111761708,2.535429807991868
6554,CCCn1c(=O)c2nc(-c3ccc(OCC(=O)NCCNC(=O)CNC(=O)CCCN4C(=O)C=CC4=O)cc3)[nH]c2n(CCC)c1=O,0.11262427638050765,3.150642279389089
6555,CCCCCCCCN(C)/N=N/c1ccc(C(=O)O)cc1,0.38661047743379806,2.3902597873161344
6556,CN1CCN(C(=O)[C@H](CO)Nc2ccnc3cc(Cl)ccc23)CC1,0.8746289250707351,2.73900578441164
6557,Cc1nc2ccc(N)cc2nc1-c1ccc2ccccc2c1,0.5291850229278343,2.028641386032911
6558,COCCNS(=O)(=O)Nc1ncnc(OCCOc2ncc(SC)cn2)c1-c1ccc(Br)cc1,0.2327675640181774,3.020094018672025
6559,C=C(CC[C@@H](C)[C@H]1CC[C@H]2C3=CC[C@H]4[C@H](C)[C@@H](O)CC[C@]4(C)C3=C[C@@H](O)[C@]12C)C(C)C,0.48067794327266417,5.119517989316683
6560,COc1ccc2nc3ccccc3c(Nc3ccc(NS(C)(=O)=O)cc3)c2c1,0.48770792549107883,2.0348840831242008
6561,CCCn1c(=O)c2nc(-c3ccc(OCC(=O)NCCNCCSSC(=O)CCC(=O)ON4C(=O)CCC4=O)cc3)[nH]c2n(CCC)c1=O,0.0920283946542682,3.5362029464619456
6562,Cl.O=C([C@@H]1CCCN1)N1CCCC1P1(=O)Oc2ccccc2-c2ccccc2O1,0.7076029358405909,3.9227277153592013
6563,CCCn1c(=O)c2nc(-c3ccc(OCC(=O)NCCNC(=O)c4ccc(CBr)cc4)cc3)[nH]c2n(CCC)c1=O,0.1541208336888537,2.787885470945282
6564,C=C1CC[C@@H]2[C@]3(C)COC(C)(C)O[C@@H]3CC[C@@]2(C)[C@@H]1C/C=C1/C(=O)OC[C@H]1OC(=O)CCCCCCCCCCC,0.09579797441934586,4.752026316108603
6565,CCCCCCCN1CCC(COC(c2ccccc2)c2ccccc2)CC1,0.41455884572316315,2.0719578690370835
6566,CCCCCCN1CCC(COC(c2ccccc2)c2ccccc2)CC1,0.4727438238168838,2.044997307991867
6567,COc1cccc(C2=NN=C(NC3CC3)SC2)c1,0.907452575499347,2.485386431909074
6570,COC(=O)c1cc(CN2CCCSCC2)oc1C,0.7877786949967284,2.4371701771231358
6571,C[n+]1cccc2c1c1cc(Cl)ccc1n2CCCCCC1CCCCC1.[I-],0.2809307988842218,2.7642424453545047
6572,COc1ccc2c3c1OC1[C@H](O)[C@](CO)(CCCCCc4ccccc4)CC4C(C2)N(CC2CCC2)CCC341,0.4083149487895284,5.443784175371825
6573,CN(C(=O)CN)c1ccc(Cl)cc1C(=O)c1ccccc1,0.8826291924844432,2.070932479848615
6574,CC(C)(C)c1ccc(Sc2ccc(NC3=NCCN3)cc2)cc1,0.8717210816420782,2.385085227519289
6575,CC(=O)OCCNP(=O)(OCC1OC(n2cc(C)c(=O)[nH]c2=O)CC1N=[N+]=[N-])Oc1ccccc1,0.114483538482381,4.225466407882529
6576,COc1ccc(OP(=O)(Oc2ccc(OC)cc2)C2CCCN2C(=O)C2CCCN2)cc1.Cl,0.5391991128622532,3.4536397057791905
6577,CN1C(=O)[C@@H](NC(=O)c2cc3ccccc3[nH]2)N=C(c2ccccc2)c2ccccc21,0.5417855736226349,2.7870006206756006
6578,CCOC(=O)Nc1cc2c(c(N)n1)N=C(c1ccc(Cl)cc1Cl)CN2,0.744711402546455,2.8956846427700498
6579,COc1ccc(Cn2cnc3c2C(OCc2cccc(C)c2)N(C)N(C)C=N3)cc1,0.622276022311857,3.5204674435502152
6580,Nc1ncnc2c1ncn2C1CC(O)C2OP(=O)(O)OCC2O1,0.5808586274144445,4.457333101907399
6581,CC(C)(C)C(=O)Oc1ccccc1C(=O)c1ccccc1,0.4873979592550962,1.793694283562143
6582,CN(C)/N=N/c1[nH]cnc1C(N)=O,0.510530543435686,3.5643953544044296
6583,CC/C(=C(/CC)c1ccc(O)cc1)c1ccc(O)cc1,0.7796984854737203,2.139419888287968
6584,CCC(Cc1cnc2nc(N)nc(N)c2n1)c1ccc(C(=O)NC(CCC(=O)O)C(=O)O)cc1,0.28742139188539434,3.416368132509488
6585,CC12CCC(C1)C(C)(C)C2OC(=O)[C@H](NC(=O)[C@@H](N)CC(=O)O)c1ccc(O)cc1,0.4973651501042535,4.6531282705735375
6586,COc1ccnc(C[S+]([O-])c2nc3cc4c(cc3[nH]2)OC(F)(F)O4)c1OC,0.6604921217881639,4.055503931542805
6587,Br.CNC(=N)CCNC(=O)c1cc(NC(=O)c2cc(NC(=O)c3cc(NC=O)cn3C)cn2C)cn1C,0.12253126106788931,3.3507070984658505
6588,Cc1ccccc1N1CCNCC1,0.6956072727064687,1.7482960253124702
6589,N[C@@H](CC(=O)O)C(=O)N[C@@H](C(=O)OC1CC2CCC1C2)c1ccccc1,0.6321847411540796,4.283905012862759
6590,CC/C(=C(/c1ccccc1)c1ccc(OCCN(C)C)cc1)c1cccc(O)c1,0.5032041717093814,2.1935905934396693
6591,Cc1ncncc1C(=O)NCCS(=O)(=O)N(C)C,0.772878375334441,2.4945404259919144
6592,O=C(NOCc1ccccc1)c1cn(-c2ccccc2)nc1-c1ccccc1,0.512615648120563,2.003152493689539
6593,Cc1n[nH]c2c1C(c1c(C)nn(-c3ccccc3)c1-n1ccnc1)C(C#N)=C(N)O2,0.5467143103241717,3.693093561618194
6594,C=CC(=O)NCCn1nc(C#CCOc2ccccc2)c2c(N)ncnc21,0.5028740393461825,2.8589940091752997
6595,Cc1cc(C)c(-c2cc(NC(=O)CSCC(=O)NC(c3ccccc3)c3ccccc3)n(-c3ccccc3)n2)cc1C,0.18758383123056788,2.530991928022196
6596,CCC(=O)Nc1cccc2c1cc(C)n2-c1nc2c(c(NCc3ccccc3)n1)CCCC2,0.4120598903246232,2.5404708530904276
6597,C=C[C@]1(C)C[C@@H](OC(=O)COc2ccc3c(c2Cl)B(O)OC3)[C@]2(C)[C@H](C)CC[C@]3(CCC(=O)[C@H]32)[C@@H](C)[C@@H]1O,0.32979426585878513,5.831054729095126
6598,COc1ccc(N(CC(=O)NCCCSc2ccccc2)C(=O)CCSC2=C(C)C(=O)c3ccccc3C2=O)cc1,0.1992087967498684,2.7695229326877833
6599,CN(C(=O)[C@H](Cc1ccc(C(N)NN)cc1)NS(=O)(=O)c1cccc2ccccc12)C1CCCC1,0.2050272490262748,3.3338148210724956
6600,Cc1ccnc(NCCCCC(=O)NNC(=O)CC(CC(=O)O)c2cc(Cl)cc(Cl)c2)c1,0.2837193078873274,3.0361564295642154
6601,COc1cc(C2Oc3cc([C@H]4Oc5cc(O)cc(O)c5C(=O)[C@@H]4O)ccc3OC2CO)ccc1O,0.3741998878225389,3.9919821064696546
6602,CN(C(=O)CN)c1ccc(Cl)cc1C(=O)c1c(Cl)cccc1Cl.Cl,0.7712311649798628,2.4504569798141933
6603,COc1ccc(Sc2ccc(C3=NCCCN3)cc2)cc1,0.9363268390963724,2.2530354318465626
6604,CN(c1ccccc1)N1C(=O)O[C@@](C)(c2ccc(Oc3ccccc3)cc2)C1=O,0.6327180494123127,2.9347099757584694
6605,CN1CCC(c2ccccc2)C1,0.609428946669192,2.1313052916678554
6606,CCOC(=O)C1=NO[C@]2(C(=O)COC(C)=O)[C@H]1CC1C3CCC4=CC(=O)C=C[C@]4(C)[C@@]3(F)[C@@H](O)C[C@@]12C,0.5508372615305536,4.956897540324717
6607,C1=C(c2ccc(-c3ccccc3)cc2)N2CCCN=C2c2ccccc21,0.6184195826078477,2.3288259391678032
6608,O=C(c1ccccc1)c1ccc(OC(=O)C2CC2)cc1,0.48452352961267253,1.6401190342578325
6609,C[C@H](O)[C@H](Nc1ccnc2cc(Cl)ccc12)C(=O)N1CCN(C)CC1,0.8679933962113718,3.030447039414857
6610,COc1ccc2c3c1OC1[C@H]4OC[C@@]4(CCCCc4ccccc4)CC4C(C2)N(CC2CC2)CCC341,0.4587572830874249,5.504251047111484
6611,CCOc1ccc(Cc2ccc(NC3=NCCN3)cc2)cc1,0.8909412595554065,2.0944206352932664
6612,CCCCCCCC/C=C/CCCCCCCCCCCC(=O)OCc1cc(=O)c(OC(=O)C(C)(C)C)co1,0.08185240788313387,2.849550279501866
6613,CCCc1ccc(OP(=O)(NC(C)C(=O)OC)OCC2OC(n3cc(C)c(=O)[nH]c3=O)CC2N=[N+]=[N-])cc1,0.13156756929797486,4.327432863022418
6614,CCCCCCC/C=C/CCCCCCCCC(=O)Oc1coc(COC(=O)CCCCCCC/C=C/CCCCCCCC)cc1=O,0.042029256444500805,3.0834328955916686
6615,C[C@@H]1CC[C@H]2[C@@H](C)C(=O)O[C@@H]3O[C@@]4(C)CC[C@@H]1C32OO4,0.504203147729872,5.667633058131262
6616,CCCC(C)OC(=O)CCC(NC(=O)c1cc(Cl)c(N(C)Cc2cnc3nc(N)nc(N)c3n2)c(Cl)c1)C(=O)OC(C)CCC,0.18750454820415025,4.205393189816498
6617,Cc1nc2c3c(Br)cccc3nc(SCC#N)n2n1,0.5323858432475108,2.7781899691655436
6618,CN(C)c1cccc2c(S(=O)(=O)N[C@@H](Cc3ccc(C(N)NN)cc3)C(=O)N(C)C3CCCC3)cccc12,0.177116030470284,3.5213896345247875
6619,CCCCc1cc(C)c2ccccc2n1,0.7305238560495662,1.7960479667466718
6620,O=C1c2ccccc2CCCN1CCN1CCC(Oc2ccccc2)CC1,0.8123582561332906,2.1297357695303294
6621,Cl.O=C(C1CCCN1)N1CCCC1P(=O)(Oc1ccc(O)cc1)Oc1ccc(O)cc1,0.5520652820088335,3.604637111994079
6622,COc1ccc2nc3ccccc3c(Nc3ccc(NP(=O)(OC)OC)cc3)c2c1,0.2806102654403898,2.4858010452605512
6623,O=C(NCC=C(c1ccccc1)c1ccccc1)c1ccc2ccccc2n1,0.5354473040367869,2.0744968866459814
6624,CN(C)c1nc(N/N=C/c2cc(I)cc(I)c2O)nc(N2CCOCC2)n1,0.3086902285764621,2.985081832283365
6625,COc1ccc2c(c1)c(CCNC(=O)C1CCC1)c1n2CCCc2ccccc2-1,0.6871071691353832,2.3436989874552907
6626,Nc1nc2c(ncn2[C@@H]2O[C@@H](CO)[C@@H](O)[C@H]2O)c(=O)[nH]1,0.39813741611480424,3.720175521674877
6627,CCN1CCC[C@@H]2c3cccn4cc(C)c(c34)C[C@H]21,0.7568917923810702,3.617972638870623
6628,COC(=O)C[C@@H](c1ccc(OC)nc1)N(C)C(=O)CCCCc1nc2c(cc1-c1ccccc1)CCCN2,0.28356820611483097,3.3896691013206492
6629,CS[C@@H]1[C@@H](N)[C@@H](O)[C@@H](O)[C@H]1O,0.37915609009442885,4.395978990674582
6630,CCC(NC(=O)c1c(OC)c(-c2ccccc2)nc2ccccc12)c1ccccc1,0.4486122199904037,2.4931171567079478
6631,COP(=O)(Nc1ccc(Nc2c3ccccc3nc3c(C)cccc23)cc1)OC,0.29060521627715724,2.5156271087316053
6632,Cc1cn(C2CC(O)C(CNC(=O)c3ccc(S(=O)(=O)F)cc3)O2)c(=O)[nH]c1=O,0.5491855266400915,3.507834841354102
6633,CC(C)(C)OC(=O)N[C@@H](Cc1ccccc1)[C@H](O)[C@@H](O)[C@H](Cc1ccccc1)NC(=O)OC(C)(C)C,0.4138187392952455,3.393240605667472
6634,COc1ccccc1N1CCNCC1,0.7592290238851658,1.730732368056115
6635,COc1ccc2c3c1OC1[C@H](O)[C@](CO)(CCc4ccccc4)CC4C(C2)N(C)CCC341,0.7562776616027633,5.356777983950222
6636,CCOC(=O)Nc1cc2c(c(N)n1)N=C(c1ccc(C)c(C)c1)CN2,0.7953362014764915,2.8239754120008183
6637,CC(C)Oc1ccccc1N1CCNCC1,0.8415061877932712,1.944512354946994
6638,Cc1c(OCC(F)(F)F)ccnc1C[S+]([O-])c1nc2ccccc2[nH]1,0.6986390031308142,3.740254526876221
6639,COc1ccc(C(=O)c2ccc(NC3=NCCN3)cc2)cc1,0.8496409740606554,2.0582959533406022
6640,CN1CCC(COC(c2ccccc2)c2ccccc2)CC1,0.8219441177037757,1.9726341264175264
6641,CN(CCOc1ccc(NS(C)(=O)=O)cc1)CCc1ccc(NS(C)(=O)=O)cc1,0.5525349937837031,2.1608456907519944
6642,CC(C)N(C)c1cc(N2CCN(C)CC2)cc(N)n1,0.8894761836894403,2.6218900677848733
6643,C[C@@]1(CCCCc2ccccc2)CC2C3Cc4ccc(O)c5c4C2(CCN3CC2CCC2)C(O5)C1=O,0.5015166519012679,5.288834684490197
6644,Nc1ncnc2c1ncn2C1C=C(CO)C(O)C1O,0.4901998770029434,3.8788603103269494
6645,Nc1ccn(C2CC(O)C(O)C(COP(=O)(O)O)O2)c(=O)n1,0.3838043600015326,3.9597358012608783
6646,OCCOc1ccc(Cc2ccc(NC3=NCCN3)cc2)cc1,0.7634739409648528,2.2004470127928393
6647,COc1ccc(OC)c(Sc2ccc(NC3=NCCN3)cc2)c1,0.8819523452112501,2.395428636349264
6648,COc1ccccc1CCCN1CCC(COC(c2ccccc2)c2ccccc2)CC1,0.38598133613863933,2.154733888144925
6649,Br.CN(C)C(=N)CCNC(=O)c1cc(NC(=O)c2cc(NC(=O)c3cc(NC=O)cn3C)cn2C)cn1C,0.13870813308560492,3.312038681818951
6650,CCN(Cc1ccc(S(=O)(=O)N2CCNCC2)cc1)c1ccc2c3c(cccc13)C(=O)N2,0.6034146002030084,2.580522779185234
6651,Nc1ccc(/N=C(\S)Nc2ccc(N)cc2)cc1,0.28941132016678073,2.4534896341367123
6652,CC12N[C@H](Cc3ccccc31)C1=CC=CCC12,0.7127893815082788,4.823754460983421
6653,CCCN(C)/N=N/c1ccc(C(=O)O)cc1,0.6137298600126758,2.503945678145536
6654,O=C(CCOCC(F)(F)F)NCCNc1ccccc1,0.7215555411430754,2.039324861325504
6655,COc1ccc(OC)c(-c2cn3c(CCN(Cc4ccco4)S(=O)(=O)c4ccc5ccccc5c4)csc3n2)c1,0.19232325903090325,2.766936461810431
6656,O=C(Cn1cc(Cn2c3ccccc3c3ccccc32)nn1)c1ccc(I)cc1,0.25864848052346734,2.333558134190909
6657,COc1ccc(OC)c(C2C3=C(COC3=O)Nc3c2c2cccnc2c2ncccc32)c1,0.38965758738445866,3.289920396441847
6658,C[C@@H]1OC[C@]2(CN3CCC2CC3)O1,0.5553355364620862,5.201583461528383
6659,CC(C)[S+](C)CC[C@@H](C)C1CCC2C3CC=C4C[C@@H](O)CC[C@]4(C)C3CC[C@@]21C.[I-],0.31755514194034345,4.96073728060144
6660,COc1cc(NS(C)(=O)=O)ccc1Nc1c2ccccc2nc2ccc(C)cc12,0.46373982941103664,2.153075803322352
6661,CCCCCCCCc1c(O)noc1CC(N)C(=O)O,0.5683043735273198,3.207646278898209
6662,COC(=O)CC(NC(=O)c1cc(-c2ccccc2)nc2ccccc12)c1ccccc1,0.4574987531672758,2.3917790822140645
6663,COc1ccc(C[C@H]2NC(=O)/C=C/C[C@@H](C(O)CCc3ccccc3)OC(=O)[C@H](CC(C)C)OC(=O)CCNC2=O)cc1,0.3766272162486418,4.632484288553075
6664,CCCCCCCCCCN1CCC(COC(c2ccccc2)c2ccccc2)CC1,0.2904825454997094,2.1555791216625977
6665,CC(=O)Oc1ccc2c(C)cc(=O)[nH]c2c1,0.5845385159585121,2.1138334403832975
6666,COC(=O)Nc1nc2cc(C(=O)c3cccs3)ccc2[nH]1,0.7282278318175113,2.336088235816785
6667,NC(Cc1onc(O)c1-c1ccccc1)C(=O)O,0.7442080323806758,2.9914846507574264
6668,c1cc(C2=NCCN2)ccc1CC1CCCN(c2ccc(C3=NCCN3)cc2)C1,0.829539661993707,3.1125616263928393
6669,CCOC(=O)Nc1cc2c(c(N)n1)N=C(c1ccc(Cl)c(Cl)c1)CN2,0.744711402546455,2.857479148264554
6670,CCN(C)/N=N/c1ccc(C(=O)O)cc1,0.6083140941672749,2.4920817116744605
6671,C[C@H]1C[C@H](N)c2cc(S(N)(=O)=O)sc2S1(=O)=O,0.7530725492852977,4.041066640823026
6672,OC[C@@]1(CCCCCc2ccccc2)CC2C3Cc4ccc(O)c5c4C2(CCN3CC2CC2)C(O5)[C@@H]1O,0.43662328238059206,5.467800922553813
6673,CCCCCCCOc1ccc(CCC(N)(CO)CCCC)cc1,0.47790523163319176,2.6540107617872053
6674,CN1CCN(C(=O)[C@H](Cc2c[nH]c3ccccc23)Nc2ccnc3cc(Cl)ccc23)CC1,0.48171980998310737,2.83829607882398
6675,CC(C)C[C@H](Nc1ccnc2cc(Cl)ccc12)C(=O)N1CCN(C)CC1,0.8698495897353389,2.729163961858257
6676,CCCCCCCC/C=C/CCCCCCCC(=O)OCc1cc(=O)c(OC(=O)C(C)(C)C)co1,0.11921639351228303,2.783690985866251
6677,CCCCC1(C2=NCCN2)COc2ccccc2O1,0.9035752311100863,3.4292783880702498
6678,NS(=O)(=O)c1cc2c(N=O)c(O)[nH]c2c2c1CCCC2,0.7299949387524501,3.322741809377451
6679,NCCc1ccc(CN2CCCC2=O)cc1,0.8279122828069676,1.8483146960841168
6680,O=c1[nH]cnc2c(-n3cc(CCN4CCC(c5cc(CCN6CCOCC6)cc(C(F)(F)F)c5)CC4)cn3)nccc12,0.3383949460984203,3.1534775147156813
6681,FC(F)(F)c1cnc(Sc2nc(CN3CCOCC3)nc3scc(-c4ccccc4)c23)c(Cl)c1,0.28229923697746995,2.7666947501938157
6682,N#Cc1ccc(Cn2cc(CN3c4ccccc4Sc4cc(/C=N/NC(=O)c5ccncc5)ccc43)nn2)cc1,0.22330625222063927,2.8408156260418753
6683,C[C@@H]1CC[C@H]2[C@@H](C)[C@](O[Si](C)(C)C)(C(F)(F)F)O[C@@H]3O[C@]4(C)CC[C@@H]1C32OO4,0.4622252033792198,6.1620684428790815
6684,Clc1ccc(Sc2ccc(NC3=NCCN3)cc2)cc1,0.9036840825135394,2.286748129159365
6685,COc1ccc2c3c1OC1C(=O)[C@](C)(CCCCc4ccccc4)CC4C(C2)N(CC2CCC2)CCC314,0.4095536363739232,5.250597387810062
6686,COc1cccc(N(CC(=O)N(C)c2ccccc2)C(=O)CNC(=O)Nc2cccc(C)c2)c1,0.5347193759291724,2.315828688576863
6687,Cc1cccc(NC(=O)NNc2nc3ccccc3c(=O)n2-c2ccc(Cl)c(Cl)c2)c1,0.3724497846378835,2.281744263042956
6688,CCCCCCCCN1CCC(COC(c2ccccc2)c2ccccc2)CC1,0.3649947438000526,2.099395332970241
6689,CC(C)=CC[C@@H](OC(=O)C(c1ccccc1)c1ccccc1)C1=CC(=O)c2c(O)ccc(O)c2C1=O,0.2618786904988681,3.3194446434443527
6690,Cc1c(C(=O)NCCCCCO)cnn1-c1nc(-c2cccc(C(F)(F)F)c2)cs1,0.5164554360945048,2.4768278788920366
6691,CC/N=c1\c(O)c(O)\c1=N/[C@@H](Cc1ccc(NC(=O)c2c(Cl)cncc2Cl)cc1)C(=O)O,0.41157881941053354,3.620458694434177
6692,COc1ccc(S(=O)(=O)c2ccc(NC3=NCCN3)cc2)cc1,0.8943551022697636,2.177644668078729
6693,COc1ccc(CCc2nc3ccccc3c3nc(N)nn23)cc1,0.6254454040715535,2.1705941226713374
6694,COc1cccc2c1CCC[C@H]2CN(C)CCc1ccc2c(c1)OCO2,0.7848465317654,2.81084349155711
6695,CCOC(=O)C(C)(C)Oc1ccc(Br)c(/C=C/[N+](=O)[O-])c1,0.4423503258567902,2.674823016036566
6696,CC(Sc1nc(-c2ccccc2)c(-c2ccccc2)o1)C(=O)NCc1ccco1,0.41785681925640267,2.669818490178141
6697,CC1CCN(CCCCCOc2cccc(-c3ccccc3)c2)CC1.O=C(O)C(=O)O,0.4652285044676749,2.0400718733636705
6698,CCC(=O)Oc1ccc(C(=O)c2ccccc2)cc1,0.4776895846457698,1.6016027896783633
6699,c1ccc(Cn2cnc3c(CCc4ncnc5c4ncn5Cc4ccccc4)ncnc32)cc1,0.3702233089889645,2.6359115578623182
6700,COc1cnc(C[S+]([O-])c2nc3cc(OC(F)F)ccc3[nH]2)cc1OC,0.6309371659531016,3.769979346473642
6701,CCN(CC)c1c(N[C@@H](Cc2ccc(Oc3ncccn3)cc2)C(=O)O)c(=O)c1=O,0.4819436126431673,3.0701194113498564
6702,c1ccc(C2(C3=NCCN3)COc3ccccc3O2)cc1,0.9179967432728119,3.220678559483396
6703,COc1cccc2c1CCC[C@H]2CN(C)CCc1ccc2[nH]c(O)nc2c1,0.6960496967807436,3.1474189735857836
6704,CN1C(=O)C=C[C@]2(C)C3CC[C@@]4(C)C(CC[C@@]4(O)C#CCCCl)C3CCC12,0.5437697393590292,4.707035174596097
6705,CC(=O)Oc1cccc2c(C)cc(=O)[nH]c12,0.5845385159585121,2.1776893844392404
6706,CCCCCN(CCCCC)C(=O)[C@@H](CCC(=O)O)NC(=O)c1ccc(Cl)c(Cl)c1,0.3762170645743505,2.6684894863967603
6707,C=CCN(C)/N=N/c1ccc(C(=O)O)cc1,0.4697623976559172,2.713752671152527
6708,COc1ccc(N(CC(=O)NCCC[Se]c2ccccc2)C(=O)CCSC2=C(C)C(=O)c3ccccc3C2=O)cc1,0.22046559187811895,3.0491608025102668
6709,CN(C)CCNC(=O)c1cccc2cccnc12,0.8853444655347175,1.8716552449964396
6710,COCCOc1ccc(Cc2ccc(NC3=NCCN3)cc2)cc1,0.768651244207265,2.185300409623821
6711,COP(=O)(Nc1ccc(Nc2c3ccccc3nc3cc(Br)ccc23)cc1)OC,0.24024429944884707,2.560281788991105
6712,CC(C)CN[C@@H]1CCS(=O)(=O)c2sc(S(N)(=O)=O)cc21,0.8466545879562704,3.528207255280317
6713,OCC1OC(n2cnc3c(O)ncnc32)C(O)C1O,0.498126779348831,3.772141228192967
6714,CCCCCC/C=C/CCCCCCCC(=O)OCc1cc(=O)c(OC(=O)C(C)(C)C)co1,0.15102976773916924,2.758139540381398
6715,O=C(Nc1ccc(C[C@H](/N=c2/c(N3CCNCC3)c(O)c2=O)C(=O)O)cc1)c1c(Cl)cncc1Cl,0.36933830230957654,3.537066427272266
6716,O=C(O)CCCCCCCOc1ccc(NC(=O)c2c(O)nc3cc(-c4ccc5ccccc5c4)ccc3c2O)cc1,0.11533577814353926,2.59964482058418
6717,COc1ccc(Sc2ccccc2NC2=NCCN2)cc1,0.9097306879449248,2.3203746378018977
6718,CN1CCN(C(=O)CCNc2ccnc3cc(Cl)ccc23)CC1,0.9340770604544717,2.124114598148658
6719,c1cc(Sc2ccc3c(c2)OCCO3)ccc1NC1=NCCN1,0.9075848222109631,2.516457498726343
6720,CCC(C)[C@H](NC(=O)[C@@H]1CCCN1[P@@](=O)(OC)[C@@H](Cc1ccccc1)NC(=O)[C@H](CC(N)=O)NC(=O)OC(C)(C)C)C(=O)NCC(C)C,0.15221638272473412,4.517189792818269
6721,CCN(C)c1c(N[C@@H](Cc2ccc(NC(=O)c3c(Cl)cncc3Cl)cc2)C(=O)O)c(=O)c1=O,0.3901251515687207,3.156005654779017
6722,O=C1S/C(=C\c2cccc3ccccc23)C(O)(O)N1CC(=O)C(F)(F)F,0.7967246152088178,3.1362097711538013
6723,COc1ccc(OC)c(C(=O)/C(C)=C/c2ccc(N(C)C)cc2)c1,0.593002471738316,2.1850754613326764
6724,OC[C@@H]1CNC[C@H]1C1CCN(C2CCOCC2)CC1,0.7909884951510711,3.508510790718775
6725,O=C1S/C(=C\c2ccc(Cl)cc2Cl)C(=O)N1Cc1c(F)cccc1Cl,0.573928048367967,2.251430500390688
6726,CN1CCC[C@@H]1c1cccnc1,0.6261518225795569,2.499925511448076
6727,CCCCN(CCCC)C(=O)C(C)N1CC(c2ccc3c(c2)OCO3)C(C(=O)O)C1c1ccc(OC)cc1,0.4141015755435503,3.809105218037918
6728,CCCCn1cc(C(=O)NCCN(C)C)c2nc3c(C)cccc3cc2c1=O,0.6401512068645071,2.465292751763254
6729,O=C(NCCC=C(c1ccccc1)c1ccccc1)Nc1ccc(Cl)cc1,0.5099995323768599,1.9600182695303285
6730,COc1ccnc(C[S+]([O-])c2nc3cc4c(cc3[nH]2)OC(F)(F)O4)c1C,0.6988793183737281,4.0915989460521445
6731,CC(C)Oc1ccc(Cc2ccc(NC3=NCCN3)cc2)cc1,0.8891757452394866,2.18835837228497
6732,CCCc1cc(C)c2cccc(CCC)c2n1,0.7517215542775026,2.12650696645594
6733,Clc1ccc(OCC2=Cc3ccccc3C3=NCCCN23)cc1,0.8438686156772226,2.579904931344874
6734,O=C(Nc1ccc(C[C@H](/N=c2/c(N3CCCCC3)c(O)c2=O)C(=O)O)cc1)c1c(Cl)cncc1Cl,0.43873592721316185,3.425295469658452
6735,NC(=O)CN1CCCC1Cc1ccc(F)cc1,0.8566141793754399,2.417461960452224
6736,Cc1nnc2ccc(S(=O)(=O)N(Cc3ccc(F)cc3)c3ccc(Cl)cc3)cn12,0.47497403516380354,2.335330024710718
6737,C=CC(=O)N1CCN(c2nnc(-c3ccccc3C3CC3)c3cc(-c4c(O)cccc4F)c(Cl)cc23)CC1,0.3134732844292932,2.915578274579131
6738,CCN(CC)CC#Cc1ccc(-n2ncc(/C(C)=N/NC3=NCCN3)c2C)cc1,0.4497444433510079,3.0553651995564426
6739,ClC1=C(CN2CCN(c3ccccc3)CC2)CCc2nc(-c3cccs3)ccc21,0.5518037591496953,2.5522209143655896
6741,CCOc1ccccc1NC(=O)Nc1nc2ccncc2cc1C,0.761497001281642,2.162832135093698
6742,CCOc1ccc2c(c1)c(CCNC(=O)CC)c1n2Cc2ccccc2-1,0.5690604708434973,2.3706928740790456
6743,C=C(C)C(=O)Oc1ccc(C(=O)c2ccccc2)cc1,0.36850084152978674,1.775624861325504
6744,CCCCN(CC)c1nc(C)nc2c1nnn2-c1c(Br)cc(OC)cc1OC,0.5158468261690154,2.895588609751419
6745,CC(=O)NCCc1c2n(c3ccccc13)CCc1ccccc1-2,0.7887417033109954,2.22792530684295
6746,CN(C)CCCNc1nc2ccccc2o1,0.7825993336639488,2.1440926225055215
6747,Oc1ccc2c3c1OC1[C@H]4OC[C@@]4(CCCCc4ccccc4)CC4C(C2)N(CC2CC2)CCC341,0.5603326038608322,5.54899411088321
6748,Cc1ccnc2ccccc12,0.551905503719966,1.5339383170664593
6749,COc1ccc(NCc2ccc3nc(N)nc(N)c3c2)cc1OC,0.660750733867291,2.076833030234363
6750,CC(=O)N[C@@H](Cc1ccccc1)C(O)[C@H](Cc1ccccc1)NC(C)=O,0.6768359711721668,2.738578624028083
6751,CS(=O)(=O)Nc1ccc(Nc2c3ccccc3nc3ccccc23)cc1,0.5236877711028346,1.928769797155967
6752,COP(=O)(Nc1ccc(Nc2c3ccccc3nc3ccccc23)cc1)OC,0.3117690302870992,2.406147715602833
6753,O=C(OCc1cc(COC(=O)c2ccc(O)c(F)c2)cc(COC(=O)c2ccc(O)c(F)c2)c1)c1ccc(O)c(F)c1,0.17739386853784297,2.479170531761186
6754,O=C(O)c1ccc(Sc2ccc(NC3=NCCN3)cc2)cc1,0.809166355182007,2.304078164879064
6755,Cc1ccc(C2CC(N3CCN(CCN4CCN(C(C)C)C4=O)CC3)c3ccc(Cl)cc32)cc1.O=C(O)/C=C\C(=O)O,0.4256977934832542,3.6918380821682444
6756,CC(C)(C)/N=C(\N)c1ccc(N2CCCN(c3ccc(/C(N)=N/C(C)(C)C)cc3)CC2)cc1,0.5359927871494797,2.6988212885361484
6757,CCOC(=O)CNc1nc(Nc2ccc(C)cc2)nc(OCc2cc3ccccc3oc2=O)n1,0.2817794609602101,2.5980429448562976
6758,COc1ccc2c(c1)OC(c1ccccc1)CC2=O,0.823541580638012,2.38156851794038
6759,CCN[C@H]1C[C@H](CC)S(=O)(=O)c2sc(S(N)(=O)=O)cc21,0.8516852190017696,4.059555674930708
6760,CN1C(=O)CN=C(c2c(Cl)cccc2Cl)c2cc(Cl)ccc21,0.7447189140441105,2.3987783382712458
6761,CC/N=C(\NCC)Nc1ccc(Sc2ccc(OC)cc2)cc1,0.6143911915055021,2.273084528218588
6762,Nc1nc2c3ccccc3nc(CCc3ccc(O)cc3)n2n1,0.6062203234246061,2.2645204847993217
6763,COc1ccc(Cc2nc3ccccc3c3nc(N)nn23)cc1,0.6287985067850611,2.139582712124236
6764,CCCCCCCCCCCCCCCCCCN(C)/N=N/c1ccc(C(=O)O)cc1,0.12764016312631737,2.4822067286672187
6765,CCOC(=O)C1=NO[C@]2(C(=O)COC(C)=O)[C@H]1CC1C3CCC4=CC(=O)C=C[C@]4(C)[C@H]3[C@@H](O)C[C@@]12C,0.5708998797337952,4.898375409246424
6766,C=Cc1cc2c(nc1CCCCC(=O)N(C)[C@@H](CC(=O)OC)c1ccc(OC)nc1)NCCC2,0.3956539680967493,3.613221663342376
6767,CC1CC(=O)OC[C@]23C[C@@H](O)[C@H](C)C[C@H]2O[C@@H]2C[C@@H](OC(=O)/C=C\C=C\C(C(C)O)O[C@@H](O)C1)[C@@]3(C)C21CO1,0.32644905732562246,7.535445322642269
6768,Cc1ccc2c(c1)OC1(C)CC(=O)C(N)=CC1=N2,0.7566834764136944,3.8995209584497346
6769,CC(C)SCC[C@@H](C)C1CCC2C3CC=C4C[C@@H](O)CC[C@]4(C)C3CC[C@@]21C,0.49331821901860445,4.411985930513563
6770,CCCCCCCCCCCCCCCCCC(=O)OCc1cc(=O)c(OC(=O)C(C)(C)C)co1,0.14413746216101808,2.6172319591786533
6771,CCCCCCCN[C@H]1CCC[C@@H]1CCCCCCC(=O)O,0.4366307358923116,2.8789967428425527
6772,CC(C)Oc1cccc(-n2c(NNC(=O)c3ccc(Br)cc3)nc3ccccc3c2=O)c1,0.3809486001722279,2.2842761971719288
6773,COC1(C2=NC(C)CN2)COc2ccccc2O1,0.853868975431037,4.073652252053458
6774,NC(N)c1ccc(C[C@@H](NC(=O)CNS(=O)(=O)c2ccc3ccccc3c2)C(=O)N2CCCCC2)cc1,0.3143786438847068,2.9127641913632303
6775,N#Cc1cccc(NC(=O)NNc2nc3ccccc3c(=O)n2-c2ccccc2)c1,0.4578362458790417,2.2498496295551664
6776,CCCn1c(=O)c2nc(-c3ccc(OCC(=O)NCCNC(=O)Cc4ccc(N)cc4)cc3)[nH]c2n(CCC)c1=O,0.14267257504898512,2.7779484682927613
6777,CN(C)CCNC(=O)c1cccc2ccc(-c3ccccc3)nc12,0.7853564300895555,1.9198782889398505
6778,COc1cc(NP(=O)(OC)OC)ccc1Nc1c2ccccc2nc2ccc(C)cc12,0.26075532453130607,2.5944926896163825
6779,COc1cnc(C[S+]([O-])c2nc3cc4c(cc3[nH]2)OC(F)(F)O4)cc1OC,0.6604921217881639,4.056797453810012
6780,COc1ccc2c3c1OC1[C@H](O)[C@](CO)(CCCCCc4ccccc4)CC4C(C2)N(C)CCC341,0.56041417433128,5.3555568731041685
6781,Cc1ccc(OC2CCN(CCN3CCCc4ccccc4C3=O)CC2)cc1,0.7903702170324658,2.169751447101687
6782,COc1cc(Cc2nc3ccccc3c3nc(N)nn23)cc(OC)c1,0.6162859996373696,2.330022390022796
6783,N[C@@H](CC(=O)O)C(=O)N[C@@H](C(=O)OC1C2CC3COC1C3C2)c1ccccc1,0.5840180052890248,4.821847842339297
6784,Cn1c([S+]([O-])Cc2ccccn2)nc2ccccc21,0.6866581926201428,3.506281524933387
6785,COC(=O)[C@H](C)NP(=O)(COCCn1cnc2c(N)ncnc21)Oc1ccccc1,0.2753128694269785,3.575254231580801
6786,N#Cc1cc2c(cc1[N+](=O)[O-])=NC(=O)C(=O)N=2,0.3389279216624912,3.0457759463890506
6787,O=C(NCCc1c2n(c3ccccc13)CCCc1ccccc1-2)C1CC1,0.7511612652104898,2.2403659267106235
6788,Nc1nc2ccc([N+](=O)[O-])cc2o1,0.5256113701601708,2.3466397500088263
6789,COc1c(C)cnc(C[S+]([O-])c2nc3cc(OC(F)F)ccc3[nH]2)c1C,0.6610472268522137,3.849532560383019
6790,C=CC/N=c1\c(O)c(O)\c1=N/[C@@H](Cc1ccc(NC(=O)c2c(Cl)cncc2Cl)cc1)C(=O)O,0.3582921180833941,3.7430587401551794
6791,C[C@]12CC[C@@H](O)C[C@@H]1CC[C@@H]1[C@@H]2C(=O)C[C@]2(C)/C(=C/C#N)CC[C@@H]12,0.6835997078539015,4.552473819273926
6792,COc1ccc(CCCN2CCC(COC(c3ccccc3)c3ccccc3)CC2)cc1,0.38598133613863933,2.10776773429877
6793,O=C1C2=CCC[C@@]1(O)C#C/C=C\C#C[C@@H]2O,0.5555280462739464,6.717027328568294
6794,CC(C)Oc1ccccc1C/N=C(\S)c1ccc2cnccc2n1,0.4290129953599964,2.7478060481371767
6795,O=C1NC(c2ccc([N+](=O)[O-])cc2)Nc2ncccc21,0.6407029464747083,2.9043921456630226
6796,Br.CCn1cc(NC=O)cc1C(=O)Nc1cc(C(=O)Nc2cc(C(=O)NCCC(=N)N)n(C)c2)n(C)c1,0.11566376419635939,3.192628329235081
6797,CCCCc1cn(-c2ccccc2)c(=O)n1Cc1ccc(-c2ccccc2-c2nn[nH]n2)nc1,0.38016212080387524,2.607147553961479
6798,CCCN(C)c1c(N[C@@H](Cc2ccc(NC(=O)c3c(Cl)cncc3Cl)cc2)C(=O)O)c(=O)c1=O,0.3586706386659414,3.158505503292747
6799,COc1ccnc(C[S+]([O-])c2nc3cc(OCC(F)(F)F)ccc3[nH]2)c1C,0.6414932737679969,3.783454263526612
6800,COc1cccc2c1CCC[C@H]2CN(C)CCc1ccc2c(c1)CC(=O)N2,0.8480019515560888,2.9740456008047182
6801,CCCc1ccccc1N1CCNCC1,0.8103645508723878,1.9228404614612593
6803,Nc1ncnc2c1ncn2C1OC2COP(=O)(O)OC2C1O,0.5650671444317394,4.35092583290406
6804,COc1ccc(Oc2ccc(NC3=NCCN3)cc2)cc1,0.9056496967214667,2.031738161375097
6805,CC(C)COc1ccc(Cc2ccc(NC3=NCCN3)cc2)cc1,0.852180009538777,2.204188847946062
6806,CCCCN1CCC(COC(c2ccccc2)c2ccccc2)CC1,0.6474958643141849,1.99870882453423
6807,CC(C)NCC(O)c1ccc(NS(C)(=O)=O)cc1,0.7241218527557277,2.45313580460358
6808,C[C@@]1(CCc2ccccc2)CC2C3Cc4ccc(O)c5c4C2(CCN3CC2CCC2)C(O5)C1=O,0.6827089091605527,5.295634633516813
6809,O=C(O)CC(NC(=O)CNC(=O)CCCNc1ccccn1)c1cccc([N+](=O)[O-])c1,0.22457889535930498,2.7840465623201656
6810,COc1cc(C(=O)OC/C=C/COC(=O)c2ccc(O)c(OC)c2)ccc1O,0.5244337673583488,2.3078974854910648
6811,COc1ccc([C@@H]2[C@@H](C(=O)O)[C@H](c3ccc4c(c3)OCO4)CN2CC(=O)N(C)CC(C)(C)C)cc1,0.6426843261955077,3.56122060113875
6812,CN(C(=O)[C@H](Cc1ccc(C(N)NN)cc1)NS(=O)(=O)c1cccc2c1CCCC2)C1CCCC1,0.23787446710184038,3.516936499394175
6813,CCN(CC)c1c(N[C@@H](Cc2ccc(-c3c(OC)cccc3OC)cc2)C(=O)O)c(=O)c1=O,0.42807562830997314,2.9483214620486695
6814,COc1c(C)cnc(C[S+]([O-])c2nc3ccccc3n2C(C)OC(C)=O)c1C,0.46423134149260226,4.0573390721766005
6815,CN(CCc1ccc2c(c1)OCO2)C[C@@H]1CC[C@@H]2CCOc3cccc1c32,0.7889561909478023,3.3461826991421697
6816,Cc1cn(C2CC(O)C(CNC(=O)CI)O2)c(=O)[nH]c1=O,0.43840324904408623,3.6962748634854607
6817,N#Cc1c(-c2ccccc2)nc(SCc2nc3ccccc3[nH]2)nc1N1CCN(C(=O)c2ccc([N+](=O)[O-])cc2)CC1,0.12165548394721697,2.7137724705794906
6818,CCCC(C)/N=c1\c(O)c(O)\c1=N/[C@@H](Cc1ccc(NC(=O)c2c(Cl)cncc2Cl)cc1)C(=O)O,0.34004853906143007,4.012407915478091
6819,CCOC(=O)Nc1cc2c(c(N)n1)N=C(c1ccc(Cl)cc1)CN2,0.7905653351556285,2.7550380076099277
6820,Oc1ccc(/N=C(\S)Nc2ccc(O)cc2)cc1,0.29018557475159007,2.3925285481638596
6821,COc1ccnc(C[S+]([O-])c2nc3cc(OC(F)(F)C(F)F)ccc3[nH]2)c1OC,0.4317740230891436,3.938629530902123
6822,O=[N+]([O-])c1ccc(Sc2ccc(NC3=NCCN3)cc2)cc1,0.6693368245691327,2.4016697514175256
6823,Cc1cc(C2CCCC2)nc2c(C3CCCC3)cccc12,0.6707569127664275,2.3196934963626905
6824,COc1ccc(C2C3=C(COC3=O)Nc3c2c2cccnc2c2ncccc32)cc1OC,0.38965758738445866,3.25467225748403
6825,O=C(Nc1ccc(C[C@H](/N=c2/c(N3CCOCC3)c(O)c2=O)C(=O)O)cc1)c1c(Cl)cncc1Cl,0.43074879567399754,3.4708281227196753
6826,COCCOC1(C2=NCCN2)COc2ccccc2O1,0.8079846975495648,3.530958110117836
6827,COC(=O)C[C@@H](c1ccc(OC)nc1)N(C)C(=O)CCCCc1nc2c(cc1NS(C)(=O)=O)CCCN2,0.3112084304745749,3.605963197017772
6828,COc1ccc(/C=C/CN2CCC(COC(c3ccccc3)c3ccccc3)CC2)cc1,0.4041849026300376,2.2533738881449246
6829,CCOc1ccc(Sc2ccc(NC3=NCCN3)cc2)cc1,0.8850227123715629,2.280591759553621
6830,O=C(c1cccc(Cl)c1)c1ccc2n1CCC2C(=O)O,0.8838922886903331,2.823577932244863
6831,CC1(C)CCC[C@]2(C)[C@H]3C[C@H]4C(CO)=CCO[C@@H]4[C@H]3C[C@H](O)[C@@H]12,0.7297833118209262,4.834892735731909
6832,O=C1c2ccccc2CCCC1CCN1CCC(Oc2ccccc2)CC1,0.7177674471802455,2.6587176866035342
6833,COc1cc2[nH]c([S+]([O-])Cc3nccc(OC)c3OC)nc2cc1OC(F)F,0.566730339352291,3.7795916806707783
6834,CCCn1c(=O)c2nc(-c3ccc(OCC(=O)NCCN=C(S)Nc4ccc(OC)cc4)cc3)[nH]c2n(CCC)c1=O,0.08060246264552731,3.0553947198827425
6835,O=C1CC(CN2CCC(Oc3ccccc3)CC2)CCc2ccccc21,0.7680237696462658,2.6207365563870173
6836,OCCOC1(C2=NCCN2)COc2ccccc2O1,0.8105126697531474,3.604892124333986
6837,CCCCc1cn(CCCC)c(=O)n1Cc1ccc(-c2ccccc2-c2nn[nH]n2)cc1,0.3957600532958721,2.5120302287482943
6838,CC(C)C[C@H](NC(=O)[C@H](CC(=O)O)NC(=O)[C@H](CC(N)=O)NC(=O)[C@@H](NC(=O)[C@@H](NC(=O)C(C)(C)C)C(C)C)C(C)C)C(=O)O,0.09268816468913393,3.945970090967581
6839,CCCn1c(=O)c2nc(-c3ccc(OCC(=O)NCCN=C(S)Nc4ccc(C#N)cc4)cc3)[nH]c2n(CCC)c1=O,0.08562843269035401,3.1511123669415664
6840,C(#Cc1ncnc2c1ncn2Cc1ccccc1)c1ncnc2c1ncn2Cc1ccccc1,0.38874111540289474,2.773644878115771
6841,C(#Cc1ncnc2c1ncn2C1CCCCO1)c1ncnc2c1ncn2Cc1ccccc1,0.4010094798583489,3.46998187855524
6842,CCCn1c(=O)c2nc(-c3ccc(OCC(=O)NCCN=C(S)Nc4c(F)c(F)c(F)c(F)c4F)cc3)[nH]c2n(CCC)c1=O,0.034800229619002816,3.4221624852470436
6843,CCCCCN(C)/N=N/c1ccc(C(=O)O)cc1,0.4566149952333824,2.4167252721457615
6844,c1ccc(CSc2nc3ccccc3n2CCN2CCOCC2)nc1,0.6366817288602116,2.1696856977151047
6845,CC(C)Oc1ccc(Sc2ccc(NC3=NCCN3)cc2)cc1,0.8712870126745667,2.3689721495524783
6846,CCCC(=O)NCCc1c2n(c3ccccc13)CCc1ccccc1-2,0.7414852914610329,2.247394334174535
6847,Clc1ccc(CCCN2CCC(COC(c3ccccc3)c3ccccc3)CC2)cc1,0.3679502550558333,2.102611563134168
6848,CCC(CC1=Nc2c(N)nc(N)nc2NC1)c1ccc(C(=O)NC(CCC(=O)O)C(=O)O)cc1,0.2970870352064967,3.764288099776264
6849,CC[S+](CC[C@@H](C)C1CCC2C3CC=C4C[C@@H](O)CC[C@]4(C)C3CC[C@@]21C)C(C)C.[I-],0.2959930567564869,5.0164844728331675
6850,CCCCCCCOc1ccc(CC[C@@](N)(CO)CCC)cc1,0.5274364091463895,2.662088050993784
6851,COc1ccc2c3c1O[C@H]1[C@@H](O)C=C[C@H]4[C@@H](C2)N(C)CC[C@@]341,0.7981444096668123,5.161491654952451
6852,COc1cc(C2=Cc3ccccc3C3=NCCCN23)cc(OC)c1OC,0.84370806465134,2.6022227202328914
6853,O=C(Nc1ccc(C[C@H](/N=c2\c(O)c(O)\c2=N/C2CCC2)C(=O)O)cc1)c1c(Cl)cncc1Cl,0.3903327480976792,3.644273197712261
6854,CCCCCCCOc1ccc(CCC(N)(CO)CO)cc1,0.5188636523008445,2.1923868807599582
6855,C[Si](C)(C)c1ccc(C2=Cc3ccccc3C3=NCCCN23)cc1,0.7528040720676729,2.8166555464649363
6856,COc1ccc(CCCN2CCC(COC(c3ccccc3)c3ccc(Cl)cc3)CC2)cc1,0.3297321874158409,2.591516994985202
6857,Cc1ccc([C@H]2CC(c3cc(Br)ccc3O)=NN2C(=O)c2ccccc2)cc1,0.5946452808203672,2.6805094617358662
6858,NC(Cc1cc(O)no1)C(=O)O,0.5575991630176983,3.3979052092502737
6859,COc1cc2c(cc1OC)C(COCCN1CCN(c3ccccc3OC)CC1)OCCC2,0.5350318285546003,2.8855729624713238
6860,CC(C)(C)C(=O)Oc1coc(COC(c2ccccc2)(c2ccccc2)c2ccccc2)cc1=O,0.2421928570186138,2.5732225243277895
6861,Cc1ccc(CCCN2CCC(COC(c3ccccc3)c3ccccc3)CC2)cc1,0.3998146653397265,2.0919936701575814
6862,Nc1ccc2c(c1)nc(Cc1ccc3c(c1)OCO3)n1nc(N)nc21,0.5368776233788566,2.5704895923410263
6863,CN(C)CCNC(=O)c1cccc2cc(-c3ccccc3)cnc12,0.7853564300895555,1.9561893257291487
6864,COC(=O)CCC(=O)OCn1c([S+]([O-])Cc2ccccn2)nc2ccccc21,0.4205938591731037,3.5224698463512514
6865,CC(=O)NCCc1c2n(c3ccccc13)Cc1ccccc1-2,0.6166455125061556,2.230481530263681
6866,COc1cccc2c(Nc3ccc(NS(C)(=O)=O)cc3)c3ccccc3nc12,0.48770792549107883,2.0726183138934324
6867,CS(=O)(=O)Nc1ccc(Nc2c3ccccc3nc3cc(S(C)(=O)=O)ccc23)cc1,0.45512918487866255,2.201928977793134
6868,CN(C)CCCN1c2ccccc2Sc2ccc(Cl)cc21,0.7918053413291345,2.1401928512014
6869,Cc1ccc([C@@H]2CC(c3cc(Br)ccc3O)=NN2C(=O)c2ccccc2)cc1,0.5946452808203672,2.6805094617358662
6870,CNC1=Nc2ccc(N(C)Cc3ccc(S(=O)(=O)N4CCOCC4)cc3)c3c(C)ccc1c23,0.62643125875369,2.83120896683838
6871,CN1C(=O)CC[C@]2(C)C3CC[C@@]4(C)C(CC[C@@]4(O)C#CCCO)C3CCC12,0.694882994636003,4.484296713057636
6872,CCCCCCCN(C)/N=N/c1ccc(C(=O)O)cc1,0.4158559524494845,2.394805081105723
6873,Cc1nn(CCCN2CCN(c3cccc(Cl)c3)CC2)c(=O)c(N)c1C(C)O,0.7643527786560849,2.9430052901382364
6874,CCSc1ccnc(C[S+]([O-])c2nc3ccccc3n2CCN2CCCCC2)c1C,0.3755260126159567,3.6642805519334116
6875,COC(=O)[C@H](NC(=O)c1cc(-c2ccccc2)nc2ccccc12)c1ccccc1,0.5028309467430583,2.377355352994419
6876,CN(CCc1ccc2c(c1)OCO2)CC1CCCc2c(O)cccc21,0.9015019441119845,2.883858205936887
6877,COc1ccnc(C[S+]([O-])c2nc3cc(F)c(OC(F)F)cc3[nH]2)c1OC,0.6121171133226772,3.876661032757381
6878,COc1ccc(Cc2nc3ccccc3c3nc(N)nn23)c(OC)c1,0.6162859996373696,2.301447390022796
6879,O=Nc1c(O)[nH]c2c3c(c([N+](=O)[O-])cc12)CCCC3,0.49146016252156116,3.2766498143518037
6880,CNCCCN1c2ccccc2CCc2ccccc21,0.8516371541172786,1.9490287028229893
6881,O=c1c(-c2ccc(O)cc2)coc2cc(O)cc(O)c12,0.6318329361180623,2.296603707479351
6882,CCCCCCCc1c(O)noc1CC(N)C(=O)O,0.5906010236571493,3.23978692568648
6883,CCN(C)CC(C(=O)Nc1c(C)cccc1C)N(C)CC,0.8382593141717203,2.8566793836592197
6884,C=COC(=O)n1c([S+]([O-])Cc2nccc(SCC)c2C)nc2ccccc21,0.3482310250392388,4.089672959882886
6885,CCSc1ccnc(C[S+]([O-])c2nc3ccccc3n2CSc2ccccc2)c1C,0.24517670713019202,3.727547925938717
6886,O=C(O)CCCCCCCOc1ccc(NC(=O)c2c(O)nc3ccc(-c4cc5ccccc5s4)cc3c2O)cc1,0.11377859374113729,2.713614127151729
6887,CCN(c1nc(C)cc(-c2ccccc2C(F)(F)F)n1)c1c(Br)cc(N(C)C)cc1OC,0.38140243110487937,2.8811988776744517
6888,COc1cc2c(-c3ccc4c(c3)OCO4)c(C(=O)O)n(Cc3ccc4c(c3)OCO4)c2cc1OCc1ccccc1,0.24715428400654013,2.6218661871256526
6890,COc1ccc(Cn2c(C(=O)O)c(-c3ccc4c(c3)OCO4)c3cc(OCc4ccccc4)ccc32)cc1,0.26291126036752294,2.354444074994932
6891,COc1ccc(OC)c(Cc2nc3ccccc3c3nc(N)nn23)c1,0.6162859996373696,2.289851236176643
6892,COc1cc(NS(C)(=O)=O)ccc1Nc1c2ccccc2nc2c(OC)cccc12,0.44335527350214143,2.2004809105662435
6893,COc1cccc2c1CCCC2CN(C)CCc1ccc2c(c1)OCO2,0.7848465317654,2.81084349155711
6894,O=C1NCC(=O)N(Cc2ccco2)[C@H]1Cc1c[nH]c2ccccc12,0.7687221151965925,2.9386165342500377
6895,COc1ccc(Cc2ccc(NC3=NCCN3)cc2)cc1,0.905384090862648,2.055202925643087
6896,CCOC(=O)n1c([S+]([O-])Cc2nccc(SCC)c2C)nc2ccccc21,0.45400061356242344,3.8010954295185133
6897,CCOC(=O)c1ccc(Sc2ccc(NC3=NCCN3)cc2)cc1,0.8164517848328209,2.2987778589350736
6898,O=c1[nH]c(=O)n(C2CC(O)C(CO)O2)cc1/C=C/Br,0.6945612204028229,3.850417215540748
6899,O=C(c1ccc(Cl)cc1)C(O)(Cn1cncn1)c1ccc(Cl)cc1Cl,0.6617138149323076,2.9625793620410548
6900,CC(C)C(=O)C(O)(Cn1cncn1)c1ccc(Cl)cc1Cl,0.916246402773191,3.2037547885175197
6901,COc1ccccc1N1CC(O)=C(C(=O)Nc2ccc(OCCCCCCCC(=O)O)cc2)C1=O,0.287107634571158,2.4395476292228935
6902,CC(=O)Oc1cc(=O)[nH]c2ccccc12,0.7134564621219399,2.0032364155072138
6903,Cc1cccc2cc3c(=O)n(C)cc(C(=O)NCCN(C)C)c3nc12,0.7352669379072245,2.4332726408589167
6904,Cc1c(C(=O)NCCCCO)cnn1-c1nc(-c2cccc(C(F)(F)F)c2)cs1,0.5652982395535902,2.4620632121195154
6905,NCc1ccc2nc(Cc3ccc4c(c3)OCO4)n3nc(N)nc3c2c1,0.5783086185664286,2.581263699989977
6906,CC1(C)SC(C)(C)C1OC(=O)[C@H](NC(=O)[C@@H](N)CC(=O)O)c1ccccc1,0.6040355546870866,3.516586160680631
6907,CC(C)[S+](C)CC[C@@H](C)C1CC[C@@]2(C)C3=C(CC[C@]12C)[C@@]1(C)CC[C@H](O)C(C)(C)C1CC3.[I-],0.27858476792014286,5.205926960324718
6908,CCCCCn1cnc2c(C#CC#Cc3ncnc4c3ncn4CCCCC)ncnc21,0.3149854164398757,3.2906635427232693
6909,COC(=O)[C@@H](C)NP(=O)(COCCn1cnc2c(N)ncnc21)Oc1ccccc1,0.2753128694269785,3.575254231580801
6910,COc1ccc2c3c1OC1[C@@H](O)[C@](C)(CCCCc4ccccc4)CC4C(C2)N(CC2CC2)CCC341,0.49702735609208676,5.370562487884063
6911,C=CCN(C)CC(C(=O)Nc1c(C)cccc1C)N(C)CC=C,0.7118621978623008,3.170884283099147
6912,COc1cccc2c1CCC[C@H]2CN(C)CCc1ccc2c(c1)CCN2S(=O)(=O)C(F)(F)F,0.5831933667018699,3.2696745511000875
6913,CC1CCOC(=O)/C=C/C=C\C(=O)O[C@@H]2C[C@H]3O[C@@H]4C[C@@H](C)[C@@H](O)C[C@]4(COC(=O)C1O)[C@]2(C)C31CO1,0.2720482465423969,7.251396710321184
6914,Nc1nc2c3ccc(NCCO)cc3nc(Cc3ccc4c(c3)OCO4)n2n1,0.47880759022960756,2.638234373930956
6915,O=C(O)CCCCCCCOc1ccc(NC(=O)C2=C(O)CN(c3ccc(N4CCOCC4)cc3)C2=O)cc1,0.2571062597518255,2.599721495785582
6916,CCCC(=O)NCCc1c2n(c3ccc(OCC)cc13)CCCc1ccccc1-2,0.6089710764278894,2.37784953690584
6917,CC(C)(C)C(=O)Oc1ccccc1C(=O)OCc1cc(=O)c(OC(=O)C(C)(C)C)co1,0.5189380229529833,2.649492952907309
6918,CCCC(=O)NCCc1c2n(c3ccc(OC)cc13)Cc1ccccc1-2,0.5690604708434973,2.324439335617507
6919,CCCCCCc1c(O)noc1CC(N)C(=O)O,0.6072613142683331,3.2796321546820746
6920,Oc1ccc2c3c1OC1[C@H]4OC[C@@]4(CCCCc4ccccc4)CC4C(C2)N(CC2CCC2)CCC341,0.5156073543057701,5.5546562720752
6921,CC12CCC(O1)C(C)(C)C2COC(=O)[C@H](NC(=O)[C@@H](N)CC(=O)O)c1ccccc1,0.5490871190842329,4.69420012798442
6922,NCCNc1ccc2c(c1)nc(Cc1ccc3c(c1)OCO3)n1nc(N)nc21,0.478237638439243,2.668407169428141
6923,CN(C)CCNc1ccc2c(c1)nc(Cc1ccc3c(c1)OCO3)n1nc(N)nc21,0.5030590865318002,2.672881459793894
6924,CC(C)(C)c1ccc(C2=Cc3ccc(NC(=O)Cc4ccccn4)cc3C3=NCCCN23)cc1,0.5690386078649148,2.7523639809630485
6925,CC(C)(C)c1ccc(C2=Cc3ccc(N/C(S)=N/C4CCCCC4)cc3C3=NCCCN23)cc1,0.2873697202332189,3.1888837611828293
6926,CC(C)(C)C(=O)Oc1ccc(C(=O)OCc2cc(=O)c(OC(=O)C(C)(C)C)co2)cc1,0.5189380229529833,2.5987826656042508
6927,COc1ccc(Cc2nc3ccccc3c3nc(N)nn23)cc1OC,0.6162859996373696,2.224141620792029
6928,C(=C/c1ncnc2c1ncn2Cc1ccccc1)\c1ncnc2c1ncn2Cc1ccccc1,0.38202225575798243,2.7934204437266317
6929,CCOC(=O)Nc1cc2c(c(N)n1)N=C(CN(C)c1ccc(C(=O)OC)cc1)CN2,0.6172643363707,2.973580076694235
6930,COc1cc(NP(=O)(OC)OC)ccc1Nc1c2ccccc2nc2c(OC)cccc12,0.24941124561885794,2.6287365522015147
6931,CCOc1ccc2c(c1)c(CCNC(=O)C1CC1)c1n2Cc2ccccc2-1,0.5615828711257165,2.3472632399445317
6932,COc1cc(Br)c(-n2c(=O)n(C)c3c(-c4ccccc4C(F)(F)F)nc(C)nc32)c(OC)c1,0.3811236882241897,2.9011518146288893
6933,COc1cc(Br)c(Nc2nc(C)nc(-c3ccccc3C(F)(F)F)c2N)c(OC)c1,0.4936263639832153,2.722745139680029
6934,COc1cccc2c1CCC[C@H]2CN(C)CCc1ccc2c(c1)CCN2S(C)(=O)=O,0.6760247302793082,3.022724976960717
6935,Clc1cccc(-c2cc(O[C@@H]3CCNC3)cnc2Cl)c1,0.8758671086324237,2.828729741642361
6936,Nc1nc2c3ccccc3nc(Cc3ccc4c(c3)OCO4)n2n1,0.609122209537718,2.377330962169868
6937,CC(C)(C)C(=O)Oc1ccc(C(=O)c2ccc(O)cc2)cc1,0.5342636745488479,1.8759025879559879
6938,COC(=O)[C@@H](C)NP(=O)(CO[C@H](C)Cn1cnc2c(N)ncnc21)Oc1ccc(Cl)cc1,0.3266393152601119,3.890294072652976
6939,COC(=O)c1cc(NC(=O)Cn2cc(C3=C(c4c[nH]c5ccccc45)C(=O)NC3=O)c3ccccc32)cn1C,0.23303298038637182,2.805850241701828
6940,Cc1cc(=O)[nH]c2ccc(O)cc12,0.6377211515606305,2.060243596162673
6941,COC(=O)CNP(=O)(OCC1OC(n2cc(C)c(=O)[nH]c2=O)CC1N=[N+]=[N-])Oc1ccccc1,0.16311976126413164,4.18899543041054
6942,Clc1cccc(-c2cncc(O[C@@H]3CCNC3)c2)c1,0.9336391660075258,2.663986629828491
6943,CSc1nn(-c2c(Cl)cc(Cl)cc2Cl)c2nc(C)nc(-c3ccccc3C(F)(F)F)c12,0.27165567471900537,2.861354925321855
6944,CCN(c1nc(C)cc(-c2ccccc2C(F)(F)F)n1)c1ccc(C(C)C)cc1Br,0.38002386599429405,2.659989980205358
6945,CC(C)(C)C(=O)Oc1ccccc1C(=O)c1ccccc1OC(=O)C(C)(C)C,0.4306613095866383,2.2060491024023943
6946,O=C(NCCc1c2n(c3ccccc13)Cc1ccccc1-2)C1CCC1,0.5996829569097095,2.2447237335422905
6947,Cc1nn(CCCN2CCN(c3cccc(Cl)c3)CC2)c(=O)c2noc(C)c12,0.6544928758779839,2.4342106215857395
6948,CCCCOc1ccc(Cc2ccc(NC3=NCCN3)cc2)cc1,0.76135160192687,2.1376111355176466
6950,C=CCOC1(C2=NCCN2)COc2ccccc2O1,0.8304661500731201,3.6571712452131067
6951,Cc1ccc([C@@H]2CC(c3cc(Br)ccc3O)=NN2C(=O)c2ccco2)cc1,0.6390469511498226,2.8830731886015357
6952,CCOc1ccc2c(c1)c(CCNC(=O)C1CC1)c1n2CCCc2ccccc2-1,0.6638289038773856,2.3635962402025434
6953,COc1ccc(-c2ccc(NC3=NCCN3)cc2)cc1,0.8985051580820873,1.9933504759651015
6954,O=C(O)CCc1c(Cc2ccccc2)ccc2c1CCC(NS(=O)(=O)c1ccc(Cl)cc1)C2,0.4824701747685566,2.8479955074795065
6955,O=P(O)(O)CN[C@@H](Cc1c[nH]c2ccccc12)c1nnn[nH]1,0.42051908167977525,3.451562691842379
6956,CCSc1ccnc(C[S+]([O-])c2nc3ccccc3n2C(C)OC(C)=O)c1C,0.3249075233386505,4.172325731670954
6957,CN1CCC23c4c5ccc(O)c4OC2[C@H](O)[C@](CO)(CCCc2ccccc2)CC3C1C5,0.6733966964131084,5.405228987294704
6958,CCC(=O)NCCc1c2n(c3ccccc13)CCCc1ccccc1-2,0.7582213872447383,2.2623652509290135
6959,COc1ccccc1C1CCN(CC2CCc3ccccc3C(=O)C2)CC1,0.7369396276751566,2.6431834631371274
6960,Clc1ccccc1N1CCNCC1,0.7365349492189089,1.7855713289561947
6961,CCOc1cc2c(cc1C(C)c1ccc(OC)cc1)OCO2,0.8368483814056794,2.5401604940401796
6962,NCc1cc(Cl)cc(Cl)c1O,0.7154853538858326,2.1480517951831715
6963,CC[C@@H](NC(=O)c1c(N)c(-c2ccccc2)nc2ccccc12)c1ccccc1,0.48855726707842867,2.535903706726298
6964,CC(=O)Oc1ccc(C(=O)c2ccccc2)cc1,0.4704350382762901,1.493484204272459
6965,Cc1noc2c(-c3ccccc3)nn(CCCN3CCN(c4cccc(Cl)c4)CC3)c(=O)c12,0.42610604660714535,2.5162429684750407
6966,CC[C@@H](NC(=O)c1c(CN(C)C)c(-c2ccccc2)nc2ccccc12)c1ccccc1,0.40583201714357997,2.634732873515965
6967,CN1C(=O)CC[C@]2(C)C3CC[C@@]4(C)C(CC[C@@]4(O)C#CCCBr)C3CCC12,0.4900234742074489,4.63780809767302
6968,O=P(O)(O)CN[C@@H](Cc1ccccc1)c1nnn[nH]1,0.55838180195949,3.316205860597723
6969,CC(C)Oc1ccccc1N1CCN(Cc2ccccc2CN2CCCCC2=O)CC1,0.6675453301137045,2.2161237036023973
6970,O=C(Nc1ccc(C[C@H](/N=c2\c(O)c(O)\c2=N/Cc2ccccc2)C(=O)O)cc1)c1c(Cl)cncc1Cl,0.2693061355967839,3.53054365459231
6971,O=C(O)CCCCCCCOc1ccc(NC(=O)c2c(O)nc3cc(-c4cc5ccccc5s4)ccc3c2O)cc1,0.11377859374113729,2.7168667999027054
6972,CNS(=O)(=O)c1cc2c(N=O)c(O)[nH]c2c2c1CCCC2,0.7532277936165453,3.278121339265061
6973,C[C@@H]1CC[C@H]2[C@@H](C)C(CC3(CC4OC5O[C@]6(C)CC[C@H]7[C@H](C)CC[C@@H]([C@H]4C)C57OO6)CO3)OC3O[C@]4(C)CCC1C32OO4,0.2817577839454032,7.682048037249151
6974,COc1ccc(CCCCc2cc(OC)c(OC)c(OC)c2)cc1O,0.6958228210392028,1.966287280132688
6975,C=C1C(n2ccc(N)nc2=O)O[C@H](CO)[C@@H]1O,0.5491924863457507,4.015390783879942
6977,CC(C)(C)C(=O)Oc1coc(COC(=O)c2ccc(-c3ccccc3)cc2)cc1=O,0.5753707732820161,2.3003652415294003
6978,CCCN(CCC)c1cc(C)nc(N(CC)c2ccc(C(C)C)cc2Br)n1,0.45462544660485416,2.7899005980126574
6979,CCSc1ccnc(C[S+]([O-])c2nc3ccccc3n2COC(C)=O)c1C,0.34007170084829685,3.8406407736480688
6980,CCSC(N)NCc1cc(O)n2nc(N)c([N+](=O)[O-])c2n1,0.32719479238679816,4.05441389782926
6981,CC(C)(C)OC(=O)Oc1ccc(C(=O)c2ccc(OC(=O)OC(C)(C)C)cc2)cc1,0.3682963406658407,2.121274303380117
6982,CCCCCCCC1(C2=NCCN2)COc2ccccc2O1,0.7831813217424094,3.329249386685998
6983,COc1ccccc1COC1(C2=NCCN2)COc2ccccc2O1,0.9054747348374734,3.3038121033537973
6984,Cc1cccc(C)c1NC(=O)C(CN1CCCC1)N1CCCC1,0.907388911688015,2.6263813054316536
6985,OC(Cc1ccc(Cl)cc1)(c1ccc(F)cc1)C(O)(Cn1cncn1)c1ccc(Cl)cc1,0.40775459026757704,3.3107194898437875
6986,OCCN(CCO)CC(O)(c1ccccc1)c1ccccc1,0.6856372226224844,2.3081035769669764
6987,CN1CC(=O)/C(=C(O)\C=C\C=C\c2ccc(N(C)C)cc2)C1=O,0.40054002125814997,2.852109003743063
6988,Nc1ccc2c(O)c(C(=O)Nc3ccc(OCCCCCCCC(=O)O)cc3)c(O)nc2c1,0.21271302826612248,2.4853338493683435
6989,COc1c(C)cnc(C[S+]([O-])c2nc3ccccc3[nH]2)c1C,0.7512943231459466,3.6871743189249733
6990,COc1ccc(CCCCc2cc3c(cc2OC)OCO3)cc1,0.7239683839467504,1.9398715754996658
6991,CC(OC(=O)C(C)(C)C)n1c([S+]([O-])Cc2ccccn2)nc2ccccc21,0.49224340497072633,3.957554776065246
6992,c1cc(NC2=NCCN2)ccc1Cc1ccc(OC2CCOCC2)cc1,0.868529397403318,2.4047614421263823
6993,O=C(NCCc1c2n(c3ccccc13)CCc1ccccc1-2)C1CCC1,0.7511612652104896,2.2496392060628505
6994,CCCN1CCC2c3cccc(O)c3CCC21,0.845664481401243,3.135278743006557
6995,CN1CCC23c4c5ccc(O)c4OC2[C@H]2OC[C@@]2(CCCCc2ccccc2)CC3C1C5,0.7096198311348215,5.498420007005796
6996,CCCCCCCCCCCCCCCCCC(=O)OCc1cc(=O)c(OC(=O)C(C)C)co1,0.14241836793881563,2.5791609001153244
6997,CC(=O)N1CCN(c2ccc(OC[C@H]3CO[C@](Cn4ccnc4)(c4ccc(Cl)cc4Cl)O3)cc2)CC1,0.45541449702144693,3.4373369828621243
6998,C#CCN(C)CC(C(=O)Nc1c(C)cccc1C)N(C)CC#C,0.7792849227851536,3.422439866225698
6999,Cc1c(C(=O)OCCCO)cnn1-c1nc(-c2cccc(C(F)(F)F)c2)cs1,0.49236380100917604,2.495502219218876
7000,COS(=O)(=O)CC(=O)NCC1OC(n2cc(C)c(=O)[nH]c2=O)CC1O,0.4625719389193391,3.860877814295497
7001,CC(C)(C)C(=O)Oc1cc(C(=O)OCc2cc(=O)c(OC(=O)C(C)(C)C)co2)cc(OC(=O)C(C)(C)C)c1OC(=O)C(C)(C)C,0.26723713400287813,3.249892170153246
7002,COc1cccc2c1C(CN(C)CCc1ccc3c(c1)OCO3)CCC2,0.7848465317653999,2.890923451071279
7003,CN(CCc1ccc2c(c1)OCO2)C[C@@H]1CCCc2c1ccc1ccoc21,0.6548202931477172,3.1756084558343023
7004,Cc1ccc2c(=O)oc(Nc3ccccc3I)nc2c1,0.6888534478438967,2.3030996010594524
7005,CCN(c1nc(C)cc(-c2ccccc2Cl)n1)c1ccc(C(C)C)cc1Br,0.418188010201254,2.5062675002995594
7006,CC[C@@]1(O)C(=O)OCc2c1cc1n(c2=O)Cc2cc3c(CN(C)c4ccccc4)c(O)ccc3nc2-1,0.37754476660742825,3.460935293504834
7007,O=P(O)(O)C(Cc1cccc2ccccc12)N[C@@H](Cc1ccc(-c2ccccc2)cc1)c1nnn[nH]1,0.21788741818284757,3.5208700555586585
7008,O=C1c2ccccc2CCCN1CCN1CCC(n2ccc3cc(F)ccc32)CC1,0.6391548265482389,2.436037843927002
7009,O=C1c2ccccc2CCCN1CCN1CCC(n2ccc3ccccc32)CC1,0.6651537889014265,2.3406774438825853
7010,COc1ccc(Sc2ccc(C(=N)N)cc2)cc1,0.654009419229489,1.8594679146796977
7011,COc1ccc2c(c1)C(CN(C)CCc1ccc3c(c1)OCO3)CCC2,0.7848465317653999,2.7845430866988092
7012,COc1cccc2c1CCC[C@H]2CN(C)CCc1ccc2c(c1)CS(=O)(=O)C2,0.7427791683767011,3.229152923274329
7013,CC(C)(C)C(=O)Oc1coc(CO)cc1=O,0.7634751514401632,2.620349574249431
7014,CCCCCc1c(O)noc1CC(N)C(=O)O,0.6167506005253414,3.3286372112883438
7015,C=CCN1CCC2c3c(O)cccc3CCC21,0.7881203457014493,3.3615390255811244
7016,CCCOC1(C2=NCCN2)COc2ccccc2O1,0.8948265939465236,3.530874541916404
7017,O=c1oc(Nc2ccccc2Cl)nc2ccccc12,0.7745325752359902,1.969193558909133
7018,CC1(OC(=O)[C@H](NC(=O)[C@@H](N)CC(=O)O)c2ccccc2)CC2CCC1C2,0.6259926136740213,4.4932743535195225
7019,COc1cnc(C[S+]([O-])c2nc3cc(OC(F)(F)C(F)F)ccc3[nH]2)cc1OC,0.4317740230891436,3.9398583770559696
7020,Fc1ccc([C@H]2OC(=S)O[C@]2(Cn2cncn2)c2ccc(Cl)cc2Cl)cc1,0.5690593013208269,3.626894452388923
7021,CC/C(=C(/c1ccccc1)c1ccc(OCCN(C)C)cc1)c1ccc(O)cc1,0.5032041717093814,2.1382576926055616
7022,CC/C(=C(\c1ccc(O)cc1)c1ccc(OCCN(C)C)cc1)c1ccccc1,0.5032041717093814,2.1382576926055616
7023,O=c1oc(Nc2c(Cl)cccc2Cl)nc2ccccc12,0.7691646319178304,2.1485060787922468
7024,Cc1ccc2nc(Nc3ccccc3I)oc(=O)c2c1,0.6888534478438967,2.284225107132327
7025,CCCCCCCCCCCCC(C)(C)C(=O)OCc1cc(=O)c(OC(=O)C(C)(C)C)co1,0.20577305450219294,2.7658718146288876
7026,CC(C)(C)C(=O)Oc1ccc(Cc2ccc(OC(=O)C(C)(C)C)cc2)cc1,0.5510284298051557,2.071948718396044
7027,CCN(CC)CCNC(=O)c1cc(Cl)c(N)cc1OC,0.7558132464087878,2.114523487699131
7028,O=C([O-])c1cc(=O)c2c(OCC(O)COc3cccc4oc(C(=O)[O-])cc(=O)c34)cccc2o1.[Na+].[Na+],0.2219142907802687,3.4963629778217484
7029,CN(C)CCCN(C)[C@H]1CC[C@H]2[C@@H]3CC=C4C[C@@H](O)CC[C@]4(C)[C@H]3CC[C@]12C,0.699402708443381,4.340543384639673
7030,Cc1cccc(C)c1NC(=O)C(CN(C)C(C)C)N(C)C(C)C,0.8374820921373362,2.9659813054316544
7031,Cc1cccc(C)c1NC(=O)C(CN(C)C)N(C)C,0.8786260193719041,2.6667406298284906
7032,COC(=O)C[C@@H](c1ccc(OC)nc1)N(C)C(=O)CCCCc1nc2c(cc1C)CCCN2,0.4327484808178223,3.4443838185507296
7033,CC1CCCC(C)C1OC(=O)[C@H](NC(=O)[C@@H](N)CC(=O)O)c1ccccc1,0.6265300280565549,3.463210624806397
7034,Cc1ccc2c(=O)oc(Nc3ccccc3Cl)nc2c1,0.7762380438860782,2.1003093176586436
7035,O=C(c1ccc(OCCN2CCCCC2)cc1)c1c(-c2ccc(O)cc2)sc2cc(O)ccc12,0.31866432981090165,2.3941419315838566
7036,CC(C)(C)C(=O)Oc1ccc(C(OC(=O)CCC(=O)[O-])c2ccc(OC(=O)C(C)(C)C)cc2)cc1.[Na+],0.2925058369993742,2.9572086074390107
7037,N#Cc1ccc2c(O)c(C(=O)Nc3ccc(OCCCCCCCC(=O)O)cc3)c(O)nc2c1,0.30160253994560354,2.544431573192247
7038,O=C(NC(Cc1ccccc1)c1ccccc1)c1cc(-c2ccccc2)nc2ccccc12,0.33035226424311254,2.3350314004619044
7039,CN(C[C@@H](CCN1CCC(c2ccccc2[S+](C)[O-])CC1)c1ccc(Cl)c(Cl)c1)C(=O)c1cc(C(F)(F)F)cc2ccccc12,0.16650787209953594,3.903088281395572
7040,CC(C)OC1=C(c2ccc(S(C)(=O)=O)cc2)C(C)(C)OC1=O,0.7961880305731392,2.5631644712451127
7041,Cc1nc(N)ccc1CNC(=O)Cn1c(C)cc2c(c1=O)NC(=O)C(CC(C)C)(CC(C)C)C2,0.550142719230213,3.265425072356127
7042,COC(=O)[C@H]1[C@H]2C[C@H]3c4[nH]c5ccccc5c4CCN3C[C@H]2CC[C@@H]1O,0.7729574057454922,3.8745964515333213
7043,COc1ccc2c(c1)c(CCNC(=O)C1CC1)c1n2Cc2ccccc2-1,0.5980367674465925,2.308475643309814
7044,COc1ccc2c3c1OC1[C@@H](O)[C@](C)(CCCCc4ccccc4)CC4C(C2)N(CC2CCC2)CCC341,0.4557929056496603,5.382566846349645
7045,CCN(CCc1ccc2c(c1)OCO2)C[C@@H]1CCCc2c(OC)cccc21,0.725345414831191,2.8613585361653637
7046,CC[C@H](NC(=O)c1c(O)c(-c2ccccc2)nc2ccccc12)c1ccccc1,0.47978046460036733,2.4840778825504746
7047,NC(=O)[C@H](Cc1ccc(C(F)(F)P(=O)(O)O)cc1)NC(=O)[C@H](Cc1ccc(C(F)(F)P(=O)(O)O)cc1)NC(=O)c1cc(I)cc(C2(C(F)(F)F)N=N2)c1,0.06847500338924567,4.322244946857231
7048,O=C(O)CCCCCCCOc1ccc(NC(=O)c2c(O)nc3ccc(I)cc3c2O)cc1,0.18366924627598388,2.5371422860929087
7049,CCN(c1nc(C)cc(-c2c(Cl)cccc2Cl)n1)c1ccc(C(C)C)cc1Br,0.3740314171167347,2.655084467739586
7051,COc1c(C)cnc(C[S+]([O-])c2nc3ccccc3n2COC(C)=O)c1C,0.477216311561543,3.7218185712189182
7052,CO[C@H]1C(=O)N2C(C(=O)O)=C(COC(C)=O)CS(=O)(=O)C12,0.4896903182287087,3.7443910920020516
7053,COc1ccc(C(=O)N2N=C(c3cc(Br)ccc3O)C[C@@H]2c2ccc(C)cc2)cc1,0.5565931066417125,2.7254513118023453
7054,CCSc1ccnc(C[S+]([O-])c2nc3ccccc3n2COC(=O)C(C)(C)C)c1C,0.2977204622088622,3.8672823863266874
7055,O=C(O)CCCCCCCOc1ccc(NC(=O)C2=C(O)CN(c3ccc(Cl)c(Cl)c3)C2=O)cc1,0.2476170844111802,2.494696323385874
7056,COc1cnc(C[S+]([O-])c2nc3cc(OCC(F)(F)F)ccc3[nH]2)c(C)c1OC,0.5779279762082,3.8589899155175083
7058,CCCN1CCC[C@H]2c3cccnc3CC[C@H]21,0.7761948125107274,3.1908775499139352
7059,O=c1[nH]c(-c2ccc3ccccc3c2)nc2ccc(N3CCCC3)cc12,0.5897906137445047,2.1279985204326923
7060,COc1ccc2nc(-c3ccc4ccccc4c3)[nH]c(=O)c2c1,0.6132733700835461,1.966427258622513
7061,CCN(CC)CCNC(=O)c1ccc(NC(=O)COc2ccc(Cl)cc2)c(OC)c1,0.5671017820198987,1.9908328239469828
7062,CCC1(O)C(=O)OCc2c1cc1n(c2=O)Cc2c-1nc1ccccc1c2CCN(C)C(=O)OCc1ccccc1,0.32605502435392963,3.437343825623829
7063,CC(c1ccccc1)C1C(=O)NC(=O)C1CCC(C(N)=O)C(CCC(CC(=O)O)C(N)=O)C(=O)O.N.N,0.16930389607459684,4.5875177884855916
7064,CCCc1c(-c2ccccc2)nc2ccccc2c1C(=O)NC(CC)c1ccccc1,0.36802388340607584,2.544396005290988
7065,CCN(c1nc(C)cc(-c2ccccc2-c2ccccc2)n1)c1ccc(C(C)C)cc1Br,0.27532313618554716,2.4748723087526567
7066,C[C@H](Cn1cnc2c(N)ncnc21)OCP(=O)(Oc1ccccc1)Oc1ccccc1,0.3874459815180217,3.184349851444832
7067,O=C(O)c1c(-c2ccc3c(c2)OCO3)c2ccccc2n1-c1ccc2c(c1)OCO2,0.5463391523088293,2.4325385432277002
7068,CC[C@@H](NC(=O)c1c(F)c(-c2ccccc2)nc2ccccc12)c1ccccc1,0.4638472648511445,2.520598761671353
7070,CCSc1ccnc(C[S+]([O-])c2nc3ccccc3n2C(=O)OCCCl)c1C,0.30968620014568193,3.940390849272381
7071,COc1cccc2c1CCC[C@H]2CN(C)CCc1ccc2c(c1)N(S(=O)(=O)C(F)(F)F)CC2,0.5831933667018699,3.295431407287378
7072,O=C(O)CCCCCCCOc1ccc(NC(=O)c2c(O)nc3cc(F)c(F)cc3c2O)cc1,0.2885149819264297,2.535992752342045
7073,CC(C)(C)C(=O)OCc1cc(=O)c(OC(=O)C(C)(C)C)co1,0.7981929189332015,2.657871535324407
7074,C=C(C)[C@@H]1CC[C@]2(C(=O)NCCCCCCCNC(=O)CC(=O)O)CC[C@]3(C)[C@H](CCC4[C@@]5(C)CC[C@H](O)C(C)(C)[C@@H]5CC[C@]43C)[C@@H]12,0.09798599504268386,4.921069100244045
7075,O=C1/C(=C\c2ccncc2)C(c2ccccc2)Oc2ccccc21,0.6547401349672944,2.6931506094705906
7076,CC(C)NC/C(COc1cccc2ccccc12)=N\O,0.482577153331255,2.3723157953914384
7077,CC/N=C(\N)NCc1ccc(Sc2ccc(Cl)cc2)cc1,0.6485435226389744,2.2178397742783247
7078,Nc1c(O)c(Cl)cc(Cl)c1Cl,0.3945109485742969,2.5539937428906363
7080,CCSc1ccnc(C[S+]([O-])c2nc3ccccc3n2COC(=O)c2ccccc2)c1C,0.20754127078733442,3.5966914019440583
7081,O=c1oc(Nc2ccccc2OC(F)(F)F)nc2ccccc12,0.7937405295104147,2.2225142108436557
7082,COc1ccc(-c2cc(OC)c(OC)c(OC)c2)cc1O,0.9166600541731988,1.8294149732173146
7083,Cc1cc(O[C@@H]2CCNC2)cnc1Cl,0.7594195312526124,3.0139167335345736
7084,CC(C)(C)C(=O)Oc1ccc(C(=O)c2ccccc2)cc1,0.4873979592550962,1.723143355180179
7085,CN(C)C(=O)C(NC(=O)c1cc(-c2ccccc2)nc2ccccc12)c1ccccc1,0.5293224757919164,2.4614168004508823
7086,c1cncc(O[C@H]2CCNC2)c1,0.7023952981829619,2.6950138630964275
7087,O=c1ccn([C@@H]2O[C@H](COP(=O)(O)OP(=O)(O)OP(=O)(O)OP(=O)(O)O[C@H]3OC[C@@H](O)[C@H](O)[C@H]3O)[C@@H](O)[C@H]2O)c(=O)[nH]1,0.09327399275451011,5.2775267949316795
7089,O=C(c1ccc(OCCN2CCCC2)cc1)c1c(-c2ccc(O)cc2)sc2cc(O)ccc12,0.3478181676536986,2.3735843146288893
7090,CC(C)CC1(N2CCN(C(=O)[C@@H](Cc3ccc(Cl)cc3)NC(=O)CC3NCc4ccccc43)CC2)CCN(C(=O)C(C)C)CC1,0.39160492046316664,3.797544290740557
7091,CN(CCc1ccc2c(c1)OCO2)C[C@@H]1CCCc2c1ccc1c2OCC1,0.8029294675802566,3.1179115327573808
7092,O=C(c1ccccc1)C(O)(Cn1ccnc1)c1ccc(Cl)cc1Cl,0.700188272010192,2.9298729789817752
7093,O=P(O)(O)C(Cc1cccc2c1OCO2)N[C@H](Cc1ccc(-c2ccccc2)cc1)c1nnn[nH]1,0.25854231793834614,3.7420697367450586
7094,COc1cc(C[S+]([O-])c2nc3cc(OC(F)(F)C(F)F)ccc3[nH]2)ncc1C,0.46685875160916696,4.004464261935667
7095,O=C(O)CCCCCCCOc1ccc(NC(=O)c2c(O)nc3c(-c4cccc5ccccc45)cccc3c2O)cc1,0.11533577814353926,2.630296314544765
7097,CC(=O)OCn1c(SCc2nccc3c2CCC[S+]3[O-])nc2ccccc21,0.37072433220259615,3.843539683644954
7098,CCSc1ccnc(C[S+]([O-])c2nc3ccccc3n2C(=O)OCc2ccccc2)c1C,0.2705495241861231,3.604753776525998
7099,CCN(c1nc(C)cc(-c2ccccc2)n1)c1ccc(C(C)C)cc1Br,0.4810745218516347,2.3992672133835757
7100,COc1ccc(-n2c(C(=O)O)c(-c3ccc4c(c3)OCO4)c3ccccc32)cc1,0.5480522083981528,2.221894042400347
7101,CN1C(=O)CC[C@]2(C)C3CC[C@@]4(C)C(CC[C@@]4(O)C#CCCCO)C3CCC12,0.5641697906605845,4.507629183456242
7102,O=C(O)CCCCCCCOc1ccc(NC(=O)c2c(O)nc3ccc(-c4ccc(Cl)cc4)cc3c2O)cc1,0.13988914133745683,2.511858973510561
7103,COc1cccc2c1CCC[C@H]2CN(C)CCc1ccc2ncoc2c1,0.6590762218045683,3.052990859978161
7104,O=C(NC1(c2ccccc2)CCCC1)c1cc(-c2ccccc2)nc2ccccc12,0.4557752631640201,2.1238090370597114
7105,CCN(c1nc(C)cc(-c2cccc(-c3ccccc3)c2)n1)c1ccc(C(C)C)cc1Br,0.27532313618554716,2.4571887922691396
7106,CO[C@H]1O[C@@H]2O[C@]3(C)CC[C@H]4[C@H](C)CC[C@@H]([C@H]1C)C24OO3,0.6966147525766675,5.733545801569057
7107,CC(C)(C)C(=O)Oc1ccc(C(=O)c2ccc(Cl)cc2)cc1,0.4747277321041631,1.793651818725218
7108,COc1cccc2c1CCC[C@H]2CN(C)CCc1ccc2nc(O)oc2c1,0.7105478726951276,3.1122000386745405
7109,CCCN(CC)CC(C(=O)Nc1ccc(OC)cc1C)N(CC)CCC,0.6138374583827505,2.816709375117579
7110,CCc1c(-c2ccccc2)nc2ccccc2c1C(=O)NC(CC)c1ccccc1,0.4141833282022017,2.493720339731821
7111,Cc1ccc(N2CC(O)=C(C(=O)Nc3ccc(OCCCCCCCn4cnnn4)cc3)C2=O)cc1,0.2923466654361095,2.674711991120107
7112,COc1ccc(C(=O)N2N=C(c3cc(Br)ccc3O)C[C@H]2c2ccc(C)cc2)cc1,0.5565931066417125,2.7254513118023453
7113,COc1cccc2c1CCC[C@H]2CN(C)CCc1ccc2c(c1)C=CS2(=O)=O,0.7378312677203164,3.358754654043561
7114,c1cc(-c2cncc(O[C@@H]3CCNC3)c2)ccn1,0.8909978819660382,2.783851830244606
7115,CCCCc1ccccc1N1CCNCC1,0.8347734243674895,1.9145141054628994
7116,O=C(NCCCO)c1cnn(-c2nc(-c3cccc(C(F)(F)F)c3)cs2)c1C(F)(F)F,0.42455685923974296,2.6276758302992302
7117,CCCCCCCOc1ccc(CCC(N)(CO)C(C)C)cc1,0.5638879431848337,2.736463997739346
7118,CC1(C)Cc2cc(C(=O)c3ccccc3)ccc2OC1=O,0.4808230684708155,2.286554441814177
7119,O=C1CCc2cc(C(=O)c3ccccc3)ccc2O1,0.46868500159072884,1.9927370554126291
7120,Cc1cc([C@@H]2CCCN2)on1,0.6607475245535865,3.1733644649088966
7121,O=C1CCC(c2ccccc2)(C2CCN(Cc3ccc(Cl)cc3)CC2)C(=O)N1,0.7964882261524004,2.776168735240141
7122,CC(C=O)Cc1cc(C(=O)c2ccccc2)ccc1OC(=O)C(C)(C)C,0.3374814401802873,2.785791498627873
7123,O=C(O)CCCCCCCOc1ccc(NC(=O)C2=C(O)C(c3ccccc3)NC2=O)cc1,0.28368668774178973,2.828300090130899
7124,COc1cc2nc(Nc3ccccc3I)oc(=O)c2cc1OC,0.6463609855747193,2.3353348025596325
7125,C[C@@]1(c2ccc(Oc3ccccc3)cc2)OC(=O)N(Nc2ccccc2)C1=O,0.7010614830472137,2.799871299342705
7126,COc1cc2c(cc1OC)C(COCCN1CCN(C)CC1)OCCC2,0.6894890471899365,2.879975637306096
7127,O=C(O)c1c(-c2ccc3c(c2)OCO3)c2cc(OCc3ccccc3)ccc2n1-c1ccc2c(c1)OCO2,0.3001255419296201,2.563571406447263
7128,COc1ccc2c(c1)OC(c1ccccc1)/C(=C\c1ccncc1)C2=O,0.6575434172134831,2.784448349856703
7129,O=C(O)CCCCCCCOc1ccc(NC(=O)C2=C(O)CN(c3ccc(Cl)cc3)C2=O)cc1,0.2887826197214259,2.4055171501153243
7130,C=C(C)[C@@H]1CC[C@]2(C(=O)N(C)CCCCCCCCCCC(=O)O)CC[C@]3(C)[C@H](CCC4[C@@]5(C)CC[C@H](O)C(C)(C)[C@@H]5CC[C@]43C)[C@@H]12,0.15319254360769624,4.929325271979286
7131,COc1ccc(CCCc2cc(OC)c(OC)c(OC)c2)cc1O,0.8002466229596493,1.9541039865388115
7132,CC(C)(C)C(=O)Oc1ccc(S(=O)(=O)c2ccc(OC(=O)C(C)(C)C)cc2)cc1,0.5394710771633275,2.1716232538571507
7133,COc1cccc2c1CCC[C@H]2CN(C)CCc1ccc2nccnc2c1,0.6583897724191995,2.8920093638187243
7134,CCC(=O)NCCc1c2n(c3ccc(OC)cc13)CCc1ccccc1-2,0.7588011058221438,2.335043643309815
7135,COc1ccc(Sc2ccc(C3=NCCN3)cc2)cc1,0.9358176997044989,2.2083507367212967
7136,COc1ccc(Sc2ccc(CC3=NCCN3)cc2)cc1,0.918381740172801,2.309427243260954
7137,CN1C(=O)C=C[C@]2(C)C3CC[C@@]4(C)C(CC[C@@]4(O)C#CCCO)C3CCC12,0.696968478721389,4.625176713057636
7138,C=C[C@]1(CO)CC2C3Cc4ccc(OC)c5c4C2(CCN3C)C(O5)[C@@H]1O,0.8030787567553548,5.748860435283303
7139,Cc1ccc(C#Cc2ccc(S(=O)(=O)NC(CC#Cc3ccccc3)C(=O)O)cc2)cc1,0.5908433426309861,2.868871913907011
7140,COc1cccc2c1CCC[C@H]2CN(C)CCc1ccc2cccnc2c1,0.6289771945130804,2.8061982635266105
7141,Cc1ccc(S(=O)(=O)N[C@@H]2C3CC(c4ccc(-c5ccccc5)cc4)(CO3)[C@H]2C/C=C/CCCC(=O)O)cc1,0.23235798203934846,4.605103486346195
7142,COCC#CCC(NS(=O)(=O)c1ccc(NC(=O)N2CCOCC2)cc1)C(=O)O,0.535765357175386,2.9854705565431487
7143,CSc1cccc(N2CCN(CCCON3C(=O)c4ccccc4C3=O)CC2)c1,0.39638585073321875,2.3952643720706757
7144,CCOC(=O)c1[nH]cc2nc3ccc(O)cc3c-2c1COC,0.7236439252333635,2.723808965127205
7145,COc1ccnc(C[S+]([O-])c2nc3cc4c(cc3[nH]2)OC(F)(F)O4)c1,0.7128348320537029,4.042568608287768
7146,CN(CCc1ccc2c(c1)OCO2)CC1CCCc2c(NS(C)(=O)=O)cccc21,0.7494808397675521,3.0116178534229743
7147,C[C@H]1[C@@H](C(=O)OCCC(=O)[O-])O[C@@H]2O[C@]3(C)CC[C@H]4[C@H](C)CC[C@@H]1C24OO3.[Na+],0.2979269496797846,6.27683068579406
7148,CCN(c1nc(C)cc(-c2cccc(C(F)(F)F)c2)n1)c1ccc(C(C)C)cc1Br,0.38002386599429405,2.6137218751396922
7149,CC1C(=O)Oc2ccc(C(=O)c3ccccc3)cc21,0.46862812834742473,2.535400732392594
7150,Cc1ccc([C@H]2CC(c3cc(Br)ccc3O)=NN2C(=O)c2cccs2)cc1,0.5824138857273636,2.882611050739399
7151,O=c1oc(Nc2ccc(I)cc2)nc2ccccc12,0.7072223525205539,2.1212847477203223
7152,COP(=O)(Nc1ccc(Nc2c3ccccc3nc3cc([N+](=O)[O-])ccc23)cc1)OC,0.15969976489893542,2.62301576653946
7154,CC[C@@H](NC(=O)c1cc(-c2ccccc2)nc2ccccc12)c1ccccc1,0.48612167415385926,2.250083786313729
7155,COc1cc(Br)c(Nc2nc(C)nc(-c3ccccc3C(F)(F)F)c2[N+](=O)[O-])c(OC)c1,0.3236498238590699,2.7918625381519053
7156,CN(C)CCNC(=O)c1cccc2cc3ccccc3nc12,0.7522609255785978,1.9698859945493936
7157,COc1ccc(/C=C/C(=O)c2cc(OC)c(OC)c(OC)c2)cc1O,0.6134115205008754,2.0946498983840005
7158,CC(C)N(C)/N=N/c1ccc(C(=O)O)cc1,0.6275809207298555,2.6313112660460067
7159,CCCC[C@]1(CO)CC2C3Cc4ccc(O)c5c4C2(CCN3C)C(O5)[C@@H]1O,0.7546395559111447,5.584927610890986
7160,CN1C(=O)CC[C@]2(C)C3CC[C@@]4(C)C(CC[C@@]4(O)C#CCCCBr)C3CCC12,0.37451579972808335,4.595594863929614
7161,CC[C@H](NC(=O)c1cc(-c2ccccc2)nc2ccccc12)c1ccccc1,0.48612167415385926,2.250083786313729
7162,O=C(NC(CO)c1ccccc1)c1cc(-c2ccccc2)nc2ccccc12,0.5499625469568877,2.3020288144563192
7163,O=C(O)CCCCCCCOc1ccc(NC(=O)C2=C(O)CN(c3ccc([N+](=O)[O-])cc3)C2=O)cc1,0.1606674726087435,2.5211654872241542
7164,C/C=C1/CN2[C@H]3C[C@@H]1[C@@H]1COC4=Nc5c(OC)cc(OC)cc5[C@@]43C[C@@H]12,0.7675553036437186,6.535238347087805
7165,CC(C)(C)c1ccc(C2=Cc3ccccc3C3=NCCCN23)cc1,0.7267170839808075,2.5300662488060723
7166,CCCCCCCCCCCCCCCCCCCC(=O)OCc1cc(=O)c(OC(=O)C(C)(C)C)co1,0.11905677938977155,2.657558039294253
7167,CCCN1CCC2c3c(O)cccc3CCC21,0.845664481401243,3.1833333740897602
7168,COc1ccc(Sc2ccc(NC3=NCCCCN3)cc2)cc1,0.8909007872980373,2.3162293657340154
7169,C[C@@H]1CC[C@H]2[C@@H](C)C(CC(=O)CC3OC4O[C@]5(C)CC[C@H]6[C@H](C)CC[C@@H]([C@H]3C)C46OO5)OC3O[C@]4(C)CCC1C32OO4,0.3748422395662824,7.451899740237967
7170,COc1ccnc(C[S+]([O-])c2nc3cc(OC(F)F)ccc3[nH]2)c1,0.689138935174803,3.7394148341853954
7171,COc1cnc(C[S+]([O-])c2nc3cc(OC(F)(F)C(F)F)ccc3[nH]2)c(C)c1OC,0.41691475501756603,4.030373538929594
7172,CCN(c1nc(C)nc(-c2ccccc2C(F)(F)F)n1)c1ccc(C(C)C)cc1Br,0.3989645747997528,2.7193477663216807
7173,CCN(CC)CC(C(=O)Nc1ccc(OC)cc1C)N(CC)CC,0.7138367947356704,2.7096892476904415
7174,CCN(CC1CC1)c1nc(C)nc(Nc2c(Cl)cc(Cl)cc2Cl)c1C,0.643210324320877,2.7316166207920265
7175,CCCN(CC)CC(C(=O)Nc1ccccc1OC)N(CC)CCC,0.6275290467334415,2.755612501075934
7176,O=c1oc(NC2CCSC2)nc2ccccc12,0.8817179036187603,2.981031806606069
7177,COc1ccc(-c2c(C(=O)O)n(Cc3ccc4c(c3)OCO4)c3cc(OC)c(OC)cc23)cc1OC,0.3748277432994876,2.4456109556171484
7178,CC[C@@H](NC(=O)c1c(Cl)c(-c2ccccc2)nc2ccccc12)c1ccccc1,0.41867240823548235,2.532958102330694
7179,CCSc1ccnc(C[S+]([O-])c2nc3ccccc3n2C(=O)OCC(C)C)c1C,0.39481008109578625,3.8508432061157976
7180,CCOc1ccc(CC2=C(CCCc3cccc4ccccc34)N3CCCN=C3c3ccccc32)cc1,0.2550886536296812,2.700111070493822
7182,CCCCCC(=O)N/N=C1\CCCC1CCCCCCC(=O)O,0.4155759160921908,2.9066153882718915
7183,O=C(N[C@H](C(=O)O)c1ccccc1)c1cc(-c2ccccc2)nc2ccccc12,0.5341670083145241,2.3232762341988256
7184,O=C(O)CCCCCCCOc1ccc(NC(=O)C2=C(O)C(Cc3ccc(O)cc3)NC2=O)cc1,0.21620286757561658,2.960888462380014
7185,O=C(O)CCCCCCCOc1ccc(/C=c2/[nH]c(=O)/c(=C/c3ccc(NC(=O)c4cccs4)cc3)[nH]c2=O)cc1,0.17920316820659302,2.774131206682368
7186,N[C@@H](Cc1ccccc1)C1=Cc2ccccc2C2=NCCCN12,0.9465858613807863,3.120117504526677
7187,CC1C(O)=C(C(=O)Nc2ccc(OCCCCCCCC(=O)O)cc2)C(=O)N1c1ccccc1,0.3090342064226062,2.878448105650067
7188,O=C(O)CCCCCCCOc1ccc(NC(=O)c2c(O)nc3ccc(Cl)cc3c2O)cc1,0.2764365295427766,2.4198147426685903
7189,CC(C)(C)C(=O)Oc1ccc(Oc2ccc(OC(=O)C(C)(C)C)cc2)cc1,0.533844487327314,1.9635197140946818
7190,CCCCCC(/C=C/C(O)=C1\C(=O)CN(C)C1=O)=C\c1ccccc1,0.26788754809289317,2.8536932141986213
7191,CCCCCCCOc1ccc(CC[C@](C)(N)CO)cc1,0.6119379517236643,2.4668165740112418
7192,COc1cccc2c1CCC[C@H]2CN(C)CCc1ccc2ocnc2c1,0.6590762218045683,3.0538252729336275
7193,COc1cc(C(=O)/C(C)=C/c2ccc3c(c2)OCCO3)cc(OC)c1OC,0.5697477505008581,2.366257135927091
7194,CCCC(=O)NCCc1c2n(c3ccc(OC)cc13)CCc1ccccc1-2,0.7091050085049075,2.328334837577666
7195,C1=C(c2ccc(OCc3ccccc3)cc2)N2CCCN=C2c2ccccc21,0.6315362508914226,2.3460152369703557
7196,CCc1c(C(=O)NCCCO)cnn1-c1nc(-c2cccc(C(F)(F)F)c2)cs1,0.5672228587980466,2.535654665110968
7197,CC(O)(c1ccc(F)cc1)C(O)(Cn1cncn1)c1ccc(Cl)cc1,0.7327137106986783,3.217935830623647
7198,OC(c1ccccc1Cl)C(O)(Cn1cncn1)c1ccccc1,0.7543651099571832,3.1399356361521082
7199,COc1ccc(Cc2cc(OC)c(OC)c(OC)c2)cc1O,0.8887442367054077,1.906756396278812
7200,COc1ccc(-c2cccc3c(O)c(C(=O)Nc4ccc(OCCCCCCCC(=O)O)cc4)c(O)nc23)cc1,0.1423191612146462,2.551441159562769
7201,CS(=O)(=O)Nc1ccc(Nc2c3ccccc3nc3cc(Br)ccc23)cc1,0.4229525139848188,2.1028674203794786
7202,SCC(Cc1ccc(-c2ccccc2)cc1)c1nnn[nH]1,0.7112713090602418,2.886627832790735
7203,Cc1cc(C)c(C(=O)OCc2cc(=O)c(OC(=O)C(C)(C)C)co2)c(C)c1,0.7577529077064832,2.5728913464534067
7204,COc1cc(NS(C)(=O)=O)ccc1Nc1c2ccccc2nc2cc(Cl)ccc12,0.42954986014037744,2.177284621333609
7206,CCCOc1ccc2c(c1)c(-c1ccc3c(c1)OCO3)c(C(=O)O)n2Cc1ccc2c(c1)OCO2,0.38959441043710685,2.5331774112056173
7207,Clc1ccc([C@H]2OCO[C@]2(Cn2cncn2)c2ccccc2)c(Cl)c1,0.684061719785438,3.548575291710506
7208,CCc1c(C(=O)NCCCN2CCCC2=O)cnn1-c1nc(-c2cccc(C(F)(F)F)c2)cs1,0.4762477994065202,2.6876916693460924
7209,CCc1c(C(=O)NCCCn2ccnc2)cnn1-c1nc(-c2cccc(C(F)(F)F)c2)cs1,0.37902239877016475,2.704563794988955
7211,[3H]C1CC(C(=O)O)N(C(=O)CCC(=O)C(Cc2ccccc2)NC(=O)C(CCCCN)NC(=O)C2CCC2)C1,0.2504243230781276,3.9849776281629268
7212,CC[C@@]1(O)C(=O)OCc2c1cc1n(c2=O)Cc2cc3c(CN(C)C)c(O)ccc3nc2-1,0.4865420212105028,3.481037185970772
7213,CCCN1CCC[C@@H]2c3cccn4cc(C)c(c34)C[C@H]21,0.8044673225385925,3.5794393894595116
7214,CCN(c1nc(C)cc(-c2ccccc2Br)n1)c1ccc(C(C)C)cc1Br,0.3780022423028144,2.5898484233764822
7215,COc1cccc2c1CCC[C@H]2CNCCc1ccc2c(c1)OCO2,0.8152351264056309,2.7403484858901805
7216,CCCN(CC)C(CC)C(=O)Nc1c(C)cccc1C,0.8222609245677037,2.650372712464643
7217,O=c1oc(Nc2ccccc2)nc2ccccc12,0.7453528197531899,1.8532119426827727
7218,CCOc1ccc(NC(=O)C(CN(C)C)N(C)C)cc1OCC,0.7522787765174515,2.6425686503448063
7219,O=S1O[C@H](c2ccc(Cl)cc2)[C@@](Cn2cncn2)(c2ccc(Cl)cc2Cl)O1,0.5925693107418768,4.034627408372044
7220,CC(C)(O)C(=O)Nc1ccc([N+](=O)[O-])c(C(F)(F)F)c1,0.6601912167697063,2.3597429447127034
7221,OCCN(CCO)CC(c1cccs1)c1cccs1,0.7851077358001898,2.637753838629413
7222,O=P(O)(O)C(Cc1cccc2ccccc12)N[C@H](Cc1ccc(-c2ccccc2)cc1)c1nnn[nH]1,0.21788741818284757,3.5208700555586585
7223,CC(C)(C)C(=O)Oc1ccc(C(=O)OCc2cc(=O)c(OC(=O)C(C)(C)C)co2)c(OC(=O)C(C)(C)C)c1,0.37645694496285903,2.968505043809902
7224,O=c1oc(Nc2cccc(I)c2)nc2ccccc12,0.7072223525205539,2.1794058666014404
7225,CC(Cc1cc(C(=O)c2ccccc2)ccc1OC(=O)C(C)(C)C)C(=O)O,0.4709321199977513,2.64301280514937
7226,CCCCCCCCOC(=O)n1c([S+]([O-])Cc2nccc(SCC)c2C)nc2ccccc21,0.16465143860009784,3.7401414976595406
7227,O=c1c2cc(Br)cc(Br)c2nc(-c2ccccc2)n1-c1ccc(C2=NN(c3ccccc3)C(Cc3ccccc3)C2)cc1,0.17569093178788442,3.1834528031196934
7228,O=c1oc(NCCc2ccccc2I)nc2ccccc12,0.6916258698931818,2.293444124845788
7229,O=C(Nc1ccc(OCCCCCCCn2cnnn2)cc1)c1c(O)nc2ccc(-c3cc4ccccc4s3)cc2c1O,0.1317567592569624,2.9520969849475893
7230,CC(C)(C)c1ccc(C2=Cc3ccc(N(Cc4ccccc4)Cc4ccccc4)cc3C3=NCCCN23)cc1,0.26004010412165574,2.756685759811031
7231,COc1ccc2c3c1OC1[C@H]4OC[C@@]4(CCCCc4ccccc4)CC4C(C2)N(C)CCC341,0.5994646750960091,5.444567977225823
7232,CCCCN(CC)c1nc(C)nc2c1c(C)cn2-c1c(C)cc(C)cc1C,0.5716491553365632,2.758378144790205
7233,CC(O)(c1ccc(Cl)cc1)C(O)(Cn1cncn1)c1ccc(F)cc1,0.7327137106986783,3.217935830623647
7234,CCCCCCCC(=O)OCn1c([S+]([O-])Cc2ccccn2)nc2ccccc21,0.260669759894706,3.444326783649375
7235,CC1CCC(C)C1OC(=O)[C@H](NC(=O)[C@@H](N)CC(=O)O)c1ccccc1,0.6343841903876736,3.4758709472550278
7236,COc1ccc(Sc2ccc(NC3=NCCCN3)cc2)cc1,0.9049985973359428,2.2939948364766973
7237,CCSc1ccnc(C[S+]([O-])c2nc3ccccc3n2C(=O)OC(C)(C)C(Cl)(Cl)Cl)c1C,0.20988298563600657,4.128075423394872
7238,c1cncc(OC2CCCNC2)c1,0.7388345151052207,2.6719925250701966
7239,O=C1CCC(c2ccccc2)(C2CCN(Cc3ccccc3Cl)CC2)C(=O)N1,0.7964882261524004,2.8196627523341586
7240,CN1CCN(CC(=O)N2c3ccccc3C(=O)Nc3cccnc32)CC1,0.8892761172918336,2.3823033356175074
7241,CCCCCCCOc1ccc(CCC(N)(CO)CCC)cc1,0.5274364091463895,2.662088050993784
7242,COc1ccc2c3c1OC1[C@H](O)[C@](CO)(CCCc4ccccc4)CC4C(C2)N(C)CCC341,0.7084354260114892,5.352525973803311
7243,CC(C)(C)C(=O)Oc1ccc(C(=O)c2ccc(OC(=O)C(C)(C)C)cc2OC(=O)C(C)(C)C)cc1,0.3030634066863302,2.540991041034321
7244,CC(C)(C)c1ccc(C2=C(Cc3ccccc3)c3ccccc3C3=NCCCN32)cc1,0.4807410180335035,2.539457549756243
7245,CC12CCC(C1)C(C)(C)C2OC(=O)[C@H](NC(=O)[C@@H](N)CC(=O)O)c1ccccc1F,0.5835146289054798,4.677622287667555
7246,CC(C)Oc1ccccc1N1CCN(Cc2cccc(C(=O)N3CCCCC3)c2)CC1,0.6917080118589352,2.0577375497562436
7247,O=C1CCC(c2ccccc2)(C2CCN(Cc3cccc(F)c3)CC2)C(=O)N1,0.8272851211582443,2.824515743787149
7248,CCOCCn1c([S+]([O-])Cc2nccc(SCC)c2C)nc2ccccc21,0.3043984747684865,3.7578084533368017
7249,CCC(NC(=O)c1cc(-c2ccccc2)nc2ccccc12)c1ccccc1,0.48612167415385926,2.250083786313729
7250,COP(=O)(Nc1ccc(Nc2c3ccccc3nc3ccc(Cl)cc23)cc1)OC,0.26666204477092137,2.49619077879648
7251,O=C1/C(=C/c2ccncc2)C(c2ccccc2)Oc2ccccc21,0.6547401349672944,2.6931506094705906
7252,COc1cccc2c1CCC[C@H]2CN(C)CCc1ccc2occc2c1,0.6236159458680627,2.916558876172493
7253,CN(C)S(=O)(=O)c1cc2c(N=O)c(O)[nH]c2c2c1CCCC2,0.846447150576868,3.238091818725219
7254,CCCCCCN/N=C1\CCCC1CCCCCCC(=O)O,0.38142946661416754,3.11086159294128
7255,CS(=O)(=O)c1ccc(-c2cc(Cl)cnc2-c2ccc(CO)nc2)cc1,0.7569286028251322,2.2960136537590614
7256,COc1ccc(N(C)c2ccc(NC3=NCCN3)cc2)cc1,0.910652079292869,2.2829779244944497
7257,Clc1ccc(Sc2ccc(CNC3=NCCN3)cc2)cc1,0.9052708040111923,2.3176969703081003
7258,COc1ccc2c(c1)c(CCNC(=O)C1CC1)c1n2CCCc2ccccc2-1,0.7222275834886807,2.323311818166937
7259,CCN(c1nc(C)cc(-c2ccccc2[N+](=O)[O-])n1)c1ccc(C(C)C)cc1Br,0.317558386683584,2.648181844598149
7260,O=c1oc(Nc2ccccc2I)nc2cc([N+](=O)[O-])ccc12,0.40443793745015333,2.4369769552016454
7261,CC/C(=C(/c1ccc(OCCN(C)C)cc1)c1cccc(O)c1)c1ccccc1,0.5032041717093814,2.1991057000198353
7262,COc1cccc2c1CCC[C@H]2CN(C)CCc1ccc2c(c1)CCS2(=O)=O,0.7443462547026853,3.1914256155820215
7263,COc1cc(Br)c(-n2c(C)nc3c(-c4ccccc4C(F)(F)F)nc(C)nc32)c(OC)c1,0.3445345140805435,2.8432089451931404
7264,CC(C)Oc1c(C(=O)O)sc2ccc(OCc3ccccc3)cc12,0.6872966163598928,2.0805653831755393
7265,OC(c1ccc(Cl)cc1)C(O)(Cn1cncn1)c1ccc(Cl)cc1Cl,0.6844400196393904,3.262795391063208
7266,O=c1oc(Nc2ccccc2I)nc2cc(C(F)(F)F)ccc12,0.6041495882427328,2.438898907589218
7267,CCCC(=O)C(O)(Cn1cncn1)c1ccc(Cl)cc1,0.8862817273523067,3.065752108069038
7268,CN(C)C[C@@H](NC(=O)c1cc(-c2ccccc2)nc2ccccc12)c1ccccc1,0.5032128982005056,2.420703363604499
7269,Cc1cc(C)c(-n2nnc3c(-c4ccccc4C(F)(F)F)nc(C)nc32)c(C)c1,0.47054239421404187,2.6626597292135337
7270,O=C(O)CNC(=O)C(CS)Cc1ccccc1,0.6619718088635679,2.4476799637255464
7271,CC[C@@H](NC(=O)c1c(C)c(-c2ccccc2)nc2ccccc12)c1ccccc1,0.45500495824376647,2.3966707396933327
7272,CSc1ccc(-c2ccc(S(=O)(=O)NC(CC#CCN3CCOCC3)C(=O)O)cc2)cc1,0.4483634217941135,3.001210713568886
7273,COc1ccccc1C(O)C(O)(Cn1cncn1)c1ccccc1OC,0.6729716097732824,3.2318950937116755
7274,O=c1oc(NCC(F)(F)F)nc2ccccc12,0.879015660329798,2.4020698551629778
7275,O=C(O)CCCCCCCOc1ccc(NC(=O)c2c(O)nc3cccc(Cl)c3c2O)cc1,0.2764365295427766,2.4645467525941473
7276,CC(C)(C)C12COC(c3ccc(C#N)cc3)(OC1)OC2,0.7891816510955015,3.9751603348933884
7278,CCCCCC(O)/C=C/CCC1CCCc2c(OCC(=O)O)cccc21,0.43728432504182724,3.301737713254295
7279,CCN(CC)CCN(Cc1ccc(-c2ccc(Cl)cc2)cc1)C(=O)Cn1cc(C)c(=O)nc1SCc1ccc(F)cc1,0.1255983256910636,2.6866413908588243
7280,CCN(CC)CCN(Cc1ccc(-c2ccc(C(F)(F)F)cc2)cc1)C(=O)Cn1c(SCc2ccc(F)cc2)nc(=O)c2c1CCCC2,0.08271752615233914,2.915622768141054
7281,O=C(O)COc1cccc2c1CCC(C/C=C\CC(c1ccccc1)c1ccccc1)C2,0.4014761699615918,2.944984289583708
7282,COc1ccc(C2(O)OC(=O)C(c3ccc4c(c3)OCO4)=C2Cc2ccc(C)cc2)cc1,0.6138411754535316,2.9472992614758304
7283,CCC1(CC)C(=O)N(COC(=O)c2ccccc2)C1Sc1ccccc1,0.5298276197859133,3.1314683192187784
7284,CCOCc1c(O)ccc2nc3c(cc12)Cn1c-3cc2c(c1=O)COC(=O)[C@]2(O)CC,0.4856899670946881,3.5158603554236123
7285,CC(/C=C/C(O)=C1\C(=O)C2CCCN2C1=O)=C\c1ccc2ccccc2c1,0.3869649464818927,3.2420302315585783
7286,O=c1oc(-c2ccccc2I)nc2ccccc12,0.6322559948988122,2.03981453841795
7287,Cc1ccccc1Nc1nc2ccccc2c(=O)o1,0.7603027771999593,1.9360081043636779
7288,O=c1oc(Nc2nccs2)nc2ccccc12,0.7503577549987573,2.344346889532863
7289,CCSc1ccnc(CSc2nc3ccccc3n2CC2CO2)c1C,0.45042193299961475,3.052500460942155
7290,O=C1CCC(c2ccccc2)(C2CCN(Cc3cccc(Br)c3)CC2)C(=O)N1,0.7293114830256031,2.8647345472059538
7291,O=C(O)CCC/C=C/C[C@H]1[C@H](/C=N/Oc2ccc(F)cc2)C2CC1(c1ccc(-c3ccccc3)cc1)CO2,0.1293396384471178,4.81455297006995
7292,CC(C)C1(C2=NCCN2)COc2ccccc2O1,0.8657338032725294,3.6156815146627537
7293,CCCCc1c(O)noc1CC(N)C(=O)O,0.6599744302813638,3.3966232815091946
7294,CC(C)Oc1ccccc1N1CCN(Cc2ccc(C(=O)N3CCCCC3)cc2)CC1,0.6917080118589352,2.018320626679321
7295,Cc1ccc(S(=O)(=O)N[C@@H]2C3CC(c4ccc(F)cc4)(CO3)[C@H]2C/C=C/CCCC(=O)O)cc1,0.38424841990473263,4.656601201115499
7296,CC[C@@]1(O)C(=O)OCc2c1cc1n(c2=O)Cc2cc3c(CC#N)c(O)ccc3nc2-1,0.4893221516241101,3.58868589486634
7297,O=C1O[C@H](c2ccc(F)cc2)[C@@](Cn2cncn2)(c2ccc(Cl)cc2Cl)O1,0.5939757032402052,3.5032626841571544
7298,CC(CC(=O)C(Cc1ccccc1)NC(=O)C(CCCCN)NC(=O)C1CCC1)C(=O)N1CCCC1C(=O)O.O=C(O)C(F)(F)F,0.17619724143612514,3.87780800980907
7299,C1CCN(C2CCN(CCN3CCN(CCN4CCC(N5CCCCC5)CC4)CC3)CC2)CC1,0.5346184579137879,2.120909475705419
7300,COc1ccc2c(c1)c(-c1ccc3c(c1)OCO3)c(C(=O)O)n2Cc1ccc2c(c1)OCO2,0.48316426565459875,2.4537650838596576
7302,CC1(C)O[C@H](c2ccc(Cl)cc2Cl)[C@@](Cn2cncn2)(c2ccc(Cl)cc2)O1,0.5273313834152619,3.5765964679453903
7303,CC(=O)OCC(=O)[C@@]1(OC(=O)c2cccs2)C(C)CC2C3CCC4=CC(=O)C=CC4(C)[C@@]3(Cl)C(Cl)CC21C,0.3186725237631535,4.864542459246598
7304,O=C(O)CCCCCCCOc1ccc(NC(=O)c2c(O)nc3cccc(I)c3c2O)cc1,0.18366924627598388,2.5697060578050674
7305,O=C(O)CCCCCCCOc1ccc(NC(=O)C2=C(O)CN(c3ccccc3)C2=O)cc1,0.3268180284273714,2.3465258244488556
7306,COCCN(C)CC(C(=O)Nc1c(C)cccc1C)N(C)CCOC,0.65843956940297,2.9026133568697574
7307,COc1ccc(/C=C(C)/C=C/C(O)=C2\C(=O)CN(C)C2=O)c2ccccc12,0.38959262083065777,2.8496687310687907
7308,CCC(C(c1ccccc1)c1ccccc1)N(CCO)CCO,0.7479856651060366,2.7483868998372483
7309,OCCN(CCO)CC(F)(c1ccccc1)c1ccccc1,0.7854773602679883,2.485384895648295
7310,CC(O)(c1ccccc1)C(O)(Cn1cncn1)c1ccc(Cl)cc1Cl,0.714225888162711,3.2876531932610096
7311,CC(/C=C/C(=O)C1=C(O)CN(C)C1=O)=C\c1ccccn1,0.5205410111360717,3.113920278257104
7312,O=C(OCN1CCC1=O)c1ccccc1,0.5466737275148118,1.940067286961341
7314,O=C(c1ccc(OCCN2CCCCCC2)cc1)c1c(-c2ccc(O)cc2)sc2cc(O)ccc12,0.29264204709727576,2.4155556917486045
7315,c1ccc(COC2(C3=NCCN3)COc3ccccc3O2)cc1,0.9418149183930606,3.220236823826303
7316,CCN(CC)CCN(Cc1ccc(-c2ccc(Cl)cc2)cc1)C(=O)Cn1c(SCc2ccc(F)cc2)nc(=O)c2c1CCCC2,0.1131992351366855,2.7783122890441465
7317,CCN(CC)CCN(Cc1ccc(-c2ccc(C(F)(F)F)cc2)cc1)C(=O)Cn1cc(CCO)c(=O)nc1SCc1ccc(F)cc1,0.09139641238149764,2.9394076640044737
7318,CC(CO)Cc1cc(C(=O)c2ccccc2)ccc1OC(=O)C(C)(C)C,0.48301072487048136,2.673780014337515
7319,CCN(c1nc(C)cc(-c2ccccc2OC)n1)c1c(Br)cc(OC)cc1OC,0.4728549567207257,2.5809845796408837
7320,O=C1CCC(c2ccccc2)(C2CCN(Cc3ccccc3)CC2)C(=O)N1,0.8494932845247998,2.712612284948227
7321,COc1ccc(N2CC(O)=C(C(=O)Nc3ccc(OCCCCCCCC(=O)O)cc3)C2=O)cc1,0.287107634571158,2.406038538313803
7322,O=C(O)Cc1ccc2c(c1)C(=O)Cc1cc(F)ccc1O2,0.9214333539852313,2.2689651328180904
7323,O=c1oc(Nc2ccccc2F)nc2ccccc12,0.7651480904895211,1.9755124400280124
7324,O=C1c2ccccc2C(=O)N1OCCCN1CCN(c2nsc3ccccc23)CC1,0.4494356425275625,2.524264592178751
7325,O=C(c1ccc(Cl)cc1Cl)C(O)(Cn1cnnc1)c1ccc(Cl)cc1Cl,0.5972197164033193,3.347211406536866
7326,O=C(c1ccccc1)C(O)(Cn1cncn1)c1ccc(Cl)cc1Cl,0.7071068073256984,2.916892209751005
7327,CCN(CC)CCNC(=O)c1cc(Cl)c(NC(=O)COc2ccc(F)cc2)cc1OC,0.5455922252880704,2.1414688198814673
7328,C=C(C)[C@@H]1CC[C@]2(C(=O)NCCCCCCCCCCC(=O)O)CC[C@]3(C)[C@H](CCC4[C@@]5(C)CC[C@H](OC)C(C)(C)[C@@H]5CC[C@]43C)[C@@H]12,0.14448769566899194,4.876174345874979
7329,CN(C)C(=O)CN1N=C(c2ccc3nc(C4CC4)n(Cc4ccc(-c5ccccc5-c5nn[nH]n5)cc4)c3c2)CCC1=O,0.29632061262431053,3.016550068960349
7330,O=c1cc(COc2ccc(-c3cc(-c4ccccc4)nc(O)n3)cc2)c2ccc3ccccc3c2o1,0.23228270519610472,2.4837357741947965
7331,O=C(c1ccc(Cl)cc1Cl)C(O)(Cn1ccnc1)c1ccc(Cl)cc1,0.6416551313443883,3.0005593620410558
7332,O=C(c1ccccc1Cl)C(O)(Cn1ccnc1)c1ccccc1Cl,0.700188272010192,2.967473431470463
7333,O=c1oc(Nc2ccccc2I)nc2cc(Cl)c(Cl)cc12,0.5882494150053572,2.4414623948780623
7334,C=CCN1CCC2c3cccc(OC)c3CC[C@H]21,0.756729913913155,3.166683908858193
7335,CCN(CC)CCCC(C)Nc1ccnc2cc(Cl)ccc12,0.7564117572128701,2.670786229594949
7336,CCSc1ccccc1C(=O)Nc1nnc(-c2cccs2)o1,0.7109488086889887,2.2871836937252183
7337,COc1ccc(C2(O)OC(=O)C(c3ccc4c(c3)OCO4)=C2Cc2ccccc2)cc1OC,0.5763885753668812,2.9818730232000696
7338,COc1ccc(C(=O)/C(Cc2ccc(OC)c(OC)c2OC)=C(\C(=O)[O-])c2cc(OC)c3c(c2)OCO3)cc1C.[Na+],0.18136932667645156,3.182100775037741
7339,COCC#CCC(NS(=O)(=O)c1ccc(NC(=O)c2ccc(OC)cc2)cc1)C(=O)O,0.49995597602050473,2.7611772575271214
7340,CC(/C=C/C(=O)C1=C(O)C(C)N(C)C1=O)=C\c1ccc2ccccc2c1,0.5157894949272462,3.264672944998404
7341,CC(/C=C/C(=O)C1=C(O)CN(C)C1=O)=C\C1CCCCC1,0.49162003204115295,3.2389438856841597
7342,COc1cccc(-c2cncc(O[C@@H]3CCNC3)c2)c1,0.9267061641096688,2.6252365977319183
7343,OC(c1ccc(Cl)cc1Cl)C(O)(Cn1cncn1)c1ccc(Cl)cc1Cl,0.621489942395089,3.409041611383193
7344,C=C(C)[C@@H]1CC[C@]2(NC(=O)NCCCCCCCCCC(=O)O)CC[C@]3(C)[C@H](CCC4[C@@]5(C)CC[C@H](O)C(C)(C)[C@@H]5CC[C@]43C)[C@@H]12,0.12622241185455207,4.910904028227207
7345,O=C(c1ccc(Cl)cc1)C(O)(Cn1cncn1)c1ccccc1Cl,0.7071068073256984,2.868581350022499
7346,NC[C@@H](NC(=O)c1cc(-c2ccccc2)nc2ccccc12)c1ccccc1,0.5515464373427745,2.336990352917857
7347,O=C(Nc1ccc(S(=O)(=O)NC(CC#CCN2CCOCC2)C(=O)O)cc1)c1ccc(Br)cc1,0.43057428682055904,2.921153394111606
7348,Cc1ccc([C@H]2OC(=O)O[C@]2(Cn2cncn2)c2ccc(C)cc2)cc1,0.6720564679551699,3.4066490729216543
7349,N#CC1CCN(CCCN2CCC(C#N)CC2)CC1,0.7738028492960426,2.652085866601439
7350,CC(/C=C/C(O)=C1\C(=O)CNC1=O)=C\c1ccc2ccccc2c1,0.3946637805479214,2.797380767790923
7351,CN(CCc1ccc2c(c1)OCO2)C[C@@H]1CC[C@H]2CCOc3cccc1c32,0.7889561909478023,3.3461826991421697
7352,CC(C(=O)O)c1cc(C(=O)c2ccccc2)ccc1OC(=O)C(C)(C)C,0.4974712842671605,2.683556736207196
7353,C=C(C)[C@@H]1CC[C@]2(CNCCCCCCCCCCC(=O)O)CC[C@]3(C)[C@H](CCC4[C@@]5(C)CC[C@H](O)C(C)(C)[C@@H]5CC[C@]43C)[C@@H]12,0.13269033255494012,4.891766341123691
7354,C=C(C)[C@@H]1CC[C@]2(C(=O)OCCCCCCCCCCC(=O)O)CC[C@]3(C)[C@H](CCC4[C@@]5(C)CC[C@H](O)C(C)(C)[C@@H]5CC[C@]43C)[C@@H]12,0.11889138916047959,4.848752241431326
7355,CCN(CC)CCC(=O)Nc1c(C)cccc1C,0.8391106791093165,1.837460009979356
7356,CC(/C=C/C(=O)C1=C(O)CN(C)C1=O)=C\C1CCc2ccccc2C1,0.5215652689587666,3.594871889513583
7357,C=Cc1cncc(O[C@@H]2CCNC2)c1,0.7832547993076828,3.144628309519563
7358,CCCC1CC(C(=O)NC(C(C)Cl)C2OC(SC)C(O)C(O)C2O)N(C)C1,0.4382730169795819,4.743437500299558
7359,CC(C)=CCC[C@@H](C)[C@H]1CC=C2C3=C(CC[C@@]21C)[C@@]1(C)CC[C@H](O)C(C)(C)[C@@H]1CC3,0.46526596514415225,4.581100587204462
7360,COc1ccc(-c2ccc(S(=O)(=O)NC(CC#CCN3CCN(c4ccccc4)CC3)C(=O)O)cc2)cc1,0.40736719311078473,2.8814276052020897
7361,CC/C(=C(\c1ccccc1)c1ccc(OC(C)=O)cc1)c1ccc(OC(C)=O)cc1,0.29334454307308494,2.155904439978009
7362,CC[C@@]1(O)C(=O)OCc2c1cc1n(c2=O)Cc2cc3c(C=O)c(O)ccc3nc2-1,0.3927821290551043,3.538200471073063
7363,CCN(CC)CCNC(=O)c1cc(Cl)c(NC(=O)COc2ccc(Cl)cc2)cc1OC,0.5195328063754976,2.1373117536918436
7364,OC(c1ccc(F)cc1)C(O)(Cn1cncn1)c1ccc(Cl)cc1,0.7441089568640767,3.1228762607511804
7365,O=C1O[C@H](c2ccc(Cl)cc2Cl)[C@@](Cn2cncn2)(c2ccccc2)O1,0.6185885002996045,3.496968457537039
7366,O=C(O)Cc1ccc2c(c1)C=Cc1ccc(Cl)cc1O2,0.7661270247993713,2.439251018063503
7367,O=c1oc(Nc2ccccc2I)nc2cc(C3CCCCC3)ccc12,0.5338308815474324,2.4526114047751673
7368,O=C(O)c1c(O)c(Cl)cc(Cl)c1Cl,0.7430309147252575,2.3236747150437917
7370,CN1C(=O)c2ccc(Cl)cc2C2(CC(=O)NC2=O)C1=O,0.5481819884300148,3.55578091158913
7371,O=P(O)(O)CN[C@@H](CCc1ccccc1)c1nnn[nH]1,0.5514563618715441,3.323498218537517
7372,CCCCCCCCCCCCCCCCCCNC(=O)OCC1(COC(=O)N(Cc2cccc[n+]2CC)C(C)=O)CCCCCC1,0.06786099922229155,3.2806452630720724
7373,O=C(c1ccc(Cl)cc1Cl)C(O)(Cn1cncn1)c1ccc(Cl)cc1Cl,0.5972197164033193,3.124184483459942
7374,CCCCCC(O)/C=C/CCCc1cccc(OCC(=O)O)c1,0.45157273583246965,2.6746475776210037
7375,COc1ccc(Cc2cc3c(cc2OC)OCO3)cc1,0.8569790531253841,1.8724083683357353
7376,O=C(c1ccccc1Cl)C(O)(Cn1cncn1)c1ccc(F)cc1,0.7219446676469106,2.9107795400677485
7377,CCCN1CCC2c3c(cccc3OC)CCC21,0.8105112343487401,3.049715861520916
7378,Cc1ccc(S(=O)(=O)NC[C@@H]2C3CC(c4ccc(-c5ccccc5)cc4)(CO3)[C@H]2CCCCCC(=O)O)cc1,0.2735490594980339,4.465699914917625
7379,CC1CC2C3CCC4=CC(=O)C=CC4(C)[C@@]3(Cl)C(Cl)CC2(C)[C@@]1(OC(=O)c1cccs1)C(=O)CO,0.41459372213105733,4.862875325859162
7380,O=C1O[C@H](c2ccc(F)cc2)[C@@](Cn2ccnc2)(c2ccc(Cl)cc2Cl)O1,0.5628911583996082,3.5089503964448667
7381,O=c1oc(Nc2c(Cl)cccc2Cl)nc2cc(C(F)(F)F)ccc12,0.6642688347650267,2.4129160207732347
7382,[O-][S+](Cc1ccccn1)c1nc2ccccc2n1CCN1CCOCC1,0.6216579316609446,3.4309019909524494
7383,CC(C)(C)C(=O)Oc1ccc(C(O)c2ccc(OC(=O)C(C)(C)C)cc2)cc1,0.6124317288818764,2.2680348679289803
7384,CC(/C=C/C(=O)C1=C(O)CN(C)C1=O)=C\c1ccc(-c2ccccc2)cc1,0.49523476168023983,2.6543901318785075
7385,CCN(c1nc(C)cc(-c2ccccc2-c2nn[nH]n2)n1)c1ccc(C(C)C)cc1Br,0.3842351994851473,2.795790591714285
7386,O=C(NC(Cc1ccccc1)C(=O)CCC(=O)N1CCCC1C(=O)O)c1ccccc1,0.6460769037526535,2.7921098814659846
7387,CCC1(CC)C(=O)N(COC(=O)Nc2ccc(C)cc2)C1S(=O)(=O)c1ccccc1,0.6716222253396542,3.1704488367437405
7388,Cc1ccc([C@H]2OC(=O)O[C@]2(Cn2cncn2)c2ccccc2Cl)cc1,0.6490677408080328,3.419658919075501
7390,OC(Cc1ccc(Cl)cc1)(c1ccccc1)C(O)(Cn1cncn1)c1ccc(Cl)cc1Cl,0.37232482221874913,3.3776390164710053
7391,CCOC(=O)c1[nH]cc2nc3ccc(OC)cc3c-2c1COC,0.732870231977587,2.5971975244531222
7392,CC(C)[S+]([O-])CC[C@@H](C)C1CCC2C3CC=C4C[C@@H](O)CC[C@]4(C)C3CC[C@@]21C,0.4305725711399716,4.914717613828918
7393,CCOC(C)n1c([S+]([O-])Cc2ncc(C)c(OC)c2C)nc2ccccc21,0.5746833438831107,4.053685852988323
7396,O=C(O)CCC/C=C\C[C@H]1[C@H](NS(=O)(=O)c2ccc(F)cc2)C2CC1(c1ccc(F)cc1)CO2,0.3845030489056462,4.6705007203462685
7397,CSCC[C@H](NC(=O)c1ccc(COCc2ccc(-c3ccccn3)o2)cc1-c1ccccc1C)C(=O)[O-].[Li+],0.274669899825062,3.382944399372276
7398,COc1ccc2ccc3c([nH]c4c5ccccc5nc(NCCN(C)C)c34)c2c1,0.44747532990260164,2.469863822620127
7399,O=C(N[C@@H](Cc1ccccc1)CN1CCN(c2nsnc2Cl)CC1)c1ccncc1,0.6060970608576725,2.94250717358762
7400,O=C1O[C@H](c2ccc(Cl)cc2)[C@@](Cn2cncn2)(c2ccc(Cl)cc2)O1,0.6185885002996045,3.432698303690885
7401,CCN(CC)CCN(Cc1ccc(-c2ccc(C(F)(F)F)cc2)cc1)C(=O)Cn1cc(C)c(=O)nc1SCc1ccc(F)cc1,0.08919792888822511,2.824883027607907
7402,O=C1CCC(c2ccccc2)(C2CCN(Cc3cccc(I)c3)CC2)C(=O)N1,0.525370067875452,2.957927709599117
7403,COc1cc(Br)c(-n2c(O)nc3c(-c4ccccc4C(F)(F)F)nc(C)nc32)c(OC)c1,0.40261925870703974,2.9430287004378943
7404,COc1ccc2c(=O)oc(Nc3ccccc3I)nc2c1,0.6889590821136288,2.285487466586016
7405,CCCC(O)C(O)(Cn1cncn1)c1ccc(Cl)cc1,0.8546957086543879,3.3011147304977833
7406,O=C(O)CCC/C=C/C[C@H]1C2COC(C2)[C@@H]1COCc1ccccc1,0.513682959475989,4.420471588546679
7407,O=C1CC2(C(=O)N1)C(=O)N(Cc1nc3cc(C(F)(F)F)ccc3s1)C(=O)c1ccc(F)cc12,0.3479739355716132,3.7825252937457137
7408,O=C(c1ccc(F)cc1)C(O)(Cn1cncn1)c1ccc(Cl)cc1,0.7219446676469106,2.824868227850553
7409,O=c1oc(Nc2ccccc2Cl)nc2cc([N+](=O)[O-])ccc12,0.5861294586276281,2.2505407269138047
7410,CC[C@@]1(O)C(=O)OCc2c1cc1n(c2=O)Cc2cc3c(COCCN(C)C)c(O)ccc3nc2-1,0.3277112212776666,3.5917131511966254
7411,CSCC[C@H](NC(=O)c1ccc(CNCc2ccco2)cc1-c1ccccc1)C(=O)O,0.4161616685212842,2.6950496440118172
7412,COc1cc(NC(=O)COc2ccc(Cl)cc2)c(Cl)cc1C(=O)NCc1cccnc1,0.5221314920553354,2.0499423399660337
7413,C=C1C(=O)c2ccccc2OC1c1ccc(N(C)C)cc1,0.786243812644001,2.810698712212023
7414,CCN(CC)CCNC(=O)c1cc(Cl)c(NC(=O)C(Oc2ccc(Cl)cc2)Oc2ccc(Cl)cc2)cc1OC,0.23088544423163707,2.559029852222725
7415,CCC1(CC)C(=O)N(COC(=O)c2ccccc2)C1Sc1nc2ccccc2o1,0.4149010416788825,3.3322080295119463
7416,Nc1nc(N)c2nc(CCSc3ccc(C(=O)NC(CCC(=O)O)C(=O)O)cc3)cnc2n1,0.2620055074150876,3.119540102939551
7417,O=C(c1ccc(Cl)cc1Cl)C(O)(Cn1cncn1)c1ccc(Cl)cc1,0.6617138149323077,2.9879494719311666
7418,O=C(c1ccc(Cl)cc1)C(O)(Cn1cncn1)C1CCCC1,0.8604059589987594,3.064200054479741
7419,CC(C)C(C)(O)C(O)(Cn1cncn1)c1ccccc1,0.8686776789498546,3.424130120108172
7420,CCSc1ccnc(C[S+]([O-])c2nc3ccccc3n2COC)c1C,0.4646379217664017,3.852111836890151
7421,O=C(O)CC/C=C\C[C@H]1[C@H](CNS(=O)(=O)c2ccc(Cl)cc2)C2CC1(c1ccc(-c3ccccc3)cc1)CO2,0.2752920680233658,4.611800327005537
7422,COc1ccccc1N1CCN(CCCON2C(=O)CC3(CCCC3)CC2=O)CC1,0.5041393248925293,3.0797436819068853
7423,CC(C)N(CCOc1ccc(C(=O)c2c(-c3ccc(O)cc3)sc3cc(O)ccc23)cc1)C(C)C,0.25582582509401774,2.5700420062744147
7424,O=P(O)(O)C(N[C@@H](Cc1ccc(-c2ccccc2)cc1)c1nnn[nH]1)c1cccc2ccccc12,0.23346928227489308,3.4972100082382713
7425,CC(/C=C/C(=O)C1=C(O)CN(C)C1=O)=C\C1CCCCO1,0.48795180228812507,3.8597896621738084
7426,O=C(c1ccc(Cl)cc1)C(O)(Cn1cncn1)C1CCCCC1,0.8535088777819279,3.0489260606764095
7427,CCCOc1ccc2c(c1)c(-c1ccc3c(c1)OCO3)c(C(=O)O)n2-c1ccc2c(c1)OCO2,0.42171589341940396,2.588245428087353
7428,O=C(c1ccccn1)C(O)(Cn1cncn1)c1ccccn1,0.7009454626198771,3.236467774259962
7429,CC(C)Oc1ccccc1N1CCN(Cc2ccccc2C(=O)N2CCCCC2)CC1,0.6917080118589352,2.1044467805254747
7430,CCCC(=O)NCCc1c2n(c3ccccc13)Cc1ccccc1-2,0.5896880111028339,2.244995441352655
7431,Clc1ccc([C@H]2OCO[C@]2(Cn2cncn2)c2ccc(Cl)cc2Cl)cc1,0.6149351572762742,3.5775290729216547
7432,CCCCCc1cc(O)c2c(c1)OC(C)(C)[C@@H]1CC[C@H](C)C(O)C21,0.7796939380507375,3.821093369434296
7433,CC(C)C(=O)Oc1ccc(C(=O)c2ccccc2)cc1,0.48415725733164056,1.6651745866002283
7434,CCC1(CC)C(=O)N(COC(=O)Nc2ccccc2)C1S(=O)(=O)c1ccccc1,0.6958161952338304,3.139154317226909
7435,O=C(c1ccc(F)cc1)C(O)(Cn1cncn1)c1ccc(Cl)cc1Cl,0.688451015761588,2.967686614788308
7436,CC(/C=C/C(=O)C1=C(O)CN(C)C1=O)=C\c1ccccc1,0.5245209128222639,2.8210072809096243
7437,COc1ccc(C#Cc2ccc(S(=O)(=O)NC(CC#CCN3CCOCC3)C(=O)O)cc2)cc1,0.5772019751983524,3.1052879698451505
7438,C#Cc1ccc(C23OCC(C(C)(C)C)(CO2)C(C#N)O3)cc1,0.7479624381245699,4.886433411311904
7439,CN(CCc1ccc2c(c1)OCO2)CC1CCCc2ccccc21,0.8296872148623801,2.6915573266970263
7440,C=Cc1cc(O[C@@H]2CCNC2)cnc1Cl,0.7991031298232638,3.346407924964778
7441,CC(C)(C)NCC(O)COc1ccc(O)c(O)c1F,0.609075853394864,2.9379757067515673
7442,CC[C@@H](NC(=O)c1c(OCC(=O)O)c(-c2ccccc2)nc2ccccc12)c1ccccc1,0.3908448037545231,2.64326314465756
7444,COc1cccc2c1CCC[C@H]2CN(C)CCc1ccc2nc(C)oc2c1,0.6332056848291171,2.9763550682603395
7445,CCC1(CC)C(=O)N(COC(=O)Nc2ccc(OC)cc2)C1S(=O)(=O)c1ccccc1,0.6212522780558922,3.1602282414269443
7446,CC(/C=C/C(=O)C1=C(O)CN(C)C1=O)=C\c1ccnc2ccccc12,0.5299051604867415,2.9729699174953232
7447,CC(/C=C/C(O)=C1\C(=O)CNC1=O)=C\c1cccc2ccccc12,0.3946637805479214,2.823399319827123
7448,C=CCN1CCC2c3cccc(O)c3CC[C@H]21,0.7881203457014493,3.313484394497922
7449,COc1cccc2c1CCC[C@H]2CN(C)CCc1ccc2c(c1)CCC2,0.7441264873603962,2.8070795239457738
7450,COc1cccc2c1CCC[C@H]2CN(C)CCc1ccc2c(c1)CN(S(C)(=O)=O)C2,0.676608739761111,3.0686339362367345
7451,O=c1oc(NCc2ccsc2)nc2ccccc12,0.78448728093956,2.3063861081399555
7453,CC(Cc1cnc2nc(N)nc(N)c2n1)c1ccc(C(=O)NC(CCC(=O)O)C(=O)O)cc1,0.3082381667284191,3.3339734335898417
7454,CCCCC(NC(=O)c1cc(-c2ccccc2)nc2ccccc12)c1ccccc1,0.38540589003699977,2.348043012748459
7455,COc1c(-c2ccc(OC)c(=O)cc2)ccc(C=O)c1C=O,0.7924909365557933,2.512437102457879
7456,COc1ccc(-c2ccc(S(=O)(=O)NC(CC#Cc3ccccc3)C(=O)O)cc2)cc1,0.5540519864016358,2.613020410885392
7457,CCOC(=O)c1[nH]cc2nc3ccccc3c-2c1COC,0.747981143868103,2.5419805435090925
7458,O=C(/C=C/C(Cl)=C/c1ccccc1)C1=C(O)CNC1=O,0.5078012495080093,3.0096756855013274
7459,CC(C)(NC(=O)c1cc(-c2ccccc2)nc2ccccc12)c1ccccc1,0.5131391054746137,1.9450417326968523
7460,COc1cccc(-c2c(C(=O)O)n(-c3ccc4c(c3)OCO4)c3ccc(OC)cc23)c1,0.5052657456978589,2.3606328306551205
7461,O=C(c1ccc(F)cc1)C(O)(Cn1ccnc1)c1ccc(Cl)cc1Cl,0.6795164332110076,2.980296504898199
7462,CCC#CC[C@H](C)[C@H](O)/C=C/[C@@H]1C2CC(c3ccc(-c4ccccc4)cc3)(CO2)[C@H]1C/C=C/CCCC(=O)O,0.17457586309644207,5.249520052230351
7463,O=C(O)C(CC#Cc1ccccc1)NS(=O)(=O)c1ccc(-c2ccc(F)cc2)cc1,0.5929167036830197,2.618658370625875
7464,CCCCCc1cc(O)c2c(c1)OC(C)(C)[C@@H]1CCC(C)[C@H](O)C21,0.7796939380507375,3.821093369434296
7465,OC(c1ccc(F)cc1)C(O)(Cn1cncn1)c1ccc(Cl)cc1Cl,0.7102315245339618,3.2679026438104612
7466,CCCC(O)(c1ccc(F)cc1)C(O)(Cn1cncn1)c1ccc(Cl)cc1,0.6467220993712849,3.357904379304112
7467,CCCCC(O)(Cn1cncn1)C(=O)c1ccc(Cl)cc1,0.7986400116153601,3.0002079690568735
7468,N[C@@H](Cc1cnc(C2CCCCC2)[nH]1)C(=O)N[C@@H](Cc1c[nH]c2ccccc12)C(=O)N[C@@H](Cc1cnc(C2CCCCC2)[nH]1)C(=O)NCc1ccccc1,0.07607694016178942,4.108691157202236
7469,CCC[C@H]1OC(=O)O[C@]1(Cn1cncn1)c1ccc(Cl)cc1,0.7913068807095511,3.665686852732663
7470,c1cncc(O[C@@H]2CCNC2)c1,0.7023952981829619,2.6950138630964275
7471,O=C(O)COc1cccc(CCC/C=N/OC(c2ccccc2)c2ccccc2)c1,0.2691876984327951,2.4081284033675594
7472,O=C(O)CCCCCCCOc1ccc(NC(=O)c2c(O)nc3ccc(-c4ccc5ccccc5c4)cc3c2O)cc1,0.11533577814353926,2.5964727926121505
7473,CCSc1ccnc(C[S+]([O-])c2nc3ccccc3n2COCCOC)c1C,0.28288293617393895,3.812124461735868
7474,Cc1cccc(C)c1NC(=O)C(CN1CCOCC1)N1CCOCC1,0.8694844591887496,2.772065845557538
7475,COc1cc(NC(=O)COc2ccc(Cl)cc2)c(Cl)cc1C(=O)N1CCN(C)CC1,0.7277952614597881,2.0570619448261045
7476,C=C(C)[C@@H]1CC[C@]2(NC(=O)CCCCCCCCCCC(=O)O)CC[C@]3(C)[C@H](CCC4[C@@]5(C)CC[C@H](O)C(C)(C)[C@@H]5CC[C@]43C)[C@@H]12,0.1382858707288537,4.89586187195828
7477,CCN(CC)CCNC(=O)c1cc(Cl)c(NC(=O)COc2ccccc2)cc1OC,0.5671017820198986,2.082439966804124
7478,CC[C@H](NC(=O)c1c(C)c(-c2ccccc2)nc2ccccc12)c1ccccc1,0.45500495824376647,2.3966707396933327
7479,CC(C)[C@H]1OCO[C@]1(Cn1cncn1)c1ccc(Cl)cc1,0.8712688125375143,3.75529305004401
7480,CN1CC(O)=C(C(=O)/C=C/C=C/c2ccccc2)C1=O,0.5171774672588221,2.7799061800068223
7481,O=C(O)COc1cccc2c1CCCC2CC/C=N/OC(c1ccccc1)c1ccccc1,0.3017405858869984,3.1678139022016962
7482,COc1ccc(C(=O)C(O)(Cn2cnnc2)c2ccc(OC)cc2)cc1,0.654523372567266,2.987449608200068
7483,CC(C)(C)C(=O)Oc1ccc(C(=O)c2ccccc2)c(OC(=O)C(C)(C)C)c1,0.4306613095866383,2.2544672369703544
7484,COc1ccc(CCc2cc(OC)c(OC)c(OC)c2)cc1O,0.8493046072286234,1.91923111912768
7485,CCCC(C)(C)C(=O)Oc1ccc(C(=O)c2ccc(OC(=O)C(C)(C)CCC)cc2)cc1,0.2444532293789451,2.4488483365155496
7486,O=C(O)CCCCCCCOc1ccc(NC(=O)c2c(O)nc3ccc(-c4csc5ccccc45)cc3c2O)cc1,0.11377859374113729,2.7120417673081807
7487,COc1ccc(Sc2ccc(NC3=NCCN3)cc2)cc1,0.9097306879449248,2.2503823301095895
7488,O=C(O)CCC/C=C/C[C@H]1[C@H](/C=N/Oc2ccc(F)cc2)C2CC1(c1cccc(F)c1)CO2,0.22222852805994084,4.936209833240399
7489,O=C(O)CC1C(=O)N(Cc2ccc(Br)cc2F)C(=O)c2ccc(F)cc21,0.763488232306226,2.878482722896562
7490,c1cncc(OC2CNC2)c1,0.6635670432007111,2.2691820670664615
7491,CCN(CC)CCN(Cc1ccc(-c2ccc(C(F)(F)F)cc2)cc1)C(=O)Cn1cc(CCNS(C)(=O)=O)c(=O)nc1SCc1ccc(F)cc1,0.08251912983311506,3.0890796730989125
7492,CCN1CCCC1CNC(=O)c1cc(Cl)c(NC(=O)COc2ccc(Cl)cc2)cc1OC,0.5617241963834718,2.6643709671614495
7493,CC(=O)NC(Cc1ccccc1)C(=O)NC/C=C/C(N)=O,0.6104290593310355,2.6315450998395917
7494,OC(c1ccc(Cl)cc1Cl)C(O)(Cn1ccnc1)c1ccc(Cl)cc1Cl,0.588966967147627,3.4233916113831935
7495,C(CN1CCC(C2=NCCN2)CC1)CN1CCC(C2=NCCN2)CC1,0.747123353912746,3.069859236176643
7496,C=CCN1CCC2c3cccc(O)c3CCC21,0.7881203457014493,3.313484394497922
7497,COc1cccc2c1CCC[C@H]2CN(C)CCc1ccc2c(c1)CCS2,0.7175893576069334,3.077804625160347
7498,C1=C(Cc2ccccc2)c2ccccc2C2=NCCCN12,0.8143215243148685,2.654195268783818
7499,CCCCCc1ccc2nc(O)c(C(=O)Nc3ccc(OCCCCCCCC(=O)O)cc3)c(O)c2c1,0.1739694187054848,2.5303683731911235
7500,COc1ccc(/C=C/Cc2cc3c(cc2OC)OCO3)cc1,0.8433709975556989,2.1580142225713725
7501,CC#C[C@@]1(O)CC[C@@]2(CC)c3ccc(O)cc3CC[C@@H]2C1,0.7743931627126872,4.005951978698527
7502,CC(C)(C)C(=O)Oc1ccc(C(=O)c2ccccc2)cc1CCCO,0.49352230546051473,2.1165589284843342
7503,OC(c1ccccc1)C(O)(Cn1cncn1)c1ccccc1,0.7539324486137692,2.9969648060293643
7504,CCCCCCCN(CCCCCSc1nc(-c2ccc(OC)cc2)c(-c2ccc(OC)cc2)[nH]1)C(=O)Nc1ccc(F)cc1F,0.0827981668080456,2.759011183065116
7505,O=C1O[C@H](c2ccc(Cl)cc2Cl)[C@@](Cn2cncn2)(c2ccc(Cl)cc2Cl)O1,0.469131831331228,3.61119082042835
7506,C[C@@H]1CC[C@H]2[C@@H](C)C(=O)O[C@@H]3O[C@]4(C)CC[C@@H]1C32OO4,0.504203147729872,5.667633058131262
7507,O=C1CCC(c2ccccc2)(C2CCN(Cc3ccccc3F)CC2)C(=O)N1,0.8272851211582443,2.8282969403683467
7508,O=C(/C=C/c1ccc(O)cc1)c1ccc(Br)cc1,0.6858210703656723,1.7899167834579774
7509,O=C1C=CC(=O)C=C1,0.41668123858606587,2.3547041345107225
7510,CCCCCCCC(NC(=O)c1cc(-c2ccccc2)nc2ccccc12)c1ccccc1,0.25839561655960447,2.4460167570787785
7511,O=c1oc(Nc2ccccc2I)nc2cc(Cl)ccc12,0.6578193384321481,2.311645350047307
7512,c1ccc(CN2CCN(CCCN3CCN(Cc4ccccc4)CC3)CC2)cc1,0.6845897576914443,1.6600669871207963
7513,O=c1oc(Nc2ccccc2I)nc2cc(F)ccc12,0.6876460900762681,2.3341757144197786
7514,O=P(O)(O)C(Cc1cccc2cccnc12)N[C@H](Cc1ccc(-c2ccccc2)cc1)c1nnn[nH]1,0.22272175242533754,3.64275840720701
7515,C1=C(c2ccccc2)N2CCCN=C2c2ccccc21,0.7638547912594312,2.3880634876991316
7516,O=C(O)Cc1nn(Cc2nc3cc(C(F)(F)F)ccc3s2)c(=O)c2ccccc12,0.5452992644260987,2.4974751779314825
7517,CCN(c1nc(C)cc(-c2ccccc2C(F)(F)F)n1)c1ccc(Br)cc1Br,0.3697438096134366,2.629819732474852
7518,O=C(O)CCC/C=C/C[C@H]1[C@H](NS(=O)(=O)c2ccc(F)cc2)C2CC1(c1ccc(O)cc1)CO2,0.34625136120197997,4.718183412653959
7519,CCc1c2c(nc3ccc(OC(=O)N4CCC(N5CCCCC5)CC4)cc13)-c1cc3c(c(=O)n1C2)COC(=O)C3(O)CC,0.35595556922918214,3.6325604418224557
7520,COC(=O)C(O)C(O)(CCCC(C)C)C(=O)O[C@@H]1C(OC)=C[C@]23CCCN2CCc2cc4c(cc2[C@H]13)OCO4,0.4473126038741958,5.108581302290078
7521,O=C1CCC(c2ccccc2)(C2CCN(Cc3ccc(Br)cc3)CC2)C(=O)N1,0.7293114830256031,2.8220200172914236
7522,COC(=O)/C=C/CNC(=O)[C@@H](CCSC)NC(C)=O,0.48830188700776167,2.923838892271929
7523,CC(C)C(=O)C(O)(Cn1ccnc1)c1ccc(Cl)cc1,0.9215696069403082,3.06421522994716
7524,COc1cccc2c1CCC[C@H]2CN(C)CCc1ccc2ncccc2c1,0.6289771945130803,2.774867396924858
7525,O=C(O)CCC/C=C/C[C@H]1[C@H](COCc2ccccc2)C2CC1(c1ccccc1)CO2,0.39179948770779227,4.477872834906881
7526,O=C(O)Cn1c(=O)n(Cc2ccc(Br)cc2F)c(=O)c2ccc(Cl)cc21,0.6750113540687623,2.2526028372426428
7527,CN1CC(O)=C(C(=O)/C=C/C=C/c2ccccc2[N+](=O)[O-])C1=O,0.29446167989062466,2.958012300446361
7528,CCN(CC)CCNC(=O)c1cc(Cl)c(NC(=O)COc2ccc(Cl)c(Cl)c2)cc1OC,0.46369059190564343,2.249221532605727
7529,C=C1C(=O)c2ccccc2OC1c1ccc(OC)cc1,0.7794625174937131,2.648335465501079
7530,CC(=O)NC(Cc1ccccc1)C(=O)NC/C=C/c1ccc([N+](=O)[O-])cc1,0.5526633444349314,2.5627774133241825
7531,CC(=O)N(C)CC#CCN1CCC(CCO)CC1,0.7437033523857977,2.762308656761146
7532,Cc1cc(O)cc(C)c1-c1nc2c(=O)n(C)c(=O)n(C)c2[nH]1,0.6995056961976238,2.752620358490537
7533,CCCCCC(O)(Cn1cncn1)C(=O)c1ccc(Cl)cc1,0.5988764318816895,2.9788408201656686
7534,CC(C)CC(=O)C(O)(Cn1cncn1)c1ccc(Cl)cc1Cl,0.8759752410861785,3.2707318127215004
7535,COc1ccc2c(c1)c(-c1ccc(OC)c(OC)c1)c(C(=O)O)n2-c1ccc2c(c1)OCO2,0.45629067724484246,2.4056665773130135
7536,C1CCN(C2CCN(CCCN3CCC(N4CCCCC4)CC3)CC2)CC1,0.7051528668609175,2.1086665821429182
7537,CC(/C=C/C(=O)C1=C(O)CN(C)C1=O)=C\c1c(O)ccc2ccccc12,0.5039997680436401,2.9978275663867375
7538,CC[C@@]1(O)C(=O)OCc2c1cc1n(c2=O)Cc2cc3c(CN(C)C)cccc3nc2-1,0.5259530416595215,3.3513216091520555
7539,CC(C)c1ccc2c(=O)oc(Nc3ccccc3I)nc2c1,0.6433448862915571,2.3963809254249693
7540,O=C1O[C@H](c2ccc(Cl)cc2)[C@](Cn2cncn2)(c2ccc(Cl)cc2Cl)O1,0.5488241426510563,3.498619727114198
7542,O=c1oc(Nc2nncs2)nc2ccccc12,0.7419216419080283,2.5313945818405568
7543,COc1ccc(-c2ccc(S(=O)(=O)NC(CC#CCN3CCN(C(=O)OC(C)(C)C)CC3)C(=O)O)cc2)cc1,0.4747579107864989,3.0392683853862614
7544,CC1(C)C(O)CC[C@@]2(C)C1CC[C@]1(C)C2CCC2C3[C@H](C(=O)O)CC[C@]3(C(=O)NCCCCCCCCCCC(=O)O)CC[C@]21C,0.14997652700476086,4.791356117869848
7545,CC(C)(C)NCC(O)COc1cc(O)c(O)cc1F,0.609075853394864,2.854259091366952
7546,CCCCCc1cc(O)c2c(c1)OC(C)(C)[C@@H]1CC[C@H](C)CC21,0.7095992047100468,3.4691163475048583
7547,CN(C)CC(c1ccc(Cl)cc1)c1ccc(Cl)cc1,0.7906015341510586,1.8954202062240828
7548,COCCOCOCC#CCC(NS(=O)(=O)c1ccc(-c2ccc(OC)cc2)cc1)C(=O)O,0.2557542106032803,3.038704910362142
7549,COC(=O)CCCCCCCOc1ccc(NC(=O)C2=C(O)CN(c3ccc(Cl)cc3)C2=O)cc1,0.24042115977039014,2.4424091676844313
7550,O=S1O[C@H](c2ccccc2)[C@@](Cn2cncn2)(c2ccc(Cl)cc2Cl)O1,0.6539490565289647,3.999247938994687
7551,C=CCN1CCC2c3c(cccc3OC)CC[C@H]21,0.756729913913155,3.217640417733933
7552,CC(C)(C)C(=O)Oc1ccc(C(=O)c2ccc(OC(=O)C(C)(C)C)cc2)cc1,0.4306613095866383,2.0298632278591757
7553,O=C(O)CCCCCCCOc1ccc(NC(=O)c2c(O)nc3cccc([N+](=O)[O-])c3c2O)cc1,0.16293201305815957,2.5770809387704876
7555,OC(Cn1cncn1)(c1ccc(F)cc1)C(O)(c1ccccc1)c1ccc(F)cc1,0.5141476811475344,3.2403025678956485
7556,O=C(c1ccc(Cl)cc1)C(O)(Cn1cnnc1)c1ccc(Cl)cc1,0.7071068073256984,3.055756915633359
7557,CC1CC2C3CCC4=CC(=O)C=CC4(C)[C@@]3(Cl)C(Cl)CC2(C)[C@@]1(OC(=O)c1ccoc1)C(=O)CCl,0.34058252786514553,4.9929556143206995
7558,CCN(c1nc(C)cc(-c2ccccc2Cl)n1)c1c(Br)cc(OC)cc1OC,0.4465625006413649,2.5961229292780477
7559,CN1C(=O)C=C[C@]2(C)C3CC[C@@]4(C)C(CC[C@@]4(O)C#CCCCI)C3CCC12,0.2639346320924218,4.7840711952905615
7560,CCCCCc1cc(O)c2c(c1)OC(C)(C)[C@@H]1CC[C@H](C)[C@H](O)C21,0.7796939380507375,3.821093369434296
7561,Nc1ccn(C2OC(CO)C(O)C2O)c(=O)n1,0.44893048923148937,3.548894614600127
7562,CCN1CCC(Oc2cccnc2)C1,0.7262966235728063,2.54898703372219
7563,c1cc(NC2=NCCN2)ccc1Cc1ccc(OCC2CCOCC2)cc1,0.8232225237310303,2.3877379276499866
7564,CCCCC1=C(c2ccc(C(C)(C)C)cc2)N2CCCN=C2c2ccccc21,0.5972179172826136,2.6373908138934326
7565,C=C(C)[C@@H]1CC[C@]2(C(=O)NCCCC(=O)NCCCCCC(=O)O)CC[C@]3(C)[C@H](CCC4[C@@]5(C)CC[C@H](O)C(C)(C)[C@@H]5CC[C@]43C)[C@@H]12,0.12740742974430183,4.870161407936353
7566,CCOc1ccccc1NC(=O)C(CN(C)CC)N(C)CC,0.7601614210194079,2.7575056588753473
7567,Cc1cccc(C)c1NC(=O)C1CNCCN1,0.7081077152171298,2.7020696527599153
7568,O=c1oc(Nc2ccccc2I)nc2ccc(Cl)cc12,0.6578193384321481,2.300111746808442
7569,CCN(CC)CCN(Cc1ccc(-c2ccc(C(F)(F)F)cc2)cc1)C(=O)Cn1cc(Br)c(=O)nc1SCc1ccc(F)cc1,0.08203552821082952,2.8941159946408757
7570,O=C1CC2(CCCC2)CC(=O)N1OCCCN1CCN(c2cccc(C(F)(F)F)c2)CC1,0.48378079007860825,3.209166250339809
7571,O=C(O)CCCCCCCOc1ccc(NC(=O)C2=C(O)CN(c3ccc4ccccc4c3)C2=O)cc1,0.22430082148897207,2.485562256666139
7572,Cc1ccc(N2CC(O)=C(C(=O)Nc3ccc(OCCCCCCCC(=O)O)cc3)C2=O)cc1,0.31105354145602304,2.3953416693460916
7573,CCCCC[C@H](O)/C=C/[C@H]1C2CC(Cc3ccccc3)(CO2)[C@@H]1C/C=C/CCCC(=O)O,0.2770898204570573,4.952764307990481
7574,O=C(O)CCCCCCCOc1ccc(NC(=O)c2c(O)nc3ccc([N+](=O)[O-])cc3c2O)cc1,0.16293201305815957,2.537280310827004
7575,CCC(=O)NCCc1c2n(c3ccc(OC)cc13)CCCc1ccccc1-2,0.7339709557201267,2.3423460801812173
7576,CCCCOC1(C2=NCCN2)COc2ccccc2O1,0.8354512596660019,3.469657197471162
7577,CCCN1[C@H](C)CC2c3c(cccc3OC)CC[C@H]21,0.8221232594922918,3.5779961110042606
7578,c1ccc(-c2cncc(O[C@@H]3CCNC3)c2)cc1,0.8946500765934248,2.536459522552299
7579,O=C(O)COc1cccc2c1CCC(C/C=C/C(O)Cc1ccccc1)C2,0.697485079465101,3.1922879358285616
7580,O=C(c1ccccc1Cl)C(O)(Cn1cncn1)c1ccccc1Cl,0.7071068073256985,2.9544926622396925
7581,CC1CC2C3CCC4=CC(=O)C=CC4(C)[C@@]3(Cl)C(Cl)CC2(C)[C@@]1(OC(=O)c1ccco1)C(=O)CO,0.4491018490022087,4.85498013355147
7582,COc1ccc(CC2=C(c3ccccc3)C(=O)OC2(O)c2ccc(OC)cc2)cc1,0.6290847120842498,2.700142398827497
7583,CCCNC(=O)Nc1cccc(-c2ccc(C[C@H](NC(=O)OCC)C(=O)O)cc2)c1,0.5008708177583586,2.447808971789417
7584,CCN(CC)CCNC(=O)c1cc(Cl)c(NC(=O)COc2ccccc2Cl)cc1OC,0.5195328063754976,2.1736804477884455
7585,CCOc1cc2c(cc1/C=C\c1ccc(OC)cc1)OCO2,0.7820409567629132,2.0652298475713717
7586,COc1ccc(C2(O)OC(=O)C(c3ccc4c(c3)OCO4)=C2Cc2ccccc2)cc1C,0.6138411754535316,3.007131201275163
7587,COc1cc(C2(O)OC(=O)C(c3ccc4c(c3)OCO4)=C2Cc2ccccc2)cc(OC)c1OC,0.5145557507618492,3.0978145183240704
7588,COc1ccc(C#Cc2ccc(S(=O)(=O)NC(CC#Cc3ccccc3)C(=O)O)s2)cc1,0.54504751687139,3.103740722021974
7589,Nc1nc(N)c2nc(CSc3ccc(C(=O)NC(CCC(=O)O)C(=O)O)cc3)cnc2n1,0.2842101493004572,3.0676245367379398
7590,N#Cc1ccc(COC[C@H]2C3CC(c4ccc(F)cc4)(CO3)[C@@H]2C/C=C/CCCC(=O)O)cc1,0.35711535658081717,4.682047953470285
7591,COc1ccc(C2(O)OC(=O)C(c3ccc4c(c3)OCO4)=C2Cc2cccnc2)cc1,0.6380441498726499,3.05024369759868
7592,CSc1ccc(C2(O)OC(=O)C(c3ccc4c(c3)OCO4)=C2Cc2ccccc2)cc1,0.47192072124717216,3.0381529283679107
7593,CSCC[C@H](NC(=O)c1ccc(COCc2ccc(-c3ccncc3)o2)cc1-c1ccccc1C)C(=O)[O-].[Li+],0.274669899825062,3.3734396441275196
7594,Cc1cccc(N2CCN(CCCON3C(=O)CC4(CCCC4)CC3=O)CC2)c1,0.5433395506637795,3.1002070034295945
7595,O=C(O)CCC/C=C\C[C@H]1[C@H](CNS(=O)(=O)c2ccc(F)cc2)C2CC1(c1ccc(F)cc1)CO2,0.3485278303512558,4.6551593026006906
7596,CSCC[C@H](NC(=O)c1ccc(COCc2ccc(-c3ccc(Cl)cc3)o2)cc1-c1ccccc1C)C(=O)[O-].[Li+],0.2639038782582862,3.3027883817256214
7597,COc1ccc2cccc(CCNC(C)=O)c2c1,0.8957371308407087,1.7534552449964416
7598,OC1CCN(Cc2ccc(CN3CCC(O)CC3)cc2)CC1,0.8869039652008414,1.9644147033406032
7599,COc1ccc(-c2ccc(S(=O)(=O)NC(CC#Cc3cccc(N4CCOCC4)c3)C(=O)O)cc2)cc1,0.438963874116129,2.912879115684193
7600,c1ccc2c(c1)CC1NC2c2ccccc21,0.6999591764815885,3.688051565341242
7601,COc1ccc(C2(O)OC(=O)C(c3ccc4c(c3)OCO4)=C2Cc2ccc(Cl)cc2)cc1,0.5777875902662499,2.9579171544524208
7602,CC(=O)OCCN(CCOC(C)=O)CC(c1ccccc1)c1ccccc1,0.6019288293097342,2.203345542257601
7603,O=C(Nc1ccc(S(=O)(=O)NC(CC#Cc2ccccc2)C(=O)O)cc1)c1ccc(Cl)cc1,0.4436547778052851,2.642051312347254
7604,CO[C@H](C#Cc1ccccc1)C(NS(=O)(=O)c1ccc(-c2ccc(SC)cc2)cc1)C(=O)O,0.3748242727661857,3.268582137540978
7605,CCCNC(=O)Nc1cccc(-c2ccc(C[C@H](NC(=O)OC3CCCC3)C(=O)O)cc2)c1,0.4444218247974236,2.637921366726644
7606,COc1ccc(C2(O)OC(=O)C(c3ccc4c(c3)OCO4)=C2Cc2cccc(C(F)(F)F)c2)cc1,0.5227731008407678,3.111892658184212
7607,CC[C@@]1(O)C(=O)OCc2c1cc1n(c2=O)Cc2cc3c(CCN)c(O)ccc3nc2-1,0.43665646103837324,3.5043001805806266
7608,O=C(O)CCCCCCCOc1ccc(NC(=O)c2c(O)nc3cc(C(F)(F)F)ccc3c2O)cc1,0.24483209171563036,2.5614183402325317
7609,CN1C(=O)c2ccc(F)cc2C2(CC(=O)NC2=O)C1=O,0.5216732956130361,3.5685347577429756
7610,O=C1O[C@H](c2ccccc2)[C@@](Cn2ccnc2)(c2ccc(Cl)cc2Cl)O1,0.5900494839517344,3.4593992267678084
7611,C[C@H](O)CNC(=O)c1c(O)c2ncc(Cc3ccc(F)cc3)cc2n(CC(=O)N(C)C)c1=O,0.48785348293266123,3.09688257785594
7612,COc1ccc(C2(O)OC(=O)C(c3ccc4c(c3)OCO4)=C2Cc2ccc3c(c2)OCCO3)cc1,0.5612214736086228,3.1547809346136635
7613,COc1ccc(C2(O)OC(=O)C(c3ccc4c(c3)OCO4)=C2Cc2ccc(SC)cc2)cc1,0.425715487056922,3.0824660596373175
7614,c1cc(CN2CCC(C3=NCCN3)CC2)ccc1CN1CCC(C2=NCCN2)CC1,0.7571074293923605,2.8968986481228054
7615,CCOC(=O)c1ncc2c(c1CC)c1cc(OCc3ccccc3)ccc1n2C,0.43410713934374023,2.376942029954961
7616,Cc1cc(C)c(S(=O)(=O)N[C@@H](Cc2ccc(-c3cccc(NC(=O)NCC(F)(F)C(F)(F)F)c3)cc2)C(=O)O)c(C)c1,0.22268096026568732,3.142206691271751
7617,ClCC12NC(Cc3ccccc31)c1ccccc12,0.7707846851609649,4.105804909308484
7618,CCCNC(=O)Nc1cccc(-c2ccc(C[C@H](NS(=O)(=O)C[C@]34CCC(CC3=O)C4(C)C)C(=O)O)cc2)c1,0.3275251192790624,4.291814988481562
7619,C=C1C(=O)c2cc(C)ccc2OC1c1ccccc1,0.7181043345737452,2.7258391939310567
7620,COC(=O)CCC1=CCN(NC(=O)c2ccccc2)CC1,0.6640547114899149,2.412304389662939
7621,COc1ccc(C2(O)OC(=O)C(c3cc(OC)c(OC)c(OC)c3)=C2Cc2ccccc2)cc1,0.5043870290772476,2.910990894111606
7622,Cc1cccc2nc(NC(C)C)oc(=O)c12,0.8399829919002998,2.364049174649031
7623,COc1ccc2nc(Nc3ccccc3I)oc(=O)c2c1,0.6889590821136286,2.265966697355246
7624,c1ccc2c(c1)cc1n2CCCNC1,0.6666485483100435,2.4193124538240056
7625,CCN(CC)CCN(Cc1ccc(-c2ccc(C(F)(F)F)cc2)cc1)C(=O)Cn1c(SCc2ccc(F)cc2)nc(=O)c(C)c1C,0.08578818479695961,2.8311044085895922
7626,O=C(O)C(CC#Cc1ccccc1)NS(=O)(=O)c1ccc(-c2ccc(Oc3ccccc3)cc2)cc1,0.32159875261564486,2.70381447032349
7627,COCC#CCC(NS(=O)(=O)c1ccc(NC(=O)c2ccc(Br)cc2)cc1)C(=O)O,0.4841707849005701,2.8134899859559734
7628,CCOCCOCCN(CCCCCSc1nc(-c2ccccc2)c(-c2ccccc2)[nH]1)C(=O)Nc1ccc(F)cc1F,0.0942192808711039,2.756814330002534
7629,OC(c1ccc(F)cc1)C(O)(Cn1cncn1)c1ccc(F)cc1,0.7516621602417527,3.1281337268145277
7630,COc1ccc(/C=N/c2ccc(C(=O)c3ccc(OC)cc3OC)cc2)cc1,0.44385354336951155,2.043103506201126
7631,Cc1ccccc1N1CCN(CCCON2C(=O)c3ccccc3C2=O)CC1,0.570641703375708,2.2161750660301838
7632,CC(C)(C)c1cc(Cl)c(O)c(CCCN)c1,0.8536286368418854,2.2631451786450363
7634,COc1ccc(OC)c(/C=N/NC(=O)CC[C@@H](C)[C@H]2CC[C@H]3[C@@H]4[C@H](O)C[C@@H]5C[C@H](O)CC[C@]5(C)[C@H]4C[C@H](O)[C@]23C)c1,0.2692671893511475,4.703631191774591
7635,CCCNC(=O)Nc1cccc(-c2ccc(C[C@H](NS(=O)(=O)Cc3ccccc3)C(=O)O)cc2)c1,0.3200461593172703,2.6243905602821123
7636,NCCC12NC(Cc3ccccc31)c1ccccc12,0.8590462926250639,4.119736648902044
7637,OC(c1ccc(Cl)cc1Cl)C(O)(Cn1cncn1)c1ccc(Cl)cc1,0.6844400196393904,3.2702228635906803
7638,O=C(OCN1C(=O)CC1Sc1nc2ccccc2o1)c1ccccc1,0.5170512137867544,3.032968005726138
7639,CCCNC(=O)Nc1cccc(-c2ccc(C[C@H](NC(=O)OCC(C)C)C(=O)O)cc2)c1,0.4394561297337553,2.5746719006100225
7640,O=C1CC2(CCCC2)CC(=O)N1OCCCN1CCN(c2cccc(Cl)c2)CC1,0.5214871919824042,3.1105108495834415
7641,COc1ccc(C2(O)OC(=O)C(c3ccc(OC)c(OC)c3)=C2Cc2ccccc2)cc1,0.5666549611449712,2.7852837482265382
7642,Cc1ccc(C)n1Nc1ccc(N(CCO)CCO)nn1,0.6909160681490839,3.0029239333396003
7643,Cc1cc(C)c(S(=O)(=O)N[C@@H](Cc2ccc(-c3cccc(NC(=N)N)c3)cc2)C(=O)O)c(C)c1,0.24615964168774546,2.8366166695458475
7644,CC1=CCN(NC(=O)c2ccccc2)CC1,0.766635549796201,2.332912020498833
7645,CC(=O)OCCCC1=CCN(NC(=O)c2ccccc2)CC1,0.4975397215054992,2.460413467076867
7646,COc1ccc(C2(O)OC(=O)C(c3ccc4c(c3)OCO4)=C2CC2CCCC2)cc1,0.7491869343703943,3.081763310554101
7647,C[C@@H](c1ccccc1)N1C(=O)c2c(F)c(F)c(F)c(F)c2C1=O,0.3664431649712813,2.874576590791456
7648,c1cc(CN2CCN(Cc3ccc(CN4CCNCC4)cc3)CC2)ccc1CN1CCNCC1,0.623453571424813,1.930391828646595
7649,NCC(c1ccccc1)c1ccccc1,0.8040923145667166,1.5845128390836383
7650,COc1ccc(C2(O)OC(=O)C(c3cc(OC)c4c(c3)OCO4)=C2Cc2cc(OC)c(OC)c(OC)c2)cc1,0.4049082397154563,3.2837228609107374
7651,O=C(c1ccc(F)cc1)C(O)(Cn1cncn1)c1ccc(F)cc1,0.7296349690422858,2.8301256939139012
7652,COc1ccc(C(=O)/C(Cc2ccccc2)=C(\C(=O)[O-])c2ccc3c(c2)OCO3)cc1.C[N+](C)(C)CCO,0.2633266629454932,2.9463869102830493
7653,CCN(CC)CCCNC(=O)c1cc(Cl)c(NC(=O)COc2ccc(Cl)cc2)cc1OC,0.43640290639154705,2.16206943470363
7654,Cc1cc(C)c(S(=O)(=O)N[C@@H](Cc2ccc(-c3cccc(NC(=O)NCCSC(F)(F)F)c3)cc2)C(=O)O)c(C)c1,0.20911433467177634,3.117566071231824
7655,Nc1nc(N)c2nc(COc3ccc(C(=O)NC(CCC(=O)O)C(=O)O)cc3)cnc2n1,0.30092823908255406,2.9472594546290374
7656,CSCC[C@H](NC(=O)c1ccc(COCc2ccc(-c3cccnc3)o2)cc1-c1ccccc1C)C(=O)[O-].[Li+],0.274669899825062,3.373301182589058
7657,COc1ccc2c(n1)C(=C1CCN(C(C)=O)CC1)c1ccc(Cl)cc1CC2,0.7385755036124257,2.6462228649349235
7658,O=C(O)Cc1ccc2c(c1)CCc1cc(Cl)ccc1O2,0.912610163086222,2.1069287508570245
7659,CC[C@@H]1Cc2cc(C)n(CC(=O)NCc3ccc(N)nc3C)c(=O)c2NC1=O,0.7185220301427194,3.3532832429546495
7660,O=C(O)COc1cccc2c1CCC(CC1C=NC(C(c3ccccc3)c3ccccc3)=N1)C2,0.5022317674939616,3.6727146758810107
7661,Cc1cc(C)cc(-c2[nH]c3ccccc3c2CCNCCCCc2ccc(N)nc2)c1,0.31424127752930875,2.458974472833166
7662,CCCn1c(=O)c2nc(-c3ccccc3N)[nH]c2n(CCC)c1=O,0.699737544303038,2.6000353298223953
7663,COc1cc(CC(C)NCCCN(C)C)c(OC)cc1I,0.5053721542031056,2.8229394039021347
7664,OCCN(CCO)CC(c1ccccc1)c1ccccc1,0.7804861151803634,2.0033581223237213
7665,COc1ccc(C2(O)OC(=O)C(c3ccc4c(c3)OCO4)=C2Cc2nccc3ccccc23)cc1,0.4362880890852538,3.173355142758461
7666,NC(=O)C12NC(Cc3ccccc31)c1ccccc12,0.8076743376536686,4.115222488062884
7667,COc1ccc(C(=O)/C(Cc2ccc(OC)c(OC)c2OC)=C(\C(=O)[O-])c2cc(OC)c3c(c2)OCO3)cc1.[Na+],0.18190178122057893,3.0996351234935773
7668,C1=C(c2cnccn2)C2CC[C@H](CC1)N2,0.7521971647104027,4.538324285719904
7669,COc1ccc(CCNCC(O)COc2ccc(-c3nc(C)c[nH]3)cc2Br)cc1OC,0.3552686073827489,3.123748382913365
7670,O=C1CC2(CCCC2)CC(=O)N1OCCCN1CCN(c2ccccc2Cl)CC1,0.5214871919824042,3.102302058374651
7671,O=C(O)C(CC#Cc1ccccc1)NS(=O)(=O)c1ccc(-c2ccc3c(c2)OCO3)cc1,0.5604052298353993,2.8128636427467324
7672,O=C1CC2(CCCC2)CC(=O)N1OCCCN1CCN(C2=NS(=O)(=O)c3ccccc32)CC1,0.4737811663674702,3.452153994859989
7673,CCN(CC)CCN(Cc1ccc(-c2ccc(C(F)(F)F)cc2)cc1)C(=O)Cn1cc(CCNC(C)=O)c(=O)nc1SCc1ccc(F)cc1,0.0822066419175972,3.0092498363459246
7674,COc1ccc(C2(O)OC(=O)C(c3ccc4c(c3)OCO4)=C2Cc2ccc(S(C)(=O)=O)cc2)cc1,0.5206761776732338,3.0751905602821132
7675,O=C(N[C@@H](Cc1ccccc1)CN1CCN(c2nsnc2Cl)CC1)c1ccccn1,0.6060970608576725,2.947258921839367
7676,CC(/C=C/C(O)=C1\C(=O)CNC1=O)=C\c1ccccc1,0.38227435183784064,2.828360300885942
7677,COc1ccc(C2(O)OC(=O)C(c3ccc4c(c3)OCO4)=C2Cc2ccc(OC)c(C)c2)cc1,0.5537765021180717,3.0564738540640253
7678,O=C(O)Cc1ccc2c(c1)C(=O)Cc1ccc(Cl)cc1O2,0.9219294939124218,2.3130616126094843
7679,COc1ccc(C2(O)OC(=O)C(c3ccc4c(c3)OCO4)=C2Cc2ccc(Cl)c(Cl)c2)cc1,0.5056243770131957,3.051516293076892
7680,CCN(CC)CCNC(=O)c1cccc(NC(=O)COc2ccc(Cl)cc2)c1,0.6372118092559421,1.8920474667658755
7681,CCCCC[C@H](O)/C=C/[C@@]1(F)[C@H](C/C=C\CCCC(=O)OC)[C@H](O)C[C@@H]1O,0.27231557440307835,4.493639751350509
7682,CC(=O)OCC(=O)[C@@]1(OC(=O)c2ccoc2)C(C)CC2C3CCC4=CC(=O)C=CC4(C)[C@@]3(Cl)C(Cl)CC21C,0.3475550209043703,4.943552074631214
7683,CC(=O)N(C)CC#CCN1CCCCC1CO,0.7199587148786523,3.29242202591867
7684,CCN(CC)CCN(Cc1ccc(-c2ccc(C(F)(F)F)cc2)cc1)C(=O)Cn1cc(CCN)c(=O)nc1SCc1ccc(F)cc1,0.09183363130258,2.9409936779904875
7686,COc1cc(NC(=O)COc2ccc(Cl)cc2)c(Cl)cc1NCCN1CCCC1,0.6027116917003419,2.0698760429299377
7687,CC(N)C(c1ccccc1)c1ccccc1,0.8287853684662897,2.150373954294446
7688,O=C(O)CC/C=C\C[C@H]1[C@H](CNS(=O)(=O)c2ccc(F)cc2)C2CC1(c1ccc(-c3ccccc3)cc1)CO2,0.3059020651977483,4.61499235997257
7689,Cn1cc(C#N)cc1C(=O)NCC1CNCCO1,0.7636346510940124,3.247084107771003
7690,COc1ccc2c(c1)C(=O)c1nccc3c(O)c(OC)c(OC)c-2c13,0.618551078589463,2.5742046427700487
7691,COc1ccccc1N1CCN(CCCON2C(=O)CC3(CCCC3)CC2O)CC1,0.6883725633146268,3.7024547103859264
7692,CCC#CC[C@H](C)[C@H](O)C#C[C@@H]1C2CC(c3ccc(-c4ccccc4)cc3)(CO2)[C@H]1C/C=C/CCCC(=O)O,0.20794932412635805,5.442263458823757
7693,CCCCCC(O)/C=C/CC1CCc2c(cccc2OCC(=O)O)C1,0.49340922393214054,3.313221077489458
7694,CC[C@@]1(O)C(=O)OCc2c1cc1n(c2=O)Cc2cc3c(C)cccc3nc2-1,0.5259679022813444,3.246629842473979
7695,O=C(O)COc1cccc2c1CCC(C/C=N/OC(c1ccccc1)c1ccccc1)C2,0.36340858341227233,3.1459597396655408
7696,CC#CCC(C)[C@H](O)/C=C/[C@@H]1[C@H]2C/C(=C/CCCC(=O)O)C[C@H]2C[C@H]1O,0.3514175873049406,4.646767160252631
7697,CCCNC(=O)Nc1cccc(-c2ccc(C[C@H](NS(=O)(=O)c3c(C)cc(C)cc3C)C(=O)O)cc2)c1,0.3042928498483341,2.7624574816024037
7698,COc1ccc(Cc2ccc(OC)c(C3SC4C(=NOC4c4ccc(F)cc4)N3c3ccc(F)cc3)c2)cc1C1SC2C(=NOC2c2ccc(F)cc2)N1c1ccc(F)cc1,0.12621952923022323,5.02280667150322
7699,Cc1cc(C)cc(-c2[nH]c3ccccc3c2CCNCCCCc2ccncc2)c1,0.34000628460736687,2.341717214556372
7700,CO[C@H]1C(=O)N2C(C(=O)O)=C(CF)CS(=O)(=O)C12,0.6584705773838839,4.047517523361529
7701,CC(=O)NC(Cc1ccccc1)C(=O)NC/C=C/C(=O)O,0.6368537445983123,2.508529184720228
7702,COc1ccc(C2(O)OC(=O)C(c3ccc4c(c3)OCO4)=C2Cc2ccc(NC(C)=O)cc2)cc1,0.5253772329728877,3.017271441400994
7703,CCN(c1nc(C)cc(-c2ccccc2)n1)c1c(Br)cc(OC)cc1OC,0.5270341842699365,2.493474139975673
7704,COc1ccc2c(c1)c(-c1ccc3c(c1)OCO3)c(C(=O)O)n2-c1ccc2c(c1)OCO2,0.5103036467182144,2.5143408987234803
7705,CCCCC(O)(c1ccccc1)C(O)(Cn1cncn1)c1ccc(Cl)cc1Cl,0.5610252525729232,3.4391006548976772
7706,O=c1oc(Nc2ccccc2I)nc2cc(F)c(F)cc12,0.6652665694095561,2.4553484444217393
7707,N[C@@H](Cc1ccccc1)[C@H](O)/C=C/C(=O)O,0.634200018802152,2.962616366498633
7708,CCCNC(=O)Nc1cccc(-c2ccc(C[C@H](NS(=O)(=O)c3cccc(Cl)c3Cl)C(=O)O)cc2)c1,0.27748560799822825,2.7354727957672758
7709,CC(C)(C)NC[C@H](O)COc1nsnc1N1CCOCC1,0.790985307512128,3.1914820238156736
7710,O=C(O)C(CC#Cc1ccccc1)NS(=O)(=O)c1ccc(Oc2ccccc2)cc1,0.5682844894973311,2.6037329176110386
7711,Cc1ccc(S(=O)(=O)N[C@@H]2C3CC(c4ccc(F)cc4)(CO3)[C@H]2C/C=C\CCCC(=O)O)cc1,0.38424841990473263,4.656601201115499
7712,COc1ccc(CCNCC(O)COc2ccc(-c3nc(C)c[nH]3)cc2OC)cc1OC,0.37182853342129846,3.0461178986914588
7713,CC(=O)N1CCC(=C2c3ccc(Cl)cc3CCc3cc(-c4ccccc4)cnc32)CC1,0.4798053407176998,2.5163483189870135
7714,Cc1ccc(S(=O)(=O)N[C@@H]2C3CC(c4ccc(F)cc4)(CO3)[C@H]2CCCCOCC(=O)O)cc1,0.46735169812497485,4.597061297269344
7715,CCCCCCCN(CCCCCSc1nc(-c2ccc(O)cc2)c(-c2ccc(O)cc2)[nH]1)C(=O)Nc1ccc(F)cc1F,0.07372404426555212,2.817230853056664
7716,CC(=O)N[C@@H](CC(=O)OCc1ccccc1)C(=O)N[C@@H](Cc1ccccc1)[C@H](O)Cc1ccccc1C(=O)NC(C)(C)C,0.22641327903068692,3.4562930718412517
7717,CSCC[C@H](NC(=O)c1ccc(COCc2ccc(-c3cccc(F)c3)o2)cc1-c1ccccc1C)C(=O)[O-].[Li+],0.271153614932562,3.340491953154193
7718,Cc1cc(-n2ncc(=O)[nH]c2=O)cc(C)c1S(=O)(=O)N1CCCC1,0.8582878270517856,2.4858097270669415
7719,Cc1cc(C)c(S(=O)(=O)N[C@@H](Cc2ccc(-c3ccc(C)c(NC(=O)NC4CCCC4)c3)cc2)C(=O)O)c(C)c1,0.2687778625567015,2.9019266465013853
7720,Cc1nc(N)ccc1CNC(=O)Cn1c(C)cc2c(c1=O)NC(=O)[C@H](CC1CC1)C2,0.670497329505417,3.425124647679792
7722,O=C(O)C1CN=C(c2ccccc2O)N1,0.6449933854017066,3.111646079833166
7723,O=C(NN1CCC=C(F)C1)c1ccccc1,0.8250641418541872,2.5332839268533487
7724,Cn1c(=O)c2nc(-c3ccncc3)[nH]c2n(C)c1=O,0.6657022370958648,2.556017593742224
7725,CCCNC(=O)Nc1cccc(-c2ccc(C[C@H](NS(=O)(=O)c3ccc(Cl)cc3C(F)(F)F)C(=O)O)cc2)c1,0.2497036643723357,2.8820391618061016
7726,COc1ccc(-c2ccc(S(=O)(=O)NC(CC#CCN3CCOCC3)C(=O)O)cc2)cc1,0.581564284318945,2.8633714912527424
7727,COc1ccc(C(CN(CCO)CCO)c2ccc(OC)c(OC)c2)cc1OC,0.5599567742418247,2.3090615027178067
7728,CCN(CC)CCNC(=O)c1ccc(NC(=O)COc2ccc(Cl)cc2)c(Cl)c1,0.5866420514901175,1.9893555198118236
7729,COc1ccc(C(=O)/C(Cc2ccc(NC(C)=O)cc2)=C(\C(=O)[O-])c2ccc3c(c2)OCO3)cc1.[K+],0.25761512298851996,2.752546494078686
7730,CCn1c(=O)c2nc(-c3ccc(S(=O)(=O)N4CCOCC4)cc3)[nH]c2n(CC)c1=O,0.62981237903148,2.6230069997711567
7731,COc1ccccc1N1CCN(CCCON2C(=O)c3ccccc3C2=O)CC1,0.5301287110615823,2.224008877565181
7732,O=C(Nc1ccc(S(=O)(=O)NC(CC#CCOc2ccccc2)C(=O)O)cc1)c1ccc(Br)cc1,0.34338030528982294,2.7802520987436505
7733,C/C(CC1CCc2c(cccc2OCC(=O)O)C1)=N\OCc1ccccc1,0.5597185714745005,2.957224299029571
7734,CCOC(=O)c1cc2c3cc(OCc4ccccc4)ccc3nc-2c[nH]1,0.5432655673362774,2.2787307040385603
7735,C1CCN(CCCN2CCCCC2)CC1,0.70258602267877,1.6677257462360267
7736,OC1(c2ccccc2)CN(CCBr)CCO1,0.855959004325428,3.1639395061339126
7737,CCN(CC)CCN(Cc1ccc(-c2ccc(C(F)(F)F)cc2)cc1)C(=O)Cn1cc(SC)c(=O)nc1SCc1ccc(F)cc1,0.07883889838030625,2.9545941559062303
7738,CCC(N)C(=O)N1CCc2ccc(OC)cc2C1,0.8773339688954854,2.5179738815266575
7740,Nc1n[nH]c2cccc(-c3ccc(C(=O)N4CCN(C(=O)c5ccc(Cl)c(C(F)(F)F)c5)CC4)cc3)c12,0.38815496382800047,2.4839658795309383
7741,CCN(CC)CCN(Cc1ccc(-c2ccc(Cl)cc2)cc1)C(=O)Cn1ccc(=O)nc1SCc1ccc(F)cc1,0.1334347679593397,2.648828258131571
7742,OCCN(CCO)CCC(c1ccccc1)c1ccccc1,0.7475048438039312,2.0177764821867576
7743,CCCCCc1cc(O)c2c(c1)OC(C)(C)[C@@H]1C[C@H](O)C(C)CC21,0.7796939380507376,3.8404632995042265
7744,CC(C)C(NC(=O)Cn1c(-c2cccs2)ncc(NC=O)c1=O)C(=O)C(F)(F)F,0.6210295635295326,3.342772726168395
7745,C=C1C(=O)c2ccccc2OC1c1ccc(C)cc1,0.7181043345737452,2.6734468862387484
7746,COc1ccc(S(=O)(=O)c2csc(S(=O)(=O)NC(CC#Cc3ccccc3)C(=O)O)c2)cc1,0.45082708392617127,3.07038174173554
7747,C1=C(c2cncnc2)C2CC[C@H](CC1)N2,0.7521971647104027,4.535496593412212
7748,COC(=O)/C=C/CNC(=O)c1ccccc1,0.6100648983479453,1.909010013809871
7749,COC(=O)/C=C/CNC(=O)CCc1ccccc1,0.6114160577267232,1.9784226658109176
7750,O=C(O)Cc1ccc2c(c1)C=Cc1ccccc1O2,0.7577196990428723,2.2996055868811602
7751,CCOc1cc2c(cc1C/C=C/c1ccc(OC)cc1)OCO2,0.8052153464581024,2.202557913042721
7752,O=C(O)CCC/C=C\C[C@H]1[C@H](CNS(=O)(=O)c2ccc(Cl)cc2)C2CC1(c1ccc(-c3ccccc3)cc1)CO2,0.18970354809583287,4.611673643937349
7753,O=C(O)CCCCCCCOc1ccc(NC(=O)C2=C(O)CN(c3ccc(Br)cc3)C2=O)cc1,0.2608571491010748,2.444204169346092
7754,O=C(O)CCCCCCCOc1ccc(NC(=O)c2c(O)nc3ccc(F)cc3c2O)cc1,0.30385487375394504,2.428539308425414
7755,IC12NC(Cc3ccccc31)c1ccccc12,0.44189919764581465,4.168943902602697
7756,COc1nsnc1N1CCN(C[C@@H](Cc2ccccc2)N(C)C(=O)c2ccccc2)CC1,0.5246755952734846,2.9836181631912257
7757,CCc1cn(CC(=O)N(CCN(CC)CC)Cc2ccc(-c3ccc(C(F)(F)F)cc3)cc2)c(SCc2ccc(F)cc2)nc1=O,0.0812307060507761,2.8587809179813632
7758,O=C(O)Cc1ccc2c(c1)C(O)Cc1cc(F)ccc1O2,0.8914057867521019,2.7717393901781247
7759,CCCCCc1cc(O)c2c(c1)OC(C)(C)[C@@H]1C[C@H](O)[C@H](C)CC21,0.7796939380507376,3.8404632995042265
7760,O=C1c2ccccc2C(=O)N1OCCCN1CCN(c2cccc(C(F)(F)F)c2)CC1,0.5161473959815062,2.37382118611988
7761,O=C1c2ccccc2C(=O)N1OCCCN1CCN(c2cccc(Cl)c2)CC1,0.5516163550971664,2.2421750660301836
7762,CCN(CC)CCNC(=O)c1cc(Cl)c(NC(=O)C(C)Oc2ccc(Cl)cc2)cc1OC,0.49394577734373846,2.641718134993617
7763,CCOC(=O)C(C)(C)Oc1ccc(/C=C/[N+](=O)[O-])c(Cl)c1,0.45713465632940525,2.586479609443158
7764,Fc1ccc(Cc2ccc3ncc(-c4ccncc4)n3n2)cc1,0.5814097614677262,2.313492714150305
7765,c1cc2c(cc1-c1cnn3ccc(NC4CCNCC4)nc13)OCO2,0.7639358949988966,2.6584752361766437
7766,CC(C)c1ccc2c(c1)CC[C@H]1[C@](C)(CNC(=S)Nc3ccccc3)CCC[C@]21C,0.5314731317830323,3.5159665094185373
7767,CNc1nc2ccccc2c(=O)o1,0.7095436200345517,2.1951719745410507
7768,CC(C)C(O)(Cn1cncn1)C(O)(c1ccc(Cl)cc1)c1ccc(Cl)cc1,0.6514002506684974,3.174306571218919
7769,c1cc(CN2CCC(N3CCCCC3)CC2)ccc1CN1CCC(N2CCCCC2)CC1,0.6440409953677617,2.093800836010997
7770,COc1cc(NC(=O)COc2ccc(Cl)cc2)c(Cl)cc1C(=O)N1CCN(C(c2ccccc2)c2ccccc2)CC1,0.2342681585863812,2.35066579960516
7771,COc1ccc(C2OC(=O)C(c3ccc4c(c3)OCO4)=C2Cc2cc(OC)c(OC)c(OC)c2)cc1,0.41892517827496695,3.1210129809801215
7772,OCCN(CCO)C(Cc1ccccc1)c1ccccc1,0.781681298647117,2.470160310519246
7773,NCCn1nc2c3c(cccc31)C(=O)c1ccccc1-2,0.6028485476784298,2.282579190616902
7774,OCCN(CCO)CC(c1ccc(Cl)cc1)c1ccc(Cl)cc1,0.7636241280466021,2.152957524453125
7775,CCCCC(O)(Cn1cncn1)C(C)(O)c1ccc(Cl)cc1,0.8215909755291667,3.4035232786018756
7776,COc1ccc(C2(O)OC(=O)C(c3ccc4c(c3)OCO4)=C2Cc2ccc(O)cc2)cc1,0.5958850327318387,3.0115589604724873
7777,O=C(O)c1ccc2oc3ccc(OCCO)cc3c(=O)c2c1,0.7153948639566043,2.0755387418021414
7778,CC(/C=C/C(=O)C1=C(O)CN(C)C1=O)=C\c1ccc(F)c2ccccc12,0.517910983317437,2.9473621817713536
7779,CC(=O)NC(Cc1ccccc1)C(=O)NC/C=C/S(C)(=O)=O,0.7596003137146206,2.7867441204138093
7780,COc1cc([C@@H]2c3[nH]c4ccc5ccccc5c4c3C[C@H]3COC(=O)N32)cc(OC)c1O,0.4996688472014689,3.468444349265302
7781,CC12COC(C1)[C@H](COCc1ccccc1)[C@H]2C/C=C/CCCC(=O)O,0.49596780450761196,4.569082617386911
7782,Cc1ccc(S(=O)(=O)NC[C@@H]2C3CC(c4ccc(F)cc4)(CO3)[C@H]2C/C=C\CCCC(=O)O)cc1,0.34718383897273436,4.641680980922369
7783,CN(c1nc2ccccc2c(=O)o1)c1ccccc1I,0.6402162419182086,2.476975714419778
7784,CCN(CC)CCN(Cc1ccc(-c2ccc(C(F)(F)F)cc2)cc1)C(=O)Cn1cc(Cl)c(=O)nc1SCc1ccc(F)cc1,0.08509734234750736,2.8580676429925234
7785,CCN(CC)CCNC(=O)c1cc(Cl)c(NC(=O)C(C)(C)Oc2ccc(Cl)cc2)cc1OC,0.46424117905753703,2.3956825838596583
7786,CCOC(=O)c1cc2c3cc(OCc4ccccc4)ccc3n(C)c2cn1,0.4924420183358344,2.1507472636131695
7787,CCNCCC(c1ccccc1)c1ccccc1,0.755655867160249,1.6969594027698545
7788,COc1ccc(C(C)c2cc3c(cc2OC)OCO3)cc1,0.8604874293759542,2.5048105375053726
7789,C=C1CC[C@@H]2[C@](C)(CO)[C@H](O)CC[C@@]2(C)[C@@H]1C/C=C1/C(=O)OC[C@H]1OC(=O)CCCC,0.36051319866342696,4.627595288418519
7790,CCN(CC)CCNC(=O)c1ccc(NC(=O)COc2ccc(Cl)cc2)cc1,0.6372118092559422,1.8558757043510745
7791,Cc1ccc2c(c1)C=Cc1cc(CC(=O)O)ccc1O2,0.7648374721587406,2.3647562812213963
7792,CC[C@@]1(O)C(=O)OCc2c1cc1n(c2=O)Cc2cc3cc(C#N)ccc3nc2-1,0.5114299990752617,3.380543526974427
7793,CC(C)(C)NC(=O)c1ccccc1C[C@@H](O)[C@H](Cc1ccccc1)NC(=O)[C@H](CSc1ccc2ccccc2n1)NS(C)(=O)=O,0.16029249454081418,3.7566792793367343
7794,CN(C)CCOc1ccc(C(=O)c2c(-c3ccc(O)cc3)sc3cc(O)ccc23)cc1,0.3945461049505562,2.361737270035963
7795,COc1ccc(C2(O)OC(=O)C(c3ccc(OC)cc3OC)=C2Cc2ccccc2)cc1,0.5666549611449712,2.863887298522396
7796,COC(=O)CCC1=CCCN(NC(=O)c2ccccc2)C1,0.6640547114899149,2.4753874665860156
7797,CCC/C(CCC1CCCc2c(OCC(=O)O)cccc21)=N\OC(c1ccccc1)c1ccccc1,0.2156426271320121,3.229522158404637
7798,Cc1cc(-n2ccc(=O)[nH]c2=O)cc(Cl)c1Sc1ccc(Cl)cc1,0.7386958635094971,2.5421046754021894
7799,COc1ccc(C(=O)/C(Cc2ccc(OC)c(OC)c2OC)=C(\C(=O)[O-])c2ccc3c(c2)OCO3)cc1.[Na+],0.20522200462068113,2.947001900952758
7800,O=c1oc(Nc2ccccc2I)nc2cc3ccccc3cc12,0.3821591699924509,2.3343918969692403
7801,CCC(O)(c1ccc(F)cc1)C(O)(Cn1cncn1)c1ccc(Cl)cc1,0.6933874682535747,3.3130839981060607
7802,O=C(O)CCC/C=C/C[C@H]1[C@H](COCc2ccccc2)C2CC1(c1ccc(F)cc1)CO2,0.3709296202329775,4.533395793396111
7803,COc1ccc(C2(O)OC(=O)C(c3cc(OC)c4c(c3)OCO4)=C2Cc2cc(OC)c(OC)c(OC)c2)cc1C,0.3899501409119814,3.377565030077271
7804,COc1ccc(-c2ccc(S(=O)(=O)NC(CC#Cc3ccc(N4CCOCC4)cc3)C(=O)O)cc2)cc1,0.438963874116129,2.8755193188772274
7805,CN(C(=O)C1CCCCC1)[C@H](Cc1ccccc1)CN1CCN(c2nsnc2Cl)CC1,0.6241614040495196,3.134671389906371
7806,COc1ccc(C2(O)OC(=O)C(c3cc(OC)c4c(c3)OCO4)=C2Cc2ccccc2)cc1,0.5763885753668812,3.0551279219854957
7807,CSC(=O)Nc1cnc(-c2ccccc2)n(CC(=O)NC(C(=O)C(F)(F)F)C(C)C)c1=O,0.6437005552412426,3.233403990417264
7808,COCC#CCC(NS(=O)(=O)c1ccc(-c2ccc(Br)cc2)cc1)C(=O)O,0.6307857263480254,2.8250401096804563
7809,CC(C(=O)O)c1ccc2c(c1)C(=O)Nc1ccccc1O2,0.8868052238847827,2.6823378256409676
7810,Cc1cc(C)c(S(=O)(=O)N[C@@H](Cc2ccc(-c3cccc(NC(=O)NC4CC4)c3)cc2)C(=O)O)c(C)c1,0.3291611623190868,2.7785122327336254
7811,CC(C)(C)NC(=O)c1ccccc1C[C@@H](O)[C@H](Cc1ccccc1)NC(=O)[C@@H](N)CC(=O)OCc1ccccc1,0.25845503512496365,3.3781418647328927
7812,CC(C)(C)C(=O)C(O)(Cn1cncn1)c1ccc(Cl)cc1Cl,0.927157771477231,3.2568144333212405
7813,CN1CCC(Oc2cccnc2)C1,0.6792945451305529,2.5884055739646215
7814,CC(C)N1CCC(Oc2cccnc2)C1,0.7554428953223741,2.6148383364137935
7815,C1=C(c2ccnnc2)C2CC[C@H](CC1)N2,0.7521971647104027,4.674622747258366
7816,CCN(CC)CCNC(=O)c1cc(Cl)c(NC(=O)CSc2ccccc2)cc1OC,0.5040790377453443,2.1747509558151155
7817,CCCCCCCCCCC/C=C(C)/C=C/C(O)=C1\C(=O)CN(C)C1=O,0.16946248222226257,2.9045179510021217
7818,CC(=O)N1CCC(=C2c3ccc(Cl)cc3CCc3ccc(C)nc32)CC1,0.6829872701516945,2.594628242062413
7819,CC(=O)N(C)CC#CCN1CCC(O)C1,0.6269409500647835,3.3218590790290925
7820,CCCCC(=O)O[C@]1(C(=O)CO)C(C)CC2C3CCC4=CC(=O)C=CC4(C)[C@@]3(F)C(O)CC21C,0.5679557810972998,4.679814366362415
7821,O=C(O)Cc1ccc2c(c1)Oc1ccccc1NC2=O,0.8784127203647221,2.112131989723423
7822,COc1ccc(C2(O)OC(=O)C(c3ccc4c(c3)OCO4)=C2Cc2cccc(OC)c2)cc1,0.5763885753668812,2.987974075831648
7823,Cc1c(O)ccc2c1CCc1c(C)c(O)cc(CO)c1-2,0.7462831412895872,2.790087823363466
7824,CCCNC(=O)Nc1cccc(-c2ccc(C[C@H](NC(=O)NCc3ccccc3)C(=O)O)cc2)c1,0.29950158993092785,2.5104634414009936
7825,CC(C)[C@@H](CN1CC[C@@](C)(c2cccc(O)c2)[C@@H](C)C1)NC(=O)[C@H]1Cc2ccccc2CN1,0.6269046596810247,3.847834252394394
7826,C=CCn1c(=O)c2[nH]c(-c3ccccc3)nc2n(C)c1=O,0.7353631307361235,2.327266827733343
7827,COc1c(Cl)c(O)c(C=O)c(OC)c1Cl,0.8383503233980807,2.8557319353719635
7828,CCOc1ccc(NC2=C(Cl)C(=O)c3cccnc3C2=O)cc1,0.9309626481391269,2.260312080666141
7829,CC/C(=C(\c1ccccc1)c1cccc(OC(C)=O)c1)c1ccccc1,0.32372412179383897,2.0150202586944292
7830,O=C(/C=C/C(Br)=C/c1ccccc1)C1=C(O)CNC1=O,0.5050728491206277,3.0503042569299
7831,COc1ccc(-c2ccc(S(=O)(=O)NC(CC#CCN3CCCC3)C(=O)O)cc2)cc1,0.6103708380457793,2.7966581731231557
7832,NCC(F)(c1ccccc1)c1ccccc1,0.8366812076750869,2.201126736217896
7833,CC1CC2C3CCC4=CC(=O)C=CC4(C)[C@@]3(Cl)C(Cl)CC2(C)[C@@]1(OC(=O)c1ccoc1)C(=O)CO,0.4491018490022087,4.948469075859163
7834,CC(CN(CCO)CCO)(c1ccccc1)c1ccccc1,0.7857716746774205,2.2945805000438995
7835,CSc1ccc(-c2ccc(S(=O)(=O)NC(CC#Cc3ccccc3)C(=O)O)cc2)cc1,0.4145141958901143,2.75555869759868
7836,COc1ccc(-c2ccc(S(=O)(=O)NC(CC#Cc3ccccc3)C(=O)O)s2)cc1,0.5467770717855808,2.8389637099923917
7837,O=C(O)Cc1ccc2c(c1)Oc1ccccc1CC2=O,0.9092147449108487,2.1623157953914376
7838,O=c1oc(Nc2c(Cl)cccc2Cl)nc2cc(Cl)ccc12,0.720630457745908,2.27958912238784
7839,CCC1(O)C(=O)OCc2c1cc1n(c2=O)Cc2c-1nc1ccc(CC#N)cc1c2C,0.5174498412597962,3.5331595212399662
7840,CCN(CC)CCN(Cc1ccc(-c2ccc(C(F)(F)F)cc2)cc1)C(=O)Cn1cc(OC)c(=O)nc1SCc1ccc(F)cc1,0.08515156438914706,2.886943350897285
7841,COc1ccc(CCCc2cc3c(cc2OC)OCO3)cc1,0.8164400474817122,1.9305954725713725
7843,CC(C)C(=O)C(O)(Cn1cnnc1)c1ccc(Cl)cc1Cl,0.916246402773191,3.4854730071410014
7844,O=C(c1ccc(Cl)cc1Cl)C(O)(Cn1cnnc1)c1ccc(Cl)cc1,0.6617138149323077,3.2173485928102865
7845,Cc1ccc2c(c1)CC(=O)c1cc(C(C)C(=O)O)ccc1S2,0.9078103899901736,2.9567245365550434
7846,Cc1ccc2c(c1)CC(=O)c1cc(C(C)C(=O)O)ccc1O2,0.9171279599924049,2.7956234016244004
7847,O=C1c2ccccc2-c2nn(CCO)c3cccc1c23,0.6038071879394026,2.235745768866238
7848,BrCC12NC(Cc3ccccc31)c1ccccc12,0.7945756524694083,4.121033066057395
7849,COc1ccc(CC2=C(c3ccc(Cl)cc3)C(=O)OC2(O)c2ccc(OC)cc2)cc1,0.564452987804695,2.76007757871756
7850,CC(C)[C@H]1OC(=O)O[C@]1(Cn1cncn1)c1ccc(Cl)cc1Cl,0.7823136585221188,3.793237952585673
7851,N[C@@H](Cc1ccccc1)C(=O)CCC(=O)O,0.7502630003293962,2.267866231582376
7852,C1CCN(CCN2CCN(CCN3CCCCC3)CC2)CC1,0.7383566420966357,1.5863903747127637
7853,CCCC(=O)C(O)(Cn1cncn1)c1ccc(Cl)cc1Cl,0.8852962510297119,3.218536081271952
7854,N[C@@H](Cc1ccccc1)[C@@H](O)CCC(=O)O,0.6651879932394553,2.60568140146367
7855,O=C(O)COC/C=C\C[C@H]1[C@H](NS(=O)(=O)c2ccc(F)cc2)C2CC1(c1ccc(F)cc1)CO2,0.3898333427092048,4.774506970346268
7856,O=C(O)c1c(-c2ccc3c(c2)OCO3)c2ccccc2n1Cc1ccccc1,0.56061140656502,2.101277150666416
7857,C=C(C)[C@@H]1CC[C@]2(C(=O)NCCCCCCCCCCC(=O)O)CC[C@]3(C)[C@H](CCC4[C@@]5(C)CC[C@@H](O)C(C)(C)[C@@H]5CC[C@]43C)[C@@H]12,0.13831745758150205,4.827978649668758
7858,COc1cc(NC(=O)COc2ccc(Cl)cc2)c(Cl)cc1C(=O)O,0.8097722326337351,1.8243978389550541
7859,COc1ccc(C(CN)c2ccc(OC)c(OC)c2)cc1OC,0.8505667574680134,1.973092657589218
7860,CC(C)C(O)(Cn1cncn1)C(C)(O)c1ccc(Cl)cc1,0.8882200141160991,3.4804155601654667
7861,COc1ccccc1-c1ccc(COCc2ccc(C(=O)N[C@@H](CCSC)C(=O)[O-])c(-c3ccccc3C)c2)o1.[Li+],0.24836546516230482,3.3315635389814666
7862,CN1CCN(CCCN2CCN(C)CC2)CC1,0.6785957002846569,1.85966806030045
7863,CN1CCC(c2ccccc2)C1.O=C(O)C(=O)O,0.7346552347715412,2.3148213815266594
7864,O=C1CCN1CO,0.4377484746977914,2.7602519266050507
7865,O=C(NC(Cc1ccccc1)C(=O)CCC(=O)N1CCCC1P(=O)(O)O)c1ccccc1,0.49628778928704503,3.2081742489308533
7866,O=C(O)Cc1ccc2c(c1)C(=O)Cc1cc(Cl)ccc1O2,0.9219294939124218,2.2571114170423385
7867,COCC12NC(Cc3ccccc31)c1ccccc12,0.8858602843720118,4.06834516538556
7868,CCCCCc1cc(OC(C)=O)c2c(c1)OC(C)(C)[C@@H]1CCC(COC(C)=O)CC21,0.3298681388951323,3.636325030925379
7869,CCC(C)NC(=O)Nc1cccc(-c2ccc(C[C@H](NS(=O)(=O)c3c(C)cc(C)cc3C)C(=O)O)cc2)c1,0.28390199914064146,3.0770318166170068
7870,CC(C)CC(O)(Cn1cncn1)C(=O)c1ccc(Cl)cc1,0.8329389048745307,3.0921063730491394
7871,C[N+]1(C)CCOC(O)(c2ccccc2)C1,0.6959407274969533,3.5585273985144843
7872,CC(=O)OCC(=O)[C@@]1(OC(=O)c2ccc(C)s2)C(C)CC2C3CCC4=CC(=O)C=CC4(C)[C@@]3(Cl)C(Cl)CC21C,0.29790267075765037,4.908425697638333
7873,CSCC[C@H](NC(=O)c1ccc(COCc2ccc(-c3ccc(Cl)c(F)c3)o2)cc1-c1ccccc1C)C(=O)[O-].[Li+],0.2563421693022802,3.412805978692786
7874,Cc1ccc2c(c1)CC(=O)c1cc(CC(=O)O)ccc1O2,0.9186184989223009,2.2465062019184803
7875,COc1ccc(C2(O)OC(=O)C(c3ccc4c(c3)OCO4)=C2Cc2ccccc2)c(OC)c1,0.5763885753668812,3.041498934131244
7876,O=C(Nc1ccc(Cl)c(Cl)c1)Nc1ccc(Cl)c(Cl)c1,0.69108567990481,1.6627742569299002
7877,O=C(O)COc1cccc2c1CCC(CC(=O)NN(c1ccccc1)c1ccccc1)C2,0.5141190764723529,2.9357432252259645
7878,CCCNC(=O)Nc1cccc(-c2ccc(C[C@H](NS(C)(=O)=O)C(=O)O)cc2)c1,0.4968311939635528,2.52535606936366
7879,COc1cc([C@@H]2c3[nH]c4cc5ccccc5cc4c3C[C@H]3COC(=O)N32)cc(OC)c1O,0.4996688472014689,3.427986489733528
7880,CCCCC(=O)C(O)(Cn1ccnc1)c1ccc(Cl)cc1Cl,0.832533589697737,3.1888110434907313
7881,CC(C)(C)NC(=O)c1ccccc1C[C@@H](O)[C@H](Cc1ccccc1)NC(=O)[C@H](CSc1ccccc1)NS(C)(=O)=O,0.22353526870780618,3.5635531791668003
7882,CONC(=O)[C@H](Cc1cnc(C(C)C)[nH]1)NC(=O)[C@H](Cc1c[nH]c2ccccc12)NC(=O)[C@H](Cc1cnc(C(C)C)[nH]1)NC(=O)OC(C)(C)C,0.09171236937087428,4.2340085391019855
7883,COc1nsnc1N1CCN(C[C@@H](Cc2ccccc2)N(C)C(=O)C2CCCCC2)CC1,0.6060859650683209,3.1485556321738555
7884,OCC1CCCN(CCCN2CCCC(CO)C2)C1,0.7488558084673259,2.921594177332162
7885,O=C(O)Cc1ccc2c(c1)C(=O)Cc1ccccc1O2,0.9092147449108487,2.1800388723145154
7886,CCC[C@@H]1Cc2cc(C)n(CC(=O)NCc3ccc(N)nc3C)c(=O)c2NC1=O,0.684985768996012,3.345089915517507
7887,COc1ccc(CCNCC(O)COc2ccc(-c3nc(CO)c[nH]3)cc2)cc1OC,0.3280761177557445,3.0149658065010128
7888,CC(c1ccccc1)N1C(=O)c2c(F)c(F)c(F)c(F)c2C1=O,0.3664431649712813,2.874576590791456
7889,CC(=O)NCCc1cccc2ccc3c(c12)C(O)CO3,0.8966688071672259,2.956465829873549
7890,CCOC(=O)c1cc(Cl)c(NC(=O)COc2ccc(Cl)cc2)cc1OC,0.7082192904283485,1.8760794894636597
7891,CC(C)c1ccc(-c2nc3c(=O)n(C)c(=O)n(C)c3[nH]2)cc1,0.7831130256783447,2.4141348956482958
7892,CSc1cnc2c(c1)CCc1cc(Cl)ccc1C2=C1CCN(C(C)=O)CC1,0.6335414170186616,2.7676248629369233
7893,CC(=O)N1CCC(=C2c3ccc(Cl)cc3CCc3cc(Cl)cnc32)CC1,0.6422428072418265,2.6112342711684438
7894,O=C(O)[C@H]1CSC(Cc2ccccc2O)=N1,0.836100109728477,3.255746930883075
7895,Cc1cccc(N2CCN(CCCc3cc(Cl)ccc3OCCc3ccccc3)CC2)n1.O=C(O)C(=O)O,0.3809899776595887,2.3969555211643225
7896,O=C(Cc1ccccc1)Nc1onc(-c2ccc(F)cc2)c1-c1ccncc1,0.5493971192491848,2.167015987439397
7897,COc1ccc(CCNCC(O)COc2ccc(-c3nc(Br)c[nH]3)cc2Cl)cc1OC,0.3369523774506045,3.1291562500462327
7898,CCOCc1c[nH]c(-c2ccc(OCC(O)CNCCc3ccc(OC)c(OC)c3)cc2)n1,0.32122200004906687,3.0788558572081666
7899,COc1cc(CC(C)N(C)C(C)C)c(OC)cc1I,0.7078333391674942,2.9875477067515686
7900,CC(=O)N(C)CC#CCN1CCC(C(=O)O)CC1,0.7321844040488905,2.62592217638438
7901,CCCCCC[C@@H]1[C@H](O)[C@@H](O)[C@@H](CCCCCC)N(Cc2cccc(C(=O)Nc3nc4ccccc4[nH]3)c2)C(=O)N1Cc1cccc(C(=O)Nc2nc3ccccc3[nH]2)c1,0.04696191678518153,4.40597329688679
7902,COc1ccc(CCNCC(O)COc2ccc(CCc3nc(Br)c[nH]3)cc2)cc1OC,0.3088785066728974,3.0956788601380385
7903,CC(C)C(NC(=O)Cn1c(-c2cccs2)ncc(N)c1=O)B1OC(C)(C)C(C)(C)O1,0.6786932118001492,3.7419736848541305
7904,CCN(CC)CCNC(=O)c1cc(Cl)ccc1NC(=O)COc1ccc(Cl)cc1,0.5866420514901175,2.00653842579473
7905,O=C1C(Cl)=C(Nc2ccc(CCO)cc2)C(=O)c2cnccc21,0.9013792743749979,2.3925748025596327
7906,O=C1C(Cl)=C(Nc2ccccc2)C(=O)c2cnccc21,0.9207568765056888,2.230212961383341
7907,O=C1C(Cl)=C(Nc2ccc(Cl)cc2)C(=O)c2ncccc21,0.9172470983243884,2.260824063717699
7908,Nc1nc(O)c2cc(CNc3ccc(C(=O)NC(CCC(=O)O)C(=O)O)cc3)cnc2n1,0.2767405796107647,2.9905014598148636
7909,O=c1cnn(-c2ccc(S(=O)(=O)N3CCOCC3)c(Cl)c2)c(=O)[nH]1,0.7833082844667901,2.461869313748915
7910,CCCN(CCC)CCc1cc(Br)ccc1OCCCc1ccccc1.O=C(O)C(=O)O,0.2997554625374759,2.2800119172211115
7911,CN(C)C(=O)Cn1c(=O)c(C(=O)NCCN2CCOCC2)c(O)c2ncc(Cc3ccc(F)cc3)cc21,0.46317536886004845,2.717497240477684
7912,COc1ccc(CC2=C(c3ccc(OC)cc3)C(=O)OC2(O)c2ccc(OC)cc2)cc1,0.5666549611449712,2.7561581353778486
7913,Oc1ncnc2c1ncn2C1CCCc2ccccc21,0.7345127591899738,2.9582905742638594
7914,Cn1cc(NC(=O)c2cc(NC(=O)c3cc(NC=O)cn3C)cn2C)cc1C(=O)NCCC(=N)N,0.14222355072111878,3.071144351250865
7915,Cc1cc(C)cc(-c2[nH]c3ccccc3c2CCNCCCCCc2cccnc2)c1,0.29678782217424365,2.360060930990393
7916,O=c1c2sc3ccccc3c2nnn1-c1ccc(F)c(Cl)c1,0.5329419150460804,2.3534024780658775
7917,CN1CCNC(=O)C1CC(=O)N1CCCCCCC1,0.7969126770595909,2.7368750913669526
7918,O=C1N[C@H](c2cncc(C#Cc3ccccc3)c2)[C@@H](c2ccc(F)cc2)O1,0.700612386200983,3.2864847001158797
7919,COc1cc(NCc2cc3ccccc3[nH]c2=O)ccc1-n1cnnn1,0.5732813335395458,2.3442722020142686
7920,Cc1ccc(-n2nnc3c(sc4ccccc43)c2=O)cc1,0.5407639148728131,2.184481703660417
7921,Cc1nc(N)ccc1CNC(=O)Cn1c(C)cc2c(c1=O)NC(=O)[C@](C)(CC(C)C)C2,0.656108582756087,3.5618919393569213
7922,CCCN(CCC)CCc1ccc(OC)c(OCCCc2ccccc2)c1.O=C(O)C(=O)O,0.33558046419396736,2.204662347173267
7923,Cc1nccn1N[C@H]1c2cc(S(=O)(=O)N3CCCCC3)ccc2OC(C)(C)[C@@H]1O,0.7870626573264076,3.6759781118168267
7924,Cc1cc(=O)oc2cc(OS(N)(=O)=O)ccc12,0.7953728299981385,2.2664271169576136
7925,O=C(NN1CCC=CC1=O)c1ccccc1,0.8049439377731487,2.491173558960371
7926,Cn1c(=O)c2nc(-c3ccc(I)cc3)[nH]c2n(C)c1=O,0.6440161834310951,2.5676707604264024
7927,O=S(=O)(Cc1ccccc1)c1nc[nH]n1,0.8337918054603524,2.720314156371
7928,CC(=O)SCC(C(=O)NCC(=O)OCc1ccccc1)C(C)c1ccccc1,0.6531107651500415,2.9814642381498686
7929,[O-][S+](Cc1ccccc1)c1nc(O)n[nH]1,0.75420464223807,4.037369642317193
7930,COc1ccc(C2(O)OC(=O)C(c3ccc4c(c3)OCO4)=C2Cc2ccc([N+](=O)[O-])cc2)cc1,0.33526592807460776,3.064638802517634
7931,COCC(O)Cc1cc(-c2ccnc3[nH]nc(C(F)(F)F)c23)cc(C2(C#N)CC2)c1,0.6382899662790704,3.6715711722395703
7932,CCCCCCCN(CCCCCSc1nc(-c2ccc(OC)cc2)c(-c2ccc(OC)cc2)[nH]1)C(=O)NC(C)C,0.11662233219256808,2.655215240380091
7934,CNCC(c1ccccc1)c1ccccc1,0.8193145221204717,1.6421779352501336
7935,O=C(O)[C@@H]1CCCN1C(=O)CCS,0.6519884205040332,2.738027216532581
7936,CCCCCCCN(CCCCCSc1nc(C(C)C)c(C(C)C)[nH]1)C(=O)Nc1ccc(F)cc1F,0.1711559736733148,2.869462032540225
7937,CC(c1cn2ncsc2n1)n1cc2[nH]cccc-2c1=O,0.6122003105630532,4.047372712464642
7938,CSC(=S)N/N=C(\C)c1ccncn1,0.46958867834159096,2.9949906448637353
7939,CC1CCN(C(=S)NC(=O)c2ccccc2I)CC1,0.5931500729134219,2.181217884017986
7940,COc1ccc(CCNCC(O)COc2ccc(-c3nc(C)c(C)[nH]3)cc2)cc1OC,0.4087603007394071,2.7626170892070707
7941,C=CCn1c(=O)c2[nH]c(-c3ccc(C)cc3N)nc2n(C)c1=O,0.5600004566173713,2.637546366380427
7942,COc1ccc(-n2nnc3c(sc4ccccc43)c2=O)cc1,0.5709797971183281,2.1718409052636805
7943,CC(O)C1=CCN(NC(=O)c2ccccc2)CC1,0.7914268434075231,3.0414307141058448
7944,C[C@H](CCC(=O)N/N=C/c1ccc[nH]1)[C@H]1CC[C@H]2[C@@H]3[C@H](O)C[C@@H]4C[C@H](O)CC[C@]4(C)[C@H]3C[C@H](O)[C@]12C,0.3018344475942423,4.918384455475931
7945,COc1ccc(C2(O)OC(=O)C(c3ccc4c(c3)OCO4)=C2CC2CCCCCC2)cc1,0.5286532796192626,3.0955337959455687
7946,CC[C@H](C)[C@H](NC(=O)[C@@H](NC(=O)[C@H](CCCCN)NC(=O)[C@@H](N)CO)C(C)C)C(=O)N[C@@H](CC(C)C)C(=O)N1CCC[C@H]1C(=O)O,0.0758619987518769,4.215478162646532
7947,CCN(CC)CCN(Cc1ccc(-c2ccc(C(F)(F)F)cc2)cc1)C(=O)Cn1cc(Cc2cnn(C)c2)c(=O)nc1SCc1ccc(F)cc1,0.06558239255274836,3.1170004071184145
7948,O=C(O)CCC/C=C/C[C@@H]1[C@@H](COCc2ccccc2)C2CC1(C#Cc1ccccc1)CO2,0.29961700102759464,4.721294446120735
7949,CCS(=O)(=O)Nc1ccc(CCCCNCCc2c(-c3cc(C)cc(C)c3)[nH]c3ccccc23)cc1,0.19674996387332142,2.5045312692840636
7950,CC(=O)N(C)CC#CCN1CCC(CO)CC1,0.7130033404064784,2.753782784786546
7951,CN1CC(O)=C(C(=O)/C=C/C(Cl)=C/c2ccccc2)C1=O,0.5283882291825839,2.961598262341983
7952,CCN(CC)C(C)Cc1cc(OC)c(I)cc1OC,0.6784295883275282,2.8632931909144634
7953,Cc1cc(C)cc(-c2[nH]c3ccccc3c2CCNCCCc2cccnc2)c1,0.38821332924061325,2.317289717901314
7954,O=S(=O)(CCc1ccccc1)NNc1ccccc1,0.7950401523556835,1.974281391076964
7955,CSc1cccc(N2CCN(CCCON3C(=O)CC4(CCCC4)CC3=O)CC2)c1,0.3738138484487548,3.245093814532881
7956,CSCC[C@H](NC=O)C(=O)N(C)[C@@H](CC(C)C)C(=O)OCC1OC(n2cc(F)c(=O)[nH]c2=O)CC1O,0.22701248254384673,4.413501822524241
7957,CCCNC(=O)Nc1cccc(-c2ccc(C[C@H](NS(=O)(=O)c3cc(OC)ccc3OC)C(=O)O)cc2)c1,0.2725036953994917,2.721690997167576
7958,COC(=O)/C=C/CNC(=O)[C@H](Cc1ccccc1)NC(C)=O,0.5698864944393198,2.554986327223393
7959,CC/C(=C(\Cc1ccccc1)c1ccccc1)c1ccc(OCN2CCCC2)cc1,0.39301025093283753,2.266860031009582
7960,CC(C)[C@@H](CN1CC[C@@](C)(c2cccc(O)c2)[C@@H](C)C1)NC(=O)CCc1ccc(O)cc1,0.5685480491995416,3.4641888003971424
7961,Cn1c(=O)c2nc([N+](=O)[O-])[nH]c2n(C)c1=O,0.48646183179371566,3.0831935302933875
7962,Cc1cc(C)cc(-c2[nH]c3ccccc3c2CCNCCCCc2ccc(NS(=O)(=O)c3ccccc3)cc2)c1,0.1414140181899187,2.4580836766645433
7963,CCCn1c(=O)c2nc(-c3ccc(S(=O)(=O)NCCN(C)C)cc3)[nH]c2n(CCC)c1=O,0.46707304054517373,2.7002064976406928
7964,CSCC[C@H](NC(=O)c1ccc(COCc2ccc(-c3ccc(SC)cc3)o2)cc1-c1ccccc1C)C(=O)[O-].[Li+],0.19182912464195578,3.41038427476742
7965,CC(=O)N(C)CC#CCN1CCN(CCO)CC1,0.6582590523640347,2.6551089644534525
7966,O=C(O)C(CC#CCN1CCOCC1)NS(=O)(=O)c1ccc(-c2ccccc2)cc1,0.6533484156046299,2.8135890893462783
7967,Cc1nc(NC(=O)Cc2ccccc2)c(C)c(C)c1O,0.9010870639923483,2.126985445741088
7968,C/C(=C/N(O)Cc1ccccc1)C(=O)c1ccc(F)cc1,0.5157890531813504,2.302134885099706
7969,Cc1ccc2c(c1)C=Cc1cc(C(C)C(=O)O)ccc1S2,0.7364862748381642,3.1124674214688692
7970,O=C1c2cccc3c2c(cc2occc23)C(=O)N1CCNCCCNCCN1C(=O)c2cccc3c2c(cc2occc23)C1=O,0.16728711481315814,3.09116866864008
7971,O=C(O)Cc1ccc2c(c1)C(O)Cc1ccc(Cl)cc1O2,0.8926426097830082,2.8079576431116333
7972,COc1ccc(CC2=C(c3ccc4c(c3)OCO4)C(=O)OC2(O)c2ccc(OC)cc2)cc1,0.5763885753668813,2.950430594050273
7973,CC(=O)NC(Cc1ccccc1)C(=O)NC/C=C/C#N,0.7550696419944375,2.7042908443327747
7974,Cn1c(=O)c2nc(-c3ccc(C(=O)O)cc3)[nH]c2n(C)c1=O,0.7081795198275407,2.3738172033406038
7975,CCn1c(=O)c2nc(-c3ccc(S(=O)(=O)N4CCN(C)CC4)cc3)[nH]c2n(CC)c1=O,0.6117004158698984,2.631406923638176
7976,CC(C)(C)NC(=O)c1ccccc1C[C@@H](O)[C@H](Cc1ccccc1)NC(=O)[C@H](CSc1ccc2ccccc2c1)NS(C)(=O)=O,0.1559831938412497,3.6906891694466237
7977,COc1ccc(CCNCC(O)COc2ccc(-c3nc(Br)c[nH]3)cc2)cc1OC,0.36785970207165164,3.019114312959875
7978,CCn1c(=O)c2nc(-c3ccc(S(=O)(=O)O)cc3)[nH]c2n(CC)c1=O,0.6605371315425518,2.604221824411937
7979,CC(=O)N(C)CC#CCN1CCN(C(C)=O)CC1,0.6291582410620595,2.611841485646547
7980,CCCCOc1ccc(-c2nc3c(=O)n(C)c(=O)n(C)c3[nH]2)cc1,0.7242272605093552,2.367287683438928
7981,Cc1ccc(NC2=C(Cl)C(=O)c3ccncc3C2=O)cc1,0.9236317693594935,2.2669257586329508
7982,CSc1ccc(-c2nc3c(=O)n(C)c(=O)n(C)c3[nH]2)cc1,0.7252965659731513,2.5370489254719573
7983,CC(=O)N(C)CC#CCN1CCC[C@@H]1CO,0.6822260543823285,3.360406441372586
7984,O=C(O)C1CSC(c2ncccc2O)=N1,0.7735253197799234,3.4551295963166826
7985,O=C(O)C[C@H]1CSC(c2ccccc2O)=N1,0.8395364244997748,3.1793469308830744
7986,CC(C)[C@@H](CN1CC[C@@](C)(c2cccc(O)c2)[C@@H](C)C1)NC(=O)CCc1ccccc1,0.6445348064191062,3.3494201902687006
7987,O=C(O)[C@H]1CSC(c2cccc(O)c2O)=N1,0.6708587531076805,3.346242455358599
7988,COc1ccc(SC[C@H](NS(C)(=O)=O)C(=O)N[C@@H](Cc2ccccc2)[C@H](O)Cc2ccccc2C(=O)NC(C)(C)C)cc1,0.20096435953200778,3.618734025299557
7989,Cn1c(=O)c2nc(-c3ccc(Cl)c(Cl)c3)[nH]c2n(C)c1=O,0.742991178633485,2.4926088026184043
7990,Clc1ccc(OCCc2ccccc2)c(CCN2CCOCC2)c1.O=C(O)C(=O)O,0.6450974814104828,2.1232119448261013
7991,CC(=O)c1cc2ccccc2oc1=S,0.5266925205981504,2.3334356152779367
7992,Cc1nc(NC(=O)CCc2ccccc2)c(C)c(C)c1O,0.9053075500541514,2.126422135021029
7993,NCC12NC(Cc3ccccc31)c1ccccc12,0.7953707746364264,4.069708247479747
7994,CC(=O)N(C)CC#CCN1CCNCC1,0.6153329960254189,2.8849463056171043
7995,COc1nc(C(Cl)(Cl)Cl)c(Cl)c(O)c1Cl,0.7991257450803303,3.208172794917277
7996,COCCCC1=CCCN(NC(=O)c2ccccc2)C1,0.6394984757394114,2.4717725593171664
7997,CN1C(=O)c2c(F)c(F)c(F)c(F)c2C1=O,0.29428817665955004,2.637795004429007
7998,CCCC(=O)N[C@@H](CC(=O)OCc1ccccc1)C(=O)N[C@@H](Cc1ccccc1)[C@H](O)Cc1ccccc1C(=O)NC(C)(C)C,0.18890580704724558,3.521332026589482
7999,CC(C)(C)NC(=O)c1ccccc1C[C@@H](O)[C@H](Cc1ccccc1)NC(=O)[C@H](CS(=O)(=O)c1cccc2ccccc12)NS(C)(=O)=O,0.16868737829839606,3.7770895508673963
8000,CC(C)C(NC(=O)Cn1c(-c2ccc(F)cc2)ncc(NC(=O)OCc2ccncc2)c1=O)C(=O)C(F)(F)F,0.3908676809554405,3.2097439784847515
8001,Cn1c(=O)c2nc(-c3ccccc3C(=O)O)[nH]c2n(C)c1=O,0.7081795198275407,2.4447925879559875
8002,CC(=O)N(C)CC#CCN1CCC[C@H]1CO,0.6822260543823285,3.360406441372586
8003,CC(c1ccccc1)C(CS)C(=O)NC(COCc1ccccc1)C(=O)O,0.5477102111618982,3.1415007271585207
8004,CNC(=O)Cn1c(=O)c(C(=O)NCCOC)c(O)c2ncc(Cc3ccc(F)cc3)cc21,0.44676706318542864,2.5688554329750204
8005,Cc1cc(-n2ccc(=O)[nH]c2=O)cc(Cl)c1S(=O)(=O)c1ccc(Cl)cc1,0.7178836062548567,2.45290207884611
8006,CC(=O)N(C)CC#CCN1CCC(OS(=O)(=O)c2ccc(C)cc2)C1,0.581199216135596,3.2101315646210846
8007,Clc1ccc(OCCc2ccccc2)c(CCN2CCCC2)c1.O=C(O)C(=O)O,0.6643405667111575,2.0442102206665247
8008,O=c1cnn(-c2ccc(S(=O)(=O)Nc3cccc(Cl)c3)c(Cl)c2)c(=O)[nH]1,0.6796013374510192,2.3596929510021223
8009,CC(C)C(N)C(=O)O,0.5369765717084767,2.527042170465048
8010,COCCOCc1ccc2ccccc2c1/C=C(C)/C=C/C(O)=C1\C(=O)CN(C)C1=O,0.230598106731045,3.0830708123557136
8011,Nc1nc(N)c2nc(CCOc3ccc(C(=O)NC(CCC(=O)O)C(=O)O)cc3)cnc2n1,0.2778654186242556,2.9929170260164746
8012,O=C(O)C(CC#Cc1ccccc1)NS(=O)(=O)c1ccc(-c2ccc(-c3ccccc3)cc2)cc1,0.35582332887542945,2.65101987552133
8013,CC(C(c1ccccc1)c1ccccc1)N(CCO)CCO,0.7869097755294517,2.6719539006335875
8014,Cc1ccc(C2CCCCN2)o1,0.6908866373203143,2.899952764195328
8017,O=C1c2c(Cl)c(Cl)c(Cl)c(Cl)c2C(=O)N1CCCc1ccccc1,0.38269702855507454,2.2702251116823273
8018,C=C(C)[C@@H]1CC[C@]2(C(=O)NCCCCCCCCC(=O)O)CC[C@]3(C)[C@H](CCC4[C@@]5(C)CC[C@H](O)C(C)(C)[C@@H]5CC[C@]43C)[C@@H]12,0.1607921998156323,4.801321623915106
8019,Cc1ccc(C2C=CCCC2)c(O)c1O,0.5443282684747702,3.2348603655474504
8020,O=C1/C(=N/c2ccc(O)cc2)C(Cl)=C(O)c2cccnc21,0.8467730216165575,2.744988861631647
8021,Cn1c(=O)c2nc(-c3cccc(F)c3)[nH]c2n(C)c1=O,0.7119339682320683,2.4466805506361933
8022,COc1nsnc1N1CCN(C[C@@H](Cc2ccccc2)N(C)C(=O)N2CCOCC2)CC1,0.6222014539882137,3.23624496219867
8023,NCC(c1ccc(Cl)cc1)c1ccc(Cl)cc1,0.8893665446646394,1.7836704279944033
8024,COCCOCCN(CCCCCSc1nc(-c2ccc(N(C)C)cc2)c(-c2ccc(N(C)C)cc2)[nH]1)C(=O)NC(C)C,0.13064498717677742,2.93998994653146
8025,Cc1cc(C)cc(-n2ccc(=O)[nH]c2=O)c1,0.776816263406528,2.2132016222014794
8026,CCCCC[C@H](O)/C=C/[C@H]1[C@H](O)CC(=O)[C@@H]1CCCCCCC(=O)O,0.34761269542578893,3.6722250883342076
8027,Cn1c(=O)c2nc(-c3ccccc3[N+](=O)[O-])[nH]c2n(C)c1=O,0.5473742906090238,2.5643472033406027
8028,O=C(O)CCC/C=C/C[C@@H]1[C@@H](COCc2ccccc2)C2CC1(c1ccccc1)CO2,0.39179948770779227,4.477872834906881
8029,CCCCOc1nc(C(Cl)(Cl)Cl)c(Cl)c(OCCCC)c1Cl,0.3592003845770404,2.8443241394553365
8030,COC(=O)[C@H](Cc1ccc(OC(C)=O)c(OC(C)=O)c1)NC(=O)N[C@@H](Cc1ccc(OC(C)=O)c(OC(C)=O)c1)C(=O)OC,0.2574039470605071,3.386809784375357
8031,Cn1c(C(=O)NCCC#N)ccc1[N+](=O)[O-],0.4569041106821829,2.677740961931516
8032,C=C(C)[C@@H]1CC[C@]2(C(=O)NCCCCCCCC(=O)NCCC(=O)O)CC[C@]3(C)[C@H](CCC4[C@@]5(C)CC[C@H](O)C(C)(C)[C@@H]5CC[C@]43C)[C@@H]12,0.11711153748271397,4.885566619742281
8033,CCCN(CCC)CC1COc2cccc(OC)c2C1,0.7625007526141905,2.8574828339221323
8034,CC(C)NCC(O)COc1ccc(-c2nc(C(C)C)c[nH]2)cc1,0.6999401111102468,3.096829622739347
8035,C[C@]1(N2C(=O)c3c(F)c(F)c(F)c(F)c3C2=O)CCC(=O)NC1=O,0.35704391118430795,3.538456754030256
8036,COc1cc(-n2nnc3c(sc4ccccc43)c2=O)cc(OC)c1OC,0.5504027532055865,2.414151111085282
8037,O=C(O)CCCSc1nnc(-c2cc(C3CC3)ccc2Cl)o1,0.6012107655518749,2.354279684730182
8038,Cn1nc(-c2ccccc2)cc1C1COC2(CCCCCC2)O1,0.8325319557603754,3.5144812089301976
8039,COC(=O)C1Cc2c([nH]c3ccc(O)cc23)CN1,0.6577133145354128,3.121333881526658
8040,COCC/C=C(\NC(=O)C1CC1(C)C)C(=O)O,0.5401020973494027,3.3247165059067676
8041,O=C(O)COc1cccc2c1CCCC2CCCCOC(c1ccccc1)c1ccccc1,0.34094575943528665,2.8136892392357975
8042,CN(c1ccc(N2CCOCC2)nn1)n1cccc1,0.823105918950326,2.804973119348693
8043,CCN1CCCN(CC)C1=O,0.5880733185030095,2.3434649516818453
8044,COc1ccc(C2(O)OC(=O)C(c3ccc4c(c3)OCO4)=C2Cc2ccc(N(C)C)cc2)cc1,0.5606465326475367,3.0654381681005045
8045,CN(C)CC1C(=O)c2ccccc2OC1c1ccccc1,0.8651081099974327,2.926718434659394
8046,NS(=O)(=O)Oc1ccc2c(c1)CCCC2=O,0.8287931479783641,2.298622950872808
8047,NS(=O)(=O)Oc1ccc2c(c1)CCC=C2,0.8225242234160315,2.685347404518202
8048,CC(C)c1ccc2c(c1)/C(=N/NC(=S)NCCc1ccccc1)C(=O)N2,0.5617092553090054,2.4781989281331
8049,CC(=O)Nc1cccc(-c2ccc3ncc(-c4ccc(CO)cc4)n3n2)c1,0.5849873620780001,2.206524186690091
8050,CC(C)C[C@H](NC(=O)[C@H](Cc1ccccc1)NC(=O)[C@H](CC1CCCC2CCCCC21)NC(=O)[C@H](Cc1ccccc1)N=[N+]=[N-])C(=O)[C@@]1(C)CO1,0.07961286326893809,4.7030438817267095
8051,O=C(/C=C/C=C/c1ccccc1)C1=C(O)CNC1=O,0.48925829197591636,2.8254694563450293
8052,CNC(C)Cc1cc(OC)c(I)cc1OC,0.8388906919418102,2.7838697931371
8053,CSCC[C@H](NC(=O)c1ccc(COCc2ccc(-c3ccccc3F)o2)cc1-c1ccccc1C)C(=O)[O-].[Li+],0.271153614932562,3.33220156853881
8054,NS(=O)(=O)c1ccc(NS(=O)(=O)c2ccc(-n3ncc(=O)[nH]c3=O)cc2)cc1,0.4893746031683106,2.2874708813259996
8055,CSCC[C@H](NC(=O)c1ccc(COCc2ccc(-c3ccc(C)cc3)o2)cc1-c1ccccc1C)C(=O)[O-].[Li+],0.27335528428884925,3.2940665410662806
8056,C=C1C(=O)c2ccccc2OC1c1ccc(Cl)cc1Cl,0.7028543613338708,2.8278702399371696
8057,CC(=O)N(C)CC#CCN1CCC[C@@H]1CF,0.6675937701896933,3.5925749728411187
8058,Cc1nc(NC(=O)CCCCl)c(C)c(C)c1O,0.8144740299392136,2.545641966455941
8059,Cc1nc(NC(=O)CC(C)C)c(C)c(C)c1O,0.8477788587931793,2.465385812609787
8060,COc1cc(CC(C)NCC#N)c(OC)cc1I,0.6252182498064007,3.056971872107506
8061,COc1ccc(CCNCC(O)COc2ccc(-c3nc(C(C)(C)C)c[nH]3)cc2)cc1OC,0.3809801024441944,3.068950567930381
8062,CC(C)C(NC(=O)Cn1c(-c2ccc(F)cc2)ncc(NC(=O)OCc2ccccc2)c1=O)C(=O)C(F)(F)F,0.3893867919601096,3.0794853156522564
8063,Cc1nc(NC(=O)c2ccccc2)c(C)c(C)c1O,0.8679253730746915,2.060780008613275
8064,C=C1C(=O)c2ccccc2OC1(C)C,0.5848092443730023,2.5775745128176446
8065,CC(C)C(NC(=O)Cn1c(-c2cccnc2)ncc(NC(=O)OCc2ccccc2)c1=O)C(=O)C(F)(F)F,0.4329290891572892,3.141324752091898
8066,Cn1c(=O)c2nc(-c3cccc(N)c3)[nH]c2n(C)c1=O,0.617920734593333,2.5430674037830467
8067,CC/C(=C(\Cc1ccccc1)c1ccccc1)c1ccc(OCN(CC)CC)cc1,0.2706753510328806,2.368239019475592
8068,NS(=O)(=O)Oc1ccc2c(c1)CCC2=O,0.7917200825600947,2.3496858392541977
8069,Cn1c(=O)c2nc(-c3cccc(O)c3)[nH]c2n(C)c1=O,0.6674378369259967,2.5256111800068233
8070,COc1ccnc2c1CCc1cc(Cl)ccc1C2=C1CCN(C(C)=O)CC1,0.7385755036124255,2.652455432367491
8071,CCN(CC)CCNC(=O)c1cc(Cl)ccc1NC(=O)COc1ccc(F)cc1,0.6149270196832777,2.010952101008405
8072,CC(=O)NCCC1CCCc2cc3c(cc21)OCCO3,0.9211715859666063,2.8500623676370562
8073,COc1ccc(CCNCC(O)COc2ccc(COCc3ncc[nH]3)cc2)cc1OC,0.33100772084070573,2.860330818278074
8074,CC(=O)N(C)CC#CCN1CCCC1,0.5998016758137592,2.6677421241536763
8075,COc1ccc(C2(OC)OC(=O)C(c3ccc4c(c3)OCO4)=C2Cc2cc(OC)c(OC)c(OC)c2)cc1,0.37830779326657954,3.2696121147292594
8076,Cc1ccc(/C=C(\C#N)c2nc3ccccc3[nH]2)cc1,0.7086480436563589,2.127707572579766
8077,C=CCN1CC[C@@H]2Cc3c(cccc3OC)C[C@H]21,0.7567965866350786,3.2140510686215062
8078,COc1ccc(C2(O)OC(=O)C(c3ccc4c(c3)OCO4)=C2Cc2cc(OC)c3c(c2)OCO3)cc1,0.5198537848996273,3.268476600501005
8079,CC/C(=C(\Cc1ccccc1)c1ccccc1)c1ccc(OCN(C)C)cc1,0.34781771287111607,2.300440023295142
8081,CCCCCCCN(CCCCCSc1nc(-c2ccc(N(C)C)cc2)c(-c2ccc(N(C)C)cc2)[nH]1)C(=O)CC1CCCCC1,0.10388743243161354,2.937021322925256
8082,CN(C)CC1(C)C(=O)c2ccccc2OC1c1ccccc1,0.8666956702011834,3.199773134193137
8083,CCCCCCCN(CCCCCSc1nc(-c2ccccn2)c(-c2ccccn2)[nH]1)C(=O)Nc1ccc(F)cc1F,0.1005201428770648,2.863550402483652
8084,CC(C)NCC(O)COc1ccc(Cc2nc(Br)c[nH]2)cc1,0.66976841380042,3.1705028549051235
8085,CCc1ccc(-c2nc3c(=O)n(C)c(=O)n(C)c3[nH]2)cc1,0.7679665949257742,2.372377572686812
8086,C=C1C(=O)c2ccc(OC)cc2OC1c1ccc(Cl)cc1,0.7789693518214982,2.777080720034709
8087,N#Cc1ccc(NC2=C(Cl)C(=O)c3ccncc3C2=O)cc1,0.921895237308547,2.4326868807599578
8088,CC(=O)N1CCC(=C2c3ccc(Cl)cc3CCc3c(O)ccnc32)CC1,0.7647027357685515,2.7728563085904803
8089,Cc1cc(C)cc(-c2[nH]c3ccccc3c2CCNCCCCc2ccc(NS(C)(=O)=O)cc2)c1,0.2270063564781953,2.4321399089431726
8090,C[C@@]1(N2C(=O)c3c(F)c(F)c(F)c(F)c3C2=O)CCC(=O)NC1=O,0.35704391118430795,3.538456754030256
8091,CC1CCCCC1NS(=O)(=O)[O-].[Na+],0.41291309340158194,3.768269179620666
8092,Cc1ccc(NC2=C(Cl)C(=O)c3cccnc3C2=O)cc1,0.9236317693594935,2.244267349245728
8093,COc1cc2c(cc1OC)C(=O)N1C=C(c3cccc(F)c3)C[C@H]1C=N2,0.8439003816700942,3.23424046059092
8094,COc1nc(C(Cl)(Cl)Cl)c(Cl)c(Cl)c1Cl,0.6851741359675382,3.1532800823666687
8095,CC(C)NCC(O)COc1ccc(-c2nc(-c3cccs3)c[nH]2)cc1,0.5766129106085648,3.0706196917113857
8096,CCCCCCC12NC(Cc3ccccc31)c1ccccc12,0.7555926325280308,3.9144073051678347
8097,CCCn1c(=O)c2nc(-c3ccc(S(=O)(=O)NCCCC(=O)OCC)cc3)[nH]c2n(CCC)c1=O,0.2827646372422122,2.7134017709574483
8098,O=C1OC(O)(c2ccc(C(=O)O)cc2)C(Cc2ccccc2)=C1c1ccc2c(c1)OCO2,0.5973845000144955,2.9489201644858642
8099,Cc1nc(NC(=O)C(C)C)c(C)c(C)c1O,0.8067267682736312,2.4662783064927964
8100,Cc1nc(NC(=O)C(C)(C)C)c(C)c(C)c1O,0.7876704529114181,2.5595291936473537
8101,CCn1c(=O)c2nc(-c3ccc(S(=O)(=O)NCC(C)O)cc3)[nH]c2n(CC)c1=O,0.4998001316526028,3.1334844481367874
8103,Cc1cc(C)cc(-c2[nH]c3ccccc3c2CCNCCCCc2ccc(O)cc2)c1,0.2820500364137447,2.303646780525474
8104,CCC(=C(c1ccc(OC(C)=O)cc1)c1ccc(OC(C)=O)cc1)c1ccccc1,0.29334454307308494,2.155904439978009
8105,COc1ccc(CCNCC(O)COc2ccc(-c3nc(C)c(Cl)[nH]3)cc2)cc1OC,0.39049263913183396,2.9071489073888888
8106,CC/C(=C(/c1ccccc1)c1ccc(OC(C)=O)cc1)c1ccccc1,0.32372412179383897,1.9483759510021201
8107,CC(=O)OCC(=O)[C@@]1(OC(=O)c2ccco2)C(C)CC2C3C[C@H](F)C4=CC(=O)C=CC4(C)[C@@]3(Cl)C(Cl)CC21C,0.3398129341755654,5.050513282536568
8108,CC(NCCCCC/C=C(\NC(=O)C1CC1(C)C)C(=O)O)P(=O)(O)O,0.21062785814507753,3.905638535610967
8109,O=c1cnn(-c2ccc(S(=O)(=O)N3CCC(Cc4ccccc4)CC3)c(Cl)c2)c(=O)[nH]1,0.6280994104522168,2.4528229343716283
8110,O=C(O)c1cc(Br)cc(C(=O)/C=C/c2ccc(OCc3ccc4ccccc4n3)cc2)c1O,0.2412670599207515,2.4122508653653867
8111,CC(=O)N1CCC(=C2c3ccc(Cl)cc3CCc3cccnc32)CC1,0.708707571621287,2.499583928484334
8112,COCCNC(=O)c1c(O)c2ncc(Cc3ccc(F)cc3)cc2n(CC(=O)NC2CC2)c1=O,0.4091727815552697,2.5815451410060124
8113,CC(=O)Nc1ccc(CCCCNCCc2c(-c3cc(C)cc(C)c3)[nH]c3ccccc23)cn1,0.2589846020174861,2.497843415813911
8114,CC(C)C(NC(=O)Cn1c(-c2ccccc2)ncc(NC(=O)C(F)(F)F)c1=O)C(=O)C(F)(F)F,0.5780139226597643,3.1535503171885297
8115,COc1cccc2c1CC1(CCCN1CCCCN1C(=O)CC3(CCCC3)CC1=O)CO2,0.49514152295545016,4.174254540693886
8117,CCCCCCCN(CCCCCSc1nc2c([nH]1)-c1ccccc1OCOc1ccccc1-2)C(=O)Nc1ccc(F)cc1F,0.10670076025930966,3.351376107754679
8118,N#Cc1ccccc1OCC(O)CNCCNC(=O)Nc1ccccc1,0.513053033298936,2.524343637306096
8119,CN(Cc1cc[nH]n1)C(=O)C1COc2ccccc2C1,0.9225305594214842,3.2717493702895766
8120,COc1cc(OC)c(-c2cn3ccc(C4=CCN(CCF)CC4)cc3n2)cc1Cl,0.5830586044937528,2.8827487028001872
8121,N#Cc1ccc(/C(=C(\c2ccc(/C=C/C(=O)O)cc2)c2ccc(-c3cn[nH]c3)cc2)C2CCC2)c(Cl)c1,0.20131432554800946,2.880826843023179
8122,O=C(NCCc1ccccc1)Oc1cc(=O)oc2ccccc12,0.7518277246156315,1.9739599796328449
8123,CCc1ccc(C(=O)Nc2cc(CN3CCN(C)CC3)cc(C(F)(F)F)c2)cc1-c1cccc(-c2cnc3ccnn3c2)c1,0.2275235528586081,2.8618220618478727
8124,O=C(CCCCCCC(=O)Nc1ccc(CC(=O)OCCCCCC(F)CF)cc1)NO,0.13926345953626826,2.961607890238371
8125,CNCCN1CCC(c2cc(CN(C)C(=O)c3cccc(Oc4ccccc4)c3)ccn2)CC1,0.5100351570393972,2.421073400115324
8126,CC(=O)Nc1ccc2c(-c3cccc(C(F)(F)F)c3)ccnc2c1O,0.6675709540017853,2.248837858250221
8127,CCCNC(=O)c1nnn(-c2ccccc2OC)c1C,0.9010718872179995,1.993946564622206
8128,CCN(CC)c1ccc2cc(C(=O)c3ccc(N4CCN(C(=O)CN5CCN(Cc6ccc(F)c(F)c6)CC5)CC4)cc3)oc2c1,0.22214461615533967,2.760852092156025
8129,Cc1c(C(O)CN2CCN(CC(O)c3ccc4c(c3C)COC4=O)CC2)ccc2c1COC2=O,0.6242927768514653,3.7398037912656266
8130,S=c1sc(Nc2ccc(Oc3ccccc3)cc2)nn1CN1CCN(c2ncccn2)CC1,0.3814990052413075,2.4827777800919986
8131,CCC(=O)C(O)(Cn1cncn1)c1ccc(Cl)cc1Cl,0.9202867813033373,3.221389215961146
8132,O=C(O)C[C@H]1CCCN1,0.5601250783693656,2.8239046166064536
8133,CCNS(=O)(=O)Nc1ccc(CCCCNCCc2c(-c3cc(C)cc(C)c3)[nH]c3ccccc23)cc1,0.16695207026961262,2.631768497595022
8134,O=C(OCN1C(=O)CC1S(=O)(=O)c1ccccc1)c1ccccc1,0.6099879948279221,2.7435913047736307
8135,O=C(O)CCC/C=C/C[C@H]1[C@H](NS(=O)(=O)c2ccc(F)cc2)C2CC1(c1ccc(-c3ccccc3)cc1)CO2,0.23658023166696351,4.61701735997257
8136,COc1ccc(CC2=C(c3ccc(C)cc3)C(=O)OC2(O)c2ccc(OC)cc2)cc1,0.6032383145732336,2.748977054242035
8137,O=C(O)C(CC#CCOc1ccccc1)NS(=O)(=O)c1ccc(-c2ccc(Br)cc2)cc1,0.4372152827035777,2.75358670680642
8138,COc1ccc(-c2ccc(S(=O)(=O)NC(CC#CCc3ccccc3)C(=O)O)cc2)cc1,0.5114293319496541,2.6982949062992354
8139,CCCCCCCN(CCCCCSc1nc(C2CCCCC2)c(C2CCCCC2)[nH]1)C(=O)Nc1ccc(F)cc1F,0.14839644601432472,3.0027882335050897
8140,COc1cccc(C2=N[C@@H](C(=O)O)CS2)c1O,0.8496019264532635,3.1877421568515683
8141,CC(O)C1=CCCN(NC(=O)c2ccccc2)C1,0.7914268434075231,3.0184786779067485
8142,N#Cc1ccc(COC[C@@H]2C3CC(c4ccc(F)cc4)(CO3)[C@H]2C/C=C/CCCC(=O)O)cc1,0.35711535658081717,4.682047953470285
8143,O=C(NC(Cc1ccccc1)C(=O)CCC(=O)N1CCCC1c1nn[nH]n1)c1ccccc1,0.5200711589583858,3.1673127827022682
8144,CC(C)C(NC(=O)Cn1c(-c2cccs2)ncc(NC(=O)OCc2ccccc2)c1=O)C(=O)C(F)(F)F,0.42691459781829416,3.1681212825073812
8145,CC(=O)OC[C@H]1CCCN1CC#CCN(C)C(C)=O,0.5489263173586755,3.33281444047938
8146,CCn1c(=O)c2nc(-c3ccc(Cl)cc3N)[nH]c2n(CC)c1=O,0.7141615725895802,2.707027685061746
8147,COc1ccc(CC2=C(c3ccc(Cl)c(Cl)c3)C(=O)OC2(O)c2ccc(OC)cc2)cc1,0.4875065732896033,2.862247890238372
8148,CCC(=C(c1ccc(OC(C)=O)cc1)c1ccc(OC(C)=O)cc1)c1ccc(OC(C)=O)cc1,0.2517355882026846,2.21462482331612
8149,COCc1c[nH]c(-c2ccc(OCC(O)CNCCc3ccc(OC)c(OC)c3)cc2)n1,0.3509899499833627,3.0333636427467336
8150,Cc1cc(C)cc(-c2[nH]c3ccccc3c2CCNCCCCc2cnc3ccccc3c2)c1,0.23547034249145016,2.438401707807632
8151,CCCNC(=O)Nc1cccc(-c2ccc(OC[C@H](NS(=O)(=O)c3c(C)cc(C)cc3C)C(=O)O)cc2)c1,0.28096071375485365,2.8607251916523353
8152,O=P1(N(CCCl)CCCl)NCCCO1,0.6057206690801091,4.173520934718004
8153,CCCCOc1nc(C(Cl)(Cl)Cl)c(Cl)c(O)c1Cl,0.6047758261315989,3.019090057743143
8154,CCCn1c(=O)c2nc(-c3ccc(S(=O)(=O)NCCCN(C)C)cc3)[nH]c2n(CCC)c1=O,0.40554052986596945,2.7109994562180706
8155,Cc1ccc(C)n1Nc1ccc(N(CCO)CC(C)O)nn1,0.7059219422395374,3.4993121784213734
8156,CC/C(=C(\Cc1ccccc1)c1ccc(OCN2CCOCC2)cc1)c1ccccc1,0.4280441991472976,2.335634807281327
8157,O=C(Nc1ccc(F)cc1F)N(CCCCCSc1nc(-c2ccccc2)c(-c2ccccc2)[nH]1)CCOCCO,0.10597855659498227,2.7008920242297254
8158,COC(=O)/C=C/CNC(=O)[C@@H](CC(C)C)NC(C)=O,0.5172815205124107,2.797608937520799
8159,CC(=O)N(C)CC#CCN1CCC[C@H]1CF,0.6675937701896933,3.5925749728411187
8160,CC(=O)N(C)CC#CCN1CCC1,0.5656918490765221,2.77316678297586
8161,CC(C)Oc1ccc(C2(O)OC(=O)C(c3ccc4c(c3)OCO4)=C2Cc2ccccc2)cc1,0.560377972147587,3.008037881499665
8162,CCCN1CC[C@H]2Cc3c(O)cccc3C[C@@H]21,0.8453885280939991,3.185845462001848
8163,Cn1nc(NC(=O)Cc2ccccc2)c(-c2ccncc2)c1-c1ccc(F)cc1,0.5505368019964342,2.274131954488258
8164,CC(C)C(NC(=O)Cn1c(-c2cccs2)ncc(N)c1=O)C(=O)C(F)(F)F,0.7666279856236008,3.1945155712189184
8165,CCN1CCN(CC(C)CNc2ccncc2Cl)CC1,0.8735053819241796,2.7290002428290148
8166,Cc1nc(NC(=O)c2cnn(C)c2)sc1Cc1ccccc1Cl,0.7834860089428709,2.314936222677975
8167,CC1CC=CCN1NC(=O)c1ccccc1,0.7666189010227448,3.008709071351303
8168,CC1=C(C)CN(NC(=O)c2ccccc2)CC1,0.7910552962115592,2.391034851071325
8169,Cc1cc(C)cc(-c2[nH]c3ccccc3c2CCNCCCCc2ccccn2)c1,0.34000628460736676,2.3478331236472822
8170,Cc1nc(NC(=O)C2CCCCC2)c(C)c(C)c1O,0.8597618204292917,2.3335572275481855
8171,CC(C)NC(=O)N(CCN(C)CCSc1nc(-c2ccccc2)c(-c2ccccc2)[nH]1)CCN1CCOCC1,0.3049582493382795,2.7659285888031846
8172,Cc1cc(C)c(S(=O)(=O)N[C@@H](Cc2ccc(-c3cccc(NC(=O)NC(C)C)c3)cc2)C(=O)O)c(C)c1,0.3212079122320253,2.7808008533151405
8173,O=C(O)CC[C@H]1CSC(c2ccccc2O)=N1,0.8595716596503102,3.149695614298377
8174,COc1cc2c(cc1OC)C(CCc1cc(F)ccc1F)N(CCNC(=O)Nc1cc(C)nc3ccccc13)CC2,0.25531625693899573,3.1602307373349525
8175,N#CC1(c2cc(C[C@H](O)CO)cc(-c3ccnc4[nH]nc(C(F)(F)F)c34)c2)CC1,0.6082008473556733,3.6725635693636605
8176,O=C1OC(O)(c2ccccc2)C(Cc2ccccc2)=C1c1ccc2c(c1)OCO2,0.6909836038908044,2.848505549001672
8177,Cc1cc(C)cc(-c2[nH]c3ccccc3c2CCNCc2ccncc2)c1,0.46797909451996605,2.243059944311245
8178,CC(=O)SCC(C(=O)N[C@@H](Cc1ccc(O)cc1)C(=O)OCc1ccccc1)C(C)c1ccccc1,0.36163717224147457,3.3216587264151425
8179,CC(c1ccc(O)cc1)C(CS)C(=O)NC(Cc1ccc(O)cc1)C(=O)O,0.44623543841819535,3.2473202533648884
8180,CCn1c(=O)c2nc(-c3cccc(S(=O)(=O)O)c3)[nH]c2n(CC)c1=O,0.6605371315425518,2.662430647941349
8181,COc1ccc(CCNCC(O)COc2ccc(-c3nccs3)cc2)cc1OC,0.4687297738132716,2.6431388715614634
8182,Cc1cc(C)cc(-c2[nH]c3ccccc3c2CCNCCCCc2ccc(NS(=O)(=O)C(C)C)cc2)c1,0.18186683154992736,2.5643916698944214
8183,Cc1cc(C)c(C#N)c(N2CCOCC(CO)C2)n1,0.8602843212728046,3.011378139262453
8184,O=C1NC(=S)S/C1=C\c1ccc(OCc2cn(-c3ccccc3)nn2)cc1,0.5287961149383171,2.4325384253239015
8185,C/C(=N\NC(=N)N)c1sc(-c2ccc(C#Cc3cccs3)cc2)nc1C,0.2800015020535795,2.988974188008358
8186,COCCNCCC(=O)Nc1sc2c(c1-c1nc3ccccc3s1)C[C@H](C)N[C@@H]2C,0.4545197718947216,3.653439598307097
8187,O=c1c2nncn2c2cnc(Nc3ccc(N4CCN(C5CCCC5)CC4)cc3)nc2n1C1CCCC1,0.44349628702581173,2.8845128886756406
8189,OC[C@H]1O[C@@H](n2cnc3c(-c4ccsc4)ncnc32)[C@H](O)[C@@H]1O,0.6253167638206694,3.738796841914615
8190,CC(C)c1n[nH]c2c(NCc3ccc(-c4ccccn4)cc3)nc(SCCCN(C)C)nc12,0.1908902578157499,2.8515260656410337
8191,Cc1nc(N)ccc1CNC(=O)Cn1c(C)ccc(NS(=O)(=O)Cc2ccccc2)c1=O,0.47294249115009923,2.5211390976249763
8192,Nc1onc(-c2ccc(F)cc2)c1-c1ccncc1,0.7636223520890775,2.117191321146894
8193,COC(=O)c1cccc(CC2=C(c3ccc4c(c3)OCO4)C(=O)OC2(O)c2ccc(OC)cc2)c1,0.5411445359019779,3.05118205678561
8194,C=CCn1c(=O)c2nc(-c3ccc(S(=O)(=O)O)cc3)[nH]c2n(CC=C)c1=O,0.4820280040040471,2.8354450886571474
8195,COc1ccc(CCNCC(O)COc2ccc(-c3nc(-c4cccs4)c[nH]3)cn2)cc1OC,0.26526984773042206,3.247889757747969
8196,O=C(O)COc1cccc2c1CCCC2CCC(=O)NN(c1ccccc1)c1ccccc1,0.442566951140584,2.9553705586251695
8197,CCOC(=O)C1CCCN(CC#CCN(C)C(C)=O)C1,0.5629301528854518,3.085827817359748
8198,COc1ccc(-c2ccc(S(=O)(=O)NC(C(=O)O)[C@@H](C#Cc3ccccc3)OC)cc2)cc1,0.4957663177245854,3.133707199575717
8199,OC1(c2ccc(-c3ccc(C4(O)CN(CCBr)CCO4)cc3)cc2)CN(CCBr)CCO1,0.4996534784783189,3.9642028776933946
8200,N#CC1(c2cc(C[C@@H](O)CO)cc(-c3ccnc4[nH]nc(C(F)(F)F)c34)c2)CC1,0.6082008473556733,3.6725635693636605
8201,CC(C)c1ccnc(N2CCOC(CCN)C2)n1,0.8682532997046043,3.073138406413536
8202,Cn1cc([N+](=O)[O-])cc1C(=O)NCCC#N,0.4569041106821829,2.4886958814306226
8203,c1ccc(CSc2c[nH]nn2)cc1,0.7552435030085431,2.628399513322435
8204,CSCC[C@H](NC(=O)c1ccc(COCc2ccc(-c3ccccc3)o2)cc1-c1ccccc1C)C(=O)[O-].[Li+],0.2800305881451394,3.2519925112603865
8205,CC(/C=C/C(=O)C1=C(O)CN(C)C1=O)=C\c1cccc2ccccc12,0.5277193504397918,2.826792115297522
8206,Nc1ccn(COCCOC(=O)c2ccccc2)c(=O)n1,0.6194822518098134,2.2195936204321693
8207,CCOCCOCCN(CCCCCSc1nc(-c2ccc(SC)cc2)c(-c2ccc(SC)cc2)[nH]1)C(=O)NC(C)C,0.10288936488573318,2.992867350781255
8208,O=c1[nH]c(=O)n(C2CC(CO)C(O)C2O)cc1F,0.4883174340929818,3.7834200473802486
8209,CC1CCC2N(C1)CC1[C@](O)(C(O)C[C@@]3(O)C4CCC5C6(O)OC4(C[C@@]13O)C5(C)CCC6O)[C@]2(C)O,0.22840088263369085,7.059964315879489
8210,O=C(NN1CC=C(CCCO)CC1)c1ccccc1,0.7928435783313286,2.4441846078601817
8211,CCn1c(=O)c2nc(-c3ccc(S(=O)(=O)NCCCN(C)C)cc3)[nH]c2n(CC)c1=O,0.46759153952348514,2.6890094049598634
8212,OC(CCN1CCN(CCOC(c2ccc(F)cc2)c2ccc(F)cc2)CC1)c1ccc(Br)cc1,0.3614023639141338,2.8263587940285646
8213,COc1ccc(C2(O)OC(=O)C(c3ccc4c(c3)OCO4)=C2Cc2cccc(C(=O)O)c2)cc1,0.5377878224154728,3.037991379837221
8214,CCCCCCCN(CCCCCSc1nc(-c2ccco2)c(-c2ccco2)[nH]1)C(=O)Nc1ccc(F)cc1F,0.10368473522924244,2.917465639529265
8215,Cc1ccccc1-c1nc2c(=O)n(C)c(=O)n(C)c2[nH]1,0.7148000043050167,2.422749361825005
8216,CCCCC[C@H](O)/C=C/[C@@]1(F)[C@H](O)C[C@H](O)[C@@H]1C/C=C\CCCC(=O)O,0.31162557301326094,4.508440429864848
8217,O=C(O)Cc1ccc2c(c1)C(=O)Nc1ccccc1O2,0.8784127203647221,2.1269352285898186
8218,CC(=O)N(C)CC#CCN1CCC(F)CC1,0.6531963363202966,2.96152015367001
8219,NS(=O)(=O)Oc1ccc2c(c1)C(=O)CCC2,0.8287931479783641,2.316950223600081
8220,O=C(NN1CC=CCC1)c1ccccc1,0.7385921100477035,2.3066652866360844
8221,CCN(CC)CCNC(=O)c1ccc(NC(=O)COc2ccccc2)c(OC)c1,0.6074066739616457,1.9327936269621269
8222,CC[C@@]1(O)C(=O)OCc2c1cc1n(c2=O)Cc2cc3c(C[N+](C)(C)C)c(O)ccc3nc2-1,0.37627862378403415,3.7070836944341767
8223,CCOc1ccc(NC2=C(Cl)C(=O)c3ccncc3C2=O)cc1,0.9309626481391269,2.2808789445714677
8224,CC/C(=C(\c1ccc(OC(C)=O)cc1)c1cccc(OC(C)=O)c1)c1ccc(OC(C)=O)cc1,0.2517355882026846,2.401654452746902
8225,COCCN(C)C(=O)c1ccc(CCC(C)(C)O)cc1,0.8313771876372835,2.0547978466734875
8226,CC(C(=O)O)c1ccc2c(c1)C(O)Cc1ccccc1O2,0.88795635474513,3.0592673134077657
8227,O=C(O)Cc1ccc2c(c1)Oc1ccccc1CC2O,0.880103018668494,2.672189716513227
8228,COc1cc(CC(C)NC(C)C)c(OC)cc1I,0.787627328009434,2.837153112295889
8229,CC(=O)N1CCC(=C2c3ccc(Cl)cc3CCc3c(Cl)ccnc32)CC1,0.6422428072418264,2.695388948923119
8230,CCCN1CC[C@@H]2Cc3c(O)cccc3C[C@H]21,0.8453885280939991,3.185845462001848
8231,Fc1ccc(-c2nocc2-c2ccncc2)cc1,0.687253174508274,2.169829068952728
8232,Oc1c(Cl)cc(Cl)c(Cl)c1Cc1c(O)c(Cl)cc(Cl)c1Cl,0.550692990866757,2.7394599403428437
8233,Cl.OC1(c2nnn[nH]2)CNC1,0.48177950809169745,4.06793084027601
8234,Cn1c(=O)c2nc(-c3ccc(N)cc3N)[nH]c2n(C)c1=O,0.5338037249860919,2.7449877499868265
8235,CC(=O)N1CCC(=C2c3ccc(Cl)cc3CCc3cc(Br)cnc32)CC1,0.5852695539175324,2.6401877015218727
8236,C=CCN1COc2cc3c(cc2C1)c1ccccc1n3C,0.6654506465752154,2.5529550958420053
8237,CCCCCCCN(CCCCCSc1nc(-c2ccc(N(C)C)cc2)c(-c2ccc(N(C)C)cc2)[nH]1)C(=O)Nc1ccc(F)cc1F,0.08113938843177972,2.9518477681410538
8238,C=C1C(=O)c2ccccc2OC1(c1ccccc1)c1cccs1,0.6330372111823367,3.067337218175626
8239,CCCNC(=O)Nc1cccc(-c2ccc(C[C@H](NC(=O)OCC(C)(C)C)C(=O)O)cc2)c1,0.4389966950473743,2.6701324510596596
8240,CCC(=C(c1cccc(OC(C)=O)c1)c1cccc(OC(C)=O)c1)c1cccc(OC(C)=O)c1,0.2517355882026846,2.4600929534326905
8241,CCOCCN(CCOCC)c1ccc(Nn2c(C)ccc2C)nn1,0.6305946452080889,2.985297173338072
8242,CCCC[C@H](NC(=O)C(CSC(C)=O)C(C)c1ccccc1)C(=O)OCc1ccccc1,0.45067926741181485,3.267786345773116
8243,COc1cc(CC(C)N(C)C)c(OC)cc1I,0.7634610842916818,2.821985037375301
8244,C=C1C(=O)c2ccccc2OC1(c1ccccc1)c1ccncc1,0.6669947314028043,3.0046270837005853
8245,CC(C)(C)NCC(O)COc1ccc(Cc2nc(-c3cccs3)c[nH]2)cc1,0.5506962847918528,3.1677555062838536
8246,COc1cnc2c(c1)CCc1cc(Cl)ccc1C2=C1CCN(C(C)=O)CC1,0.7385755036124256,2.60265962817169
8247,Cc1cc(C)cc(-c2[nH]c3ccccc3c2CCNCCCCc2ccc(F)cc2)c1,0.29146246556315625,2.2527852420639363
8248,CCCC12NC(Cc3ccccc31)c1ccccc12,0.8499935359738748,3.9688753851657808
8249,CCC(=C(c1ccccc1)c1ccccc1)c1cccc(OC(C)=O)c1,0.32372412179383897,2.008916874079045
8250,CC(C)C(NC(=O)Cn1c(-c2cc(C(F)(F)F)cc(C(F)(F)F)c2)ncc(NC(=O)OCc2ccccc2)c1=O)C(=O)C(F)(F)F,0.27199845336795103,3.4567631197528534
8251,CCCCCCCN(CCCCCSc1nc(-c2ccc(OC)cc2)c(-c2ccc(OC)cc2)[nH]1)C(=O)Oc1ccccc1,0.08874149026079513,2.6629463063533674
8252,CCCCCCCN(CCCCCSc1nc(-c2ccccc2OC)c(-c2ccccc2OC)[nH]1)C(=O)Nc1ccc(F)cc1F,0.0827981668080456,2.8354797145336477
8253,Nc1nc(O)c2nc(Br)n(C3CCCc4ccc([N+](=O)[O-])cc43)c2n1,0.3804626078659552,3.3730802411619347
8254,O=C(Nc1onc(Nc2ccc(F)cc2)c1-c1ccncc1)c1ccccc1,0.5208153887066146,2.2662709592968096
8255,Clc1ccc(OCCc2ccccc2)c(CCCN2CCN(c3ccccc3)CC2)c1.O=C(O)C(=O)O,0.3857540492967657,2.2085943072570604
8256,CC/C(=C(/Cc1ccc(OCN2CCCC2)cc1)c1ccccc1)c1ccccc1,0.3930102509328378,2.277809382781406
8257,COc1cccc(-c2nc3c(=O)n(C)c(=O)n(C)c3[nH]2)c1,0.7490653998870387,2.386371737143044
8258,O=C1CCC(N2C(=O)c3c(F)c(F)c(F)c(F)c3C2=O)C(=O)N1,0.3545563157316432,3.2737835752929403
8259,NC(Cc1[nH]cnc1[N+](=O)[O-])C(=O)O,0.4327924761133441,3.4636755485033888
8260,O=c1cnn(-c2cc(Cl)c(N3CCOCC3)c(Cl)c2)c(=O)[nH]1,0.882211043225901,2.588011694655739
8261,CC/C(=C(/Cc1ccc(OCN(C)C)cc1)c1ccccc1)c1ccccc1,0.34781771287111624,2.312470792525911
8262,Cc1cc(C)cc(-c2[nH]c3ccccc3c2CCNCCCCc2c[nH]cn2)c1,0.34057459012334285,2.6568397631501846
8263,Cc1ccc(C)n1Nc1ccc(N2CCC(O)CC2)nn1,0.8997520951612937,2.7477020819706315
8265,O=C(NN1CCC=C(CCCO)C1)c1ccccc1,0.7928435783313286,2.513002509958083
8266,COc1ccc(NC2=C(Cl)C(=O)c3cccnc3C2=O)cc1,0.9427805209267855,2.2274087169882453
8267,CC(C)C(NC(=O)Cn1c(-c2ccc(N)cc2)ncc(NC(=O)OCc2ccccc2)c1=O)C(=O)C(F)(F)F,0.34898688470872213,3.1367941582115666
8268,CC/C(Cc1ccccc1)=C(\c1ccccc1)c1ccc(OCN2CCCC2)cc1,0.4259264157727164,2.253032546134907
8269,CC(=O)Nc1ccn(COCCO)c(=O)n1,0.6401227451239003,2.529658615208472
8270,Cc1ccc(C2=NN(CN3CCNCC3)C(=O)CC2)cc1,0.9076231560260379,2.4953028890324234
8271,COc1cc(CC(C)NCc2ccccc2)c(OC)cc1I,0.6984698674082149,2.5169040955999122
8272,O=C(O)c1ccccc1C(=O)/C=C/c1ccc(OCc2ccc3ccccc3n2)cc1,0.3262938876910752,2.1508575497562425
8273,OCC1NCC(O)C(O)C1O,0.28455326707727985,4.0135550903115575
8274,Nc1nc(O)c2nc(Br)n(C3CCCc4ccccc43)c2n1,0.6516233652004456,3.2105824720621587
8275,COC(=O)c1ccc(OC)c(C(=O)/C=C/c2ccc(OCc3ccc4ccccc4n3)cc2)c1,0.1990945798200523,2.2453008726427957
8276,O=C(/C=C/c1cccc(OCc2ccc3ccccc3n2)c1)c1cc(-c2nn[nH]n2)ccc1O,0.2757483875509697,2.545683092423017
8277,Clc1ccc(OCCc2ccccc2)c(CCCN2CCN(c3ncccn3)CC2)c1.O=C(O)C(=O)O,0.4027189755249943,2.3841595819823347
8278,CCCN(CCC)CCc1cccc(F)c1OCCc1ccccc1.O=C(O)C(=O)O,0.5149092262723078,2.3210405361815827
8279,O=C(NCCNCC(O)COc1ccc(-c2ncc[nH]2)cc1)Nc1ccccc1,0.3381525754171713,2.7080729698161488
8280,COC(=O)c1ccc([N+](=O)[O-])n1C,0.3852707447434455,2.524624365393441
8281,Cc1ccc(C)n1Nc1ccc(N2CCCC2)nn1,0.9166467292452263,2.6138604120559847
8282,Cn1ccc(=O)n(C)c1=O,0.467681701719358,2.336640372592674
8283,CC(=N)NCCC[C@H](N)C(=O)O,0.26186799804117916,3.191612870540596
8284,CSCC/C=C(\NC(=O)C1CC1(C)C)C(=O)O,0.5629107063106261,3.4624133590536212
8285,NS(=O)(=O)c1ccc(-n2ncc(=O)[nH]c2=O)cc1Cl,0.7518889872890507,2.482210934474743
8286,CC(=O)O[C@H]1O[C@@H]2O[C@@H](OC(C)=O)[C@@H]3CC[C@H]([C@@H]1C)[C@H]23,0.7143450592544233,4.488289623534129
8287,CCCCN1C2CCC1CC(OC(c1ccc(F)cc1)c1ccc(F)cc1)C2,0.5912555418124575,3.7726766602966
8288,C/C=C(\NC(=O)CCCC1CCCCC1)C(=O)O,0.7152200437133943,2.394626810607299
8289,Cc1ccc(=O)n(Cc2nc(C3CCOC3)no2)n1,0.8000049465065722,3.080159846611707
8290,CC/N=c1\scc(-c2cc(C)c(C)cc2C)n1/N=C/c1c[nH]c2ccccc12,0.45348670515702966,2.8269273523549714
8291,CCN(CC)c1ccc(Nn2c(C)ccc2C)nn1,0.8962733198461448,2.8599772454113097
8292,CC/C(=C(\Cc1ccccc1)c1ccc(OCN(CC)CC)cc1)c1ccccc1,0.27067535103288065,2.368239019475592
8293,O=c1cnn(-c2ccc(S(=O)(=O)NCc3ccccc3Cl)c(Cl)c2)c(=O)[nH]1,0.64370346388578,2.405563500299559
8294,NC(CCCCCSc1cc(Cl)ccc1O)C(=O)O,0.507479507588786,2.702769174207189
8295,CCOCCn1c(COc2ccc(/C=C/C(=O)c3cc(-c4nn[nH]n4)ccc3O)cc2)nc2ccccc21,0.15170065826745535,2.687377962728819
8296,O=C(O)/C(Cc1ccccc1[N+](=O)[O-])=N\Nc1nc(-c2ccc(N3CCCC3)cc2)cs1,0.29545092423699365,2.586711407947776
8297,COc1cccc(CCN2CCN(c3ccccn3)CC2)c1OCCc1ccccc1.O=C(O)C(=O)O,0.42162314906569187,2.3264198017625546
8298,O=C1c2c(Cl)c(Cl)c(Cl)c(Cl)c2C(=O)N1c1ccccc1,0.4026881402508098,2.2472355232661787
8299,COc1c(Cl)c(Oc2ccccc2)nc(C(Cl)(Cl)Cl)c1Cl,0.6039607676740469,2.7151140657762998
8300,Cc1nccn1-c1ccc(OCCNCC(O)COc2ccc(NS(C)(=O)=O)cc2)cc1.O=P(O)(O)O,0.13738346278655186,3.0682250726601525
8301,CCOc1cc(OC)cc2c1C(=O)N(COC(=O)c1c(Cl)cccc1Cl)S2(=O)=O,0.6099417846745269,2.720965992602043
8302,CCCCCCCCNC(=O)c1ccc2[nH]c(NC(=O)OC)nc2c1,0.601212732245447,2.178799665212397
8303,Cc1cc(-n2ncc(=O)[nH]c2=O)cc(C)c1S(=O)(=O)Cl,0.8113673114937191,2.655001136465458
8304,Oc1nc(C(Cl)(Cl)Cl)c(Cl)c(O)c1Cl,0.7190280037366781,3.4821016845932364
8305,COc1cc(NC(=O)COc2ccc(Cl)cc2)c(Cl)cc1C(=O)N1CC[N+](=N)CC1,0.6562466544446451,2.6982146920788495
8306,O=C1/C(=N/c2ccc(O)cc2)C(Cl)=C(O)c2ccncc21,0.8467730216165575,2.721180517433474
8307,COc1ccc(NC2=C(Cl)C(=O)c3ccncc3C2=O)cc1,0.9427805209267855,2.2489707517277004
8309,Oc1cccc2c1C1CCCCC1O2,0.6812543736078952,3.086252979656699
8310,CC1(C)CC1C(=O)N/C(=C\CCCCCN)C(=O)O,0.4606460622162334,3.2072335529054152
8311,CNC(=O)[C@H](Cc1ccccc1)NC(=O)[C@@H](CC(=O)NO)CC(C)C,0.394207166177502,2.911293787960428
8312,COc1ccc(CCNCC(O)COc2ccc(-c3nc(Br)c(C)[nH]3)cc2)cc1OC,0.3552686073827489,2.878566040256022
8313,CC(c1ccc(F)c(F)c1)C(CS)C(=O)NC(Cc1ccc(O)cc1)C(=O)O,0.5048048697531081,3.3187499213191947
8314,NCCc1ccc(O)cc1,0.63560003918662,1.6249149710711173
8315,CCCCOc1ccc(C(=O)O)cc1C(=O)/C=C/c1cccc(OCc2ccc3ccccc3n2)c1,0.14780149748685967,2.3745233816526508
8316,CN(C)c1ccc(-c2nc3c(=O)n(C)c(=O)n(C)c3[nH]2)cc1,0.7553047463288465,2.4792072033406036
8317,C=C(C)[C@@H]1CC[C@]2(C(=O)NCCCCCC(=O)NCCCC(=O)O)CC[C@]3(C)[C@H](CCC4[C@@]5(C)CC[C@H](O)C(C)(C)[C@@H]5CC[C@]43C)[C@@H]12,0.12740742974430183,4.870161407936353
8318,CC(C)c1ncc(NC(=O)OCc2ccccc2)c(=O)n1CC(=O)NC(C(=O)C(F)(F)F)C(C)C,0.549396108310194,3.1593330093224345
8319,Clc1ccc(OCCc2ccccc2)c(CCN2CCN(c3ncccn3)CC2)c1.O=C(O)C(=O)O,0.4384086904588055,2.3537186479248415
8320,CCC[C@H](NC(=O)C(CSC(=O)c1ccccc1)C(C)c1ccccc1)C(=O)O,0.6049923556799299,3.2334368753257543
8321,O=C1c2sc3nccn3c2C(=O)c2c(Cl)ccc(O)c21,0.5416905377130157,2.967630355830998
8322,Nc1nc(O)c2nc(Br)n(C3CCc4ccccc43)c2n1,0.6606964765477118,3.250435152889988
8323,O=C(NCCSCc1ccccc1Cl)c1ccccc1Cl,0.7753468280702346,1.8167766973552446
8324,O=C(O)Cc1ccc2c(c1)C=Cc1cc(F)ccc1O2,0.7714109562358205,2.400622677982531
8325,CC1(N2C(=O)c3c(F)c(F)c(F)c(F)c3C2=O)CCC(=O)NC1=O,0.35704391118430795,3.538456754030256
8326,CC/C(=C(\Cc1ccccc1)c1ccccc1)c1ccc(OCN2CCCCC2)cc1,0.3674821692145182,2.2863500246726307
8327,O=C(O)c1ccc(C2=N[C@@H](C(=O)O)CS2)c(O)c1,0.7548361517317994,3.1995363933005976
8328,CC(=O)N(C)CC#CCN1CCCCC1,0.6309127849919187,2.607255096825895
8329,Cc1c(C)c2ccc(OS(N)(=O)=O)c(C)c2oc1=O,0.8372729790587743,2.5281987896783615
8330,NCCc1c[nH]cn1,0.5600816350147321,3.081238096201208
8331,O=C(/C=C\N(O)Cc1ccccc1)c1ccc(F)cc1,0.5144187326957738,2.1655465646222076
8332,O=C(/C=C\N(O)Cc1ccc(-c2ccccc2)cc1)c1ccc(F)cc1,0.3839327103093674,2.1551691817713525
8333,COc1ccc(CCCCNCCc2c(-c3cc(C)cc(C)c3)[nH]c3ccccc23)cn1,0.3047490892007521,2.4433279954976737
8334,CN(O)/C=C\C(=O)c1ccc(F)cc1,0.454228761316166,2.3310983994573196
8335,CN(CCSc1nc(-c2ccccc2)c(-c2ccccc2)[nH]1)CCN(CCN1CCOCC1)C(=O)Nc1ccc(F)cc1F,0.1811190026647206,2.8454083255841365
8336,COc1ccc(CCNCC(O)COc2ccc(-c3ncco3)cc2)cc1OC,0.4804069935714266,2.7041921682647594
8337,COC(=O)Nc1cnc(-c2ccc(F)cc2)n(CC(=O)NC(C(=O)C(F)(F)F)C(C)C)c1=O,0.5980164864099785,3.0832037317020937
8338,Cc1cc(C)cc(-c2[nH]c3ccccc3c2CCNCCCCCc2ccncc2)c1,0.29678782217424365,2.362919933526319
8339,CCCCCCCN(CCOCCSc1nc(-c2ccccc2)c(-c2ccccc2)[nH]1)C(=O)Nc1ccc(F)cc1F,0.10093282394990928,2.6865795323701587
8340,O=C1C(Cl)=C(Nc2ccc(Br)cc2)C(=O)c2cnccc21,0.8818225553638255,2.346430843378714
8341,O=C(O)/C(Cc1ccccc1[N+](=O)[O-])=N\Nc1nc(-c2ccc(C3CCCCC3)cc2)cs1,0.2448135093024462,2.63736979033739
8342,O=C(O)[C@@H]1CSC(c2nc3ccccc3cc2O)=N1,0.8733946529163262,3.2061315016233634
8343,NC1CCn2ccnc2C1,0.5531048119219683,3.5180307930325387
8344,CCCCCCCN(CCCCCSc1nc(-c2ccc(F)cc2)c(-c2ccc(F)cc2)[nH]1)C(=O)Nc1ccc(F)cc1F,0.07392423750952393,2.7445715123973233
8345,Cc1ccc(C)n1Nc1nnc(N2CCOCC2)c2c1CCCC2,0.9385075769116704,2.956270386407601
8346,CCCNC(=O)Nc1cccc(-c2ccc(C[C@H](NS(=O)(=O)c3ccccc3S(C)(=O)=O)C(=O)O)cc2)c1,0.28059106538407835,2.8078882685754127
8347,CC(C)(C)OC(=O)CNC(=O)NC1CCCCC1,0.7584680067874854,2.0106951748145203
8348,C/C=C(\NC(=O)C1CC1(F)F)C(=O)O,0.6677807486457561,3.527653546721387
8349,O=NN(CCCl)C(=O)NC1CCS(=O)(=O)CC1,0.4613992715378319,2.9829806286632987
8350,CC(C)CC/C=C(\NC(=O)C1CC1(C)C)C(=O)O,0.7148345217895378,3.247252610623649
8351,COC(=O)Nc1nc2cc(C(=O)Nc3cccc(C)n3)ccc2[nH]1,0.6857388865377879,2.2605124419990688
8352,CCOC(=O)C1CCCCN1CC#CCN(C)C(C)=O,0.5666145330054264,3.1524680970800274
8353,CC(C)C(NC(=O)Cn1c(-c2ccccc2)ncc(NC(=O)OCc2ccccc2)c1=O)C(=O)C(F)(F)F,0.4328002768983858,3.020976620223765
8354,CC(=O)NCCc1cccc2ccc3occc3c12,0.778061655130227,2.2139633491189237
8355,CC(=O)Oc1ccc(C[C@H](NC(=O)C(CSC(C)=O)C(C)c2ccc(F)c(F)c2)C(=O)OCc2ccccc2)cc1,0.2264438327069491,3.568871802648582
8356,CC(C)(C)NC(=O)c1ccccc1C[C@@H](O)[C@H](Cc1ccccc1)NC(=O)[C@H](CSc1ccccn1)NS(C)(=O)=O,0.22211941857158582,3.6750560131748973
8357,O=C1CC2(CCCC2)CC(=O)N1CCCCNCC1COc2ccccc2C1,0.5787453217552226,3.549622316895377
8358,CC(C)(C)NC(=O)c1ccccc1C[C@@H](O)[C@H](Cc1ccccc1)NC(=O)[C@H](CSc1ccc(F)cc1)NS(C)(=O)=O,0.2175910165758467,3.617479036386552
8359,CCNCCc1c[nH]c(CCC(c2ccccc2)c2ccccc2)n1,0.572394637921382,2.547158720584127
8360,O=C1c2c(Cl)c(Cl)c(Cl)c(Cl)c2C(=O)N1Cc1ccccc1,0.4164183136225654,2.2109979725713718
8362,CCCN1CCCC(c2ccc(O)c(O)c2)C1,0.7916135346571355,2.5309917681445295
8363,CCCCC(NC(=O)C(CS)C(C)c1ccccc1)C(=O)O,0.6118390270054074,3.1196448836408583
8364,Cc1cc(-n2ncc(=O)[nH]c2=O)cc(Cl)c1S(=O)(=O)N(C)C,0.8518233459938442,2.6622671237650053
8365,C/C=C(\NC(=O)CCCC(=O)OCC)C(=O)O,0.5099000649633063,2.361380427994403
8366,O=C(/C=C\N(O)c1ccccc1)c1ccc(F)cc1,0.5180543251129673,2.2379361230116963
8367,NS(=O)(=O)Oc1ccc2c(C(F)(F)F)cc(=O)oc2c1,0.8451005694593681,2.472950338207113
8368,CCCN(CCC)CCc1ccc(OCCc2ccccc2)cc1OC.O=C(O)C(=O)O,0.4741322235551165,2.231685693444888
8369,CC1=CC(=O)c2c(O)ccc(O)c2C1=O,0.6265548749966203,2.4287115803423784
8370,C/C(CC1CCc2c(cccc2OCC(=O)O)C1)=N\OC(c1ccccc1)c1ccccn1,0.3613787828426188,3.508721436548421
8371,O=C(NC(Cc1ccc(O)cc1)C(=O)O)C(CS)Cc1ccccc1,0.5448709358283742,2.7440413251291425
8372,Fc1ccc(CCCN2C3CCC2CC(OC(c2ccc(F)cc2)c2ccc(F)cc2)C3)cc1,0.3612134216638781,3.8240329586397035
8373,CC(=O)Oc1c(Cl)c(Cl)nc(C(Cl)(Cl)Cl)c1Cl,0.4117053761576892,3.132016134613365
8374,O=c1cnn(-c2ccc(S(=O)(=O)N3CCCCC3)cc2)c(=O)[nH]1,0.855398573126382,2.1985816664649587
8375,O=C(O)c1cc(Br)cc2c(=O)cc(-c3ccc4ccccc4n3)oc12,0.5409522669428395,2.3501214420271292
8376,CCN(Cc1cnc2nc(N)nc(N)c2c1C)c1ccc(C(=O)NC(CCC(=O)O)C(=O)O)cc1,0.2815403964324661,3.1709661721702247
8377,CC1CC(=O)Oc2cc(OS(N)(=O)=O)ccc21,0.6205461725910967,3.1623449035960345
8378,CCCCCCCN(CCCCCSc1nc(-c2ccc(OC)cc2)c(-c2ccc(OC)cc2)[nH]1)C(=O)CC1CCCCC1,0.10685664212835921,2.742558445776444
8379,CC(C)NC(=O)N(CCCCCSc1nc(-c2ccccc2)c(-c2ccccc2)[nH]1)CCOCCO,0.18722444750848993,2.6250575532502847
8380,COCCN(C)c1ccc(Nn2c(C)ccc2C)nn1,0.8716930147990145,2.882691619567261
8381,COc1ccc(-c2nc3c(=O)n(C)c(=O)n(C)c3[nH]2)cc1,0.7490653998870387,2.3207839387345555
8382,COc1ccc(-c2nc3c(=O)n(C)c(=O)n(C)c3[nH]2)cc1OC,0.7656686238130518,2.391871641105702
8383,CCCN(CCC)C1CCc2ccc(O)c(O)c2C1,0.8023724452409727,2.9364678344729036
8384,COc1c(Cl)c(OCC(F)(F)F)nc(C(Cl)(Cl)Cl)c1Cl,0.6646336445602304,3.1421809537624785
8385,O=C1c2cccc(O)c2C(=O)N1c1ccccc1,0.7758923269337551,1.8357828468063957
8386,O=S(=O)(CS(=O)(=O)C(F)(F)F)c1ccc(Cl)cc1Cl,0.8342297823425885,2.602055674293748
8387,CN(C)CCCOc1cc(C(=O)Nc2nccs2)n(Cc2ccccc2)n1,0.5735033084488762,2.4160076186427553
8388,CC1CC(=O)N(OS(=O)(=O)/C=C/c2ccccc2)C1=O,0.7823849079121676,3.2776675376394673
8389,C/C=C(\NC(=O)/C=C/C=C/C)C(=O)O,0.5232955094245625,3.059666864278416
8390,CCCN(CCC)CCc1cc(Br)cc(Br)c1OCCc1ccccc1.O=C(O)C(=O)O,0.338147413870349,2.4440567026081386
8391,COc1ccc(CCN2CCCC2)cc1OCCc1ccccc1.O=C(O)C(=O)O,0.6396410112492013,1.9979734832876428
8392,Cc1ccc(C)n1Nc1ccc(N2CCN(C)CC2)nn1,0.9269045364480488,2.6406436204321686
8393,O=C1c2cccc([N+](=O)[O-])c2C(=O)N1c1ccccc1,0.4755028514745773,1.8958218393474837
8394,CCCN(CCC)C1CCc2c(cccc2OC)C1,0.7743731542716096,2.668005860597722
8395,CN1CCN(C2=C(Cl)C(=O)c3ccccc3C2=O)CC1,0.7902293538680569,2.211625410776053
8396,C=CCN(C)S(=O)(=O)c1ccc(-n2ncc(=O)[nH]c2=O)cc1C,0.7760081353717047,2.703157638978796
8397,COCCN(CCOC)S(=O)(=O)c1c(C)cc(-n2ncc(=O)[nH]c2=O)cc1C,0.6058985358356597,2.7267000547841196
8398,CC(=O)NCCc1cccc2ccc3c(c12)C=CCO3,0.9282206960100772,2.6013964319962124
8399,c1ccc(CSc2nc[nH]n2)cc1,0.7552435030085431,2.6318823535591207
8400,Cc1c[nH]c(Cc2ccc(OCC(O)CNC(C)(C)C)cc2)n1,0.7334126673561135,3.1435474112008848
8401,C=CCN1CC[C@@H]2Cc3c(O)cccc3C[C@H]21,0.7869816574360474,3.364051113493213
8402,O=C1C(Cl)=C(Nc2ccc(Cl)cc2)C(=O)c2cnccc21,0.9172470983243884,2.28348247310492
8403,COc1ccc(C2(O)CN(CCOC(c3ccc(OC)cc3)(c3ccc(OC)cc3)c3ccc(OC)cc3)C2)cc1,0.24011460357278555,2.5280676006379785
8404,CN(C)CCCNC(=O)c1c(Cl)cccc1Cl,0.8378272600036488,1.8525083878606239
8405,COC(=O)Nc1nc2cc(C(=O)Nc3ccc(S(=O)(=O)c4ccc(NC(=O)c5ccc6[nH]c(NC(=O)OC)nc6c5)cc4)cc3)ccc2[nH]1,0.1239683042890434,2.861003733412849
8406,COc1ccccc1N1CCN(CCCc2cc(Cl)ccc2OCCc2ccccc2)CC1.O=C(O)C(=O)O,0.3420882722135111,2.3030740557256433
8407,CCCN1CC[C@@H]2Cc3c(cccc3OC)C[C@@H]21,0.8116292261736288,3.046126512408489
8408,NS(=O)(=O)Oc1ccc2ccc(=O)oc2c1,0.7657111659701208,2.294283440383298
8409,CC(=O)C1=CCCN(NC(=O)c2ccccc2)C1,0.8773279847628533,2.5009303581186106
8410,CC(=O)N1CCC(=C2c3ccc(Cl)cc3CCc3cc(C(C)O)cnc32)CC1,0.7800045161509479,3.1646346662149334
8411,C=C1C(=O)c2ccccc2OC1c1ccc(C#N)cc1,0.7388028897301497,2.848167044448447
8412,CC(C)(C)OC(=O)Nc1ccc(C(=O)NCC/N=C(\NC#N)NCCCOc2cccc(CN3CCCCC3)c2)cc1,0.09659939699473523,2.750784658473563
8414,CCOC(=O)c1c[nH]c(-c2ccc(OCC(O)CNCCc3ccc(OC)c(OC)c3)cc2)n1,0.2586275889419787,3.0209820221845636
8415,Cc1cc(-n2ncc(=O)[nH]c2=O)ccc1S(=O)(=O)N(C)C1CCCC1,0.8635332091084527,2.5558131090863423
8416,O=C1OC(O)(c2ccc(OCc3ccccc3)cc2)C(Cc2ccccc2)=C1c1ccc2c(c1)OCO2,0.34876828136458304,2.9401909117987604
8417,CCn1c(=O)c2nc(-c3ccc(Br)cc3)[nH]c2n(CC)c1=O,0.7765675539123347,2.5096633319660757
8418,COc1ccc(CCNCC(O)COc2ccc(-c3nc(C(N)=O)c[nH]3)cc2)cc1OC,0.31563659492605173,3.0161447795029535
8419,O=C(O)/C(Cc1ccccc1[N+](=O)[O-])=N\Nc1nc(-c2ccc(-c3ccccc3)cc2)cs1,0.20503652254184673,2.4648015312280798
8420,CCN(CC)CC(O)COc1ccc(NS(C)(=O)=O)cc1,0.7140962870897409,2.502544262201731
8421,O=C1c2ccccc2C(=O)N1CCc1ccccc1,0.7859928393760491,1.5472282442238185
8422,C=C(C)[C@@H]1CC[C@]2(C(=O)NCCCCCCCNC(=O)CCC(=O)O)CC[C@]3(C)[C@H](CCC4[C@@]5(C)CC[C@H](O)C(C)(C)[C@@H]5CC[C@]43C)[C@@H]12,0.11711153748271397,4.886276759602421
8423,O=c1cnn(-c2ccc(S(=O)(=O)N3CCSC3)c(Cl)c2)c(=O)[nH]1,0.8262767877293717,2.80148424412768
8424,CCCCC[C@@H](O)/C(F)=C\[C@@H]1[C@@H](C/C=C\CCCC(=O)OC)[C@@H](O)C[C@H]1O,0.27172749243355765,4.301769481080239
8425,COC(=O)Nc1cnc(-c2cccs2)n(CC(=O)NC(C(=O)C(F)(F)F)C(C)C)c1=O,0.6550937799089522,3.2212438458841293
8426,Cn1c(=O)c2nc(-c3cccc([N+](=O)[O-])c3)[nH]c2n(C)c1=O,0.5473742906090238,2.5309295110329106
8427,CCCN1[C@@H](C)C[C@@H]2Cc3cccc(OC)c3C[C@@H]21,0.8257027292076863,3.535816623824772
8428,CCCN1[C@H](C)C[C@@H]2Cc3cccc(OC)c3C[C@@H]21,0.8257027292076863,3.535816623824772
8429,CCCN1CC[C@@H]2Cc3c(cccc3OC)C[C@H]21,0.8116292261736288,3.046126512408489
8430,O=C(O)COc1cccc2c1CCCC2CCC(=O)NN(c1ccccc1)c1cccnc1,0.4673582926899764,3.119766231702094
8431,O=C1C(Cl)=C(Nc2ccc(I)cc2)C(=O)c2cnccc21,0.7683647288843597,2.4717807781896663
8432,CCCN1CCN(CCCCN2C(=O)CC3(CCCC3)CC2=O)CC12COc1cccc(OC)c1C2,0.40124418691393854,4.281398781592134
8433,COc1ccc2c(c1)C(n1c(Br)nc3c(O)nc(N)nc31)CCC2,0.6532558566820081,3.247289947307566
8434,CC(C)C(NC(=O)Cn1c(C2CCCCC2)ncc(NC(=O)OCc2ccccc2)c1=O)C(=O)C(F)(F)F,0.49300893956758374,3.224028488355634
8435,CN(C)c1ccn(C)c(=O)n1,0.5626664738432602,2.7182793813900687
8436,Oc1c(Cl)c(OCC(F)(F)F)nc(C(Cl)(Cl)Cl)c1Cl,0.7463840829630224,3.24453740506298
8437,COc1ccc(CCNCC(O)COc2ccc(-c3nc(-c4cccs4)c[nH]3)cc2Cl)cc1OC,0.2297485057284634,3.1704370880118082
8438,O=C(Nc1ccc(O)cc1)NC1CCCCC1,0.6889437382425669,1.6853931124528003
8439,Clc1cccc(OC(CC2CNC2)c2ccc(Cl)c(Cl)c2)c1,0.7766504080488906,2.8199294057736104
8440,CN(CCO)S(=O)(=O)c1ccc(-n2ncc(=O)[nH]c2=O)cc1Cl,0.7177320178838609,2.602067316398152
8441,CCCCCCCCCC/C=C(\NC(=O)C1CC1(C)C)C(=O)O,0.40570639400987346,3.0105636875656483
8442,C/C=C(\NC(=O)CNC(=O)CC(C)C)C(=O)O,0.5818035307707664,2.4686931552671307
8443,Cc1cc(=O)oc2cc(O)c(OS(N)(=O)=O)cc12,0.762152134180596,2.512410618299608
8444,NS(=O)(=O)Oc1ccc2c(c1)OCC=C2,0.8051420953682312,2.8429298221006203
8445,Nc1ccc2c(c1)C(=O)N(c1ccccc1)C2=O,0.6106684452828729,1.7639918965801495
8446,O=c1cnn(-c2cc(Br)c(S(=O)(=O)N3CCOCC3)c(Br)c2)c(=O)[nH]1,0.6613875287038933,2.790294714437511
8447,COc1ccc(C2=NN(CN3CCNCC3)C(=O)CC2)cc1,0.8970762990150185,2.468092347571373
8448,O=C(O)COc1cccc2c1CCC=C2CCn1cc(C(c2ccccc2)c2ccccc2)cn1,0.33261469547866623,2.7091039059558693
8449,C/C=C(\NC(=O)C1CC1(C)CC)C(=O)O,0.6928284977581799,3.887772015871379
8450,C/C=C(\NC(=O)CCCCCCCCCCCCC)C(=O)O,0.3577887863887172,2.2459962449547266
8451,COC(=O)Nc1nc2cc(C(=O)NC3NC=CS3)ccc2[nH]1,0.6836408739080931,3.568747307226995
8452,CC1(C)Oc2ccc(S(=O)(=O)N3CCCCC3)cc2[C@H](N(Cc2ncc[nH]2)c2ccc(Cl)cc2)[C@H]1O,0.48604101369788066,3.589282466676953
8453,CCCN(CCCCN1C(=O)CC2(CCCC2)CC1=O)C1COc2cccc(OC)c2C1,0.4237406786115096,3.7397892889169286
8454,NC(=O)CSc1ccncc1S(N)(=O)=O,0.682738691165078,2.5085069649577623
8455,Cc1cc(C)cc(-c2[nH]c3ccccc3c2CCNCc2cccnc2)c1,0.46797909451996605,2.228970168264505
8456,Nc1ncn(Cc2cccc(Cl)c2)n1,0.8151305795394019,2.082195201076754
8457,N#Cc1ccc(COc2nc3ccccc3c(=O)n2-c2cccc(C(=O)O)c2)cc1,0.5522452277172605,2.244475463865202
8458,CC(C)(C)CC(C)(C)NC(=O)NC1CCCCC1,0.7892403037264535,2.1977683106073
8459,NS(=O)(=O)Oc1ccc2c(c1)OC(=O)CC2,0.5875878177600383,2.6006956781455344
8460,CCN(C)CCN(CCOCCSc1nc(-c2ccc(OC)cc2)c(-c2ccc(OC)cc2)[nH]1)C(=O)Nc1ccc(F)cc1F,0.10502704152278694,2.878051245327688
8461,CC(C)Oc1ccc2c(C(=O)N3CCC(N4CCC(Cc5ccc(SC(C)C)cc5)CC4)CC3)cccc2c1,0.27228116027137467,2.601316276005363
8462,CC(N)Cc1ccccc1.O=S(=O)(O)O,0.6594121748055052,2.146684367860928
8463,O=C1CCC(=O)N1OS(=O)(=O)/C=C/c1ccccc1,0.7710032056992993,2.6458582323488997
8464,CCCN(CCC)CCc1cc(Cl)cc(Cl)c1OCCc1ccccc1.O=C(O)C(=O)O,0.4136027156916754,2.373871026215566
8465,O=c1cnn(-c2ccc(S(=O)(=O)N3CCCCC3)c(Cl)c2)c(=O)[nH]1,0.8577862200032814,2.38786678791654
8466,COC(=O)Nc1nc2cc(C(=O)Nc3ccccn3)ccc2[nH]1,0.6878135867667093,2.1833929198269804
8467,FC(F)(F)Oc1ccc(/C=C2\CCCN=C2c2cccnc2)cc1,0.8200280274362918,2.5086006969666084
8468,COC(=O)c1cc2c3cc(O)ccc3nc-2c[nH]1,0.6410307650384846,2.545878774408205
8469,N=C(N)NCCCC[C@H](N)C(=O)NCCCC[C@H](N)C(=O)N[C@@H](CCN)C(=O)N1CC[C@H]1C(=O)N[C@@H](CCCNC(=N)N)C(=O)O,0.028262487048168933,4.3024102514284825
8470,C[C@@H]1[C@@H](O)[C@@H](O)[C@@]2(n3cc(-c4ccc(F)cc4)c4c(Nc5ccccc5)ncnc43)C[C@@H]12,0.4547120756415582,4.1036962496161
8471,O=C(c1ccc[nH]1)N1CCC(Nc2cccnc2)CC1,0.8978232666649895,2.2913478684031716
8472,CC[C@@H](Cn1ccnc1)NC(=O)c1ccc(-c2ccccc2)cc1,0.7517929368049681,2.442657193590696
8473,Cc1c(-c2nsc(=O)o2)c(=O)oc2cc3occ(-c4ccc(Br)cc4)c3cc12,0.3329225023246755,2.9970100446626624
8474,Cl.Cl.OC(c1cc(-c2ccncc2)nc2ccccc12)C1CCCCN1,0.6973369747202441,3.2641672436276608
8475,Cc1c(F)cccc1NC(=O)Nc1ccc(Cl)c(S(=O)(=O)[C@H]2CCCNC2)c1O.Cl,0.4956826533215954,3.1536950523754985
8476,Cc1ccc(S(=O)(=O)NNC(=O)COc2ccc(SC(F)(F)F)cc2)cc1,0.5314973158690076,2.2411176458297053
8478,C/C=C(\NC(=O)CCCCCCCCCCC)C(=O)O,0.41984968535149036,2.2370976135732565
8479,CCCN(CCC)C1Cc2cccc3c2N(C1)C(=O)CC3,0.8304799928093555,3.070271306736144
8480,CC(=O)Oc1ccc(C[C@H](NC(=O)C(CSC(C)=O)C(C)c2ccccc2)C(=O)OCc2ccccc2)cc1,0.24933669178152948,3.4024158619000264
8481,Cn1cc(NC(=O)c2cc([N+](=O)[O-])cn2C)cc1C(=O)O,0.6482298816438595,2.5163908731794216
8482,CCN(C)S(=O)(=O)c1ccc(-n2ncc(=O)[nH]c2=O)cc1Cl,0.8534468083259603,2.568550997343209
8483,CC1(C)Oc2ccc(C#N)cc2[C@H](N(Cc2ncc[nH]2)c2ccc(Cl)cc2)[C@H]1O,0.6748304428674042,3.582072212296292
8484,O=C(O)CCSC1=CC(=O)c2c(O)ccc(O)c2C1=O,0.7223676781803646,2.689902974878617
8485,COCCOCCN(CCCCCSc1nc(-c2ccc(OC)cc2)c(-c2ccc(OC)cc2)[nH]1)C(=O)NC(C)C,0.13759891930743343,2.7380980806167763
8486,O=C1C(Cl)=C(Nc2ccc(Br)cc2)C(=O)c2ncccc21,0.8818225553638255,2.3237724339914916
8487,CCCN(C)S(=O)(=O)c1c(C)cc(-n2ncc(=O)[nH]c2=O)cc1C,0.8467521396651638,2.633178236682326
8488,CC(C)(C)c1cc(O)c(C2CCCCC2)cc1O,0.7210830448812976,2.3239771214393237
8489,CC(NC(=O)C(CS)C(C)c1ccc2c(c1)OCO2)C(=O)O,0.6927147172940963,3.4322841144100904
8490,O=C1C(CO)=C(Sc2ccccc2)C(=O)c2ccccc21,0.9452965492929701,2.327902851201401
8491,COc1ccc(CCN2CCN(c3ccccn3)CC2)cc1OCCc1ccccc1.O=C(O)C(=O)O,0.42162314906569187,2.253963538026291
8492,C=CCN1CC[C@@H]2Cc3cccc(OC)c3C[C@@H]21,0.7567965866350786,3.2195895301599684
8493,CC/C(=C(\c1ccc(OC(C)=O)cc1)c1cccc(OC(C)=O)c1)c1cccc(OC(C)=O)c1,0.2517355882026846,2.449449918333947
8494,O=C(NS(=O)(=O)c1ccc(N[C@H](CCN2CCOCC2)CSc2ccccc2)c(S(=O)(=O)C(F)(F)F)c1)c1ccc(N2CCN(Cc3cccnc3-c3ccc(Cl)cc3)CC2)cc1,0.09514680665547255,3.897787279970709
8495,CCCCCCNC(=O)NC,0.5847618800582663,1.7868080286049235
8496,CC1=CC(=O)C(C2C=CCCC2)=CC1=O,0.4829315498294844,3.610305420492507
8497,C=CCN1CC[C@@H]2Cc3c(cccc3OC)C[C@@H]21,0.7567965866350786,3.2140510686215062
8498,N#CCC12NC(Cc3ccccc31)c1ccccc12,0.839114626737381,4.1786025829679785
8499,C=C(C)[C@@H]1CC[C@]2(C(=O)NCC(=O)NCCCCCCCC(=O)O)CC[C@]3(C)[C@H](CCC4[C@@]5(C)CC[C@H](O)C(C)(C)[C@@H]5CC[C@]43C)[C@@H]12,0.12740742974430183,4.871131712050842
8500,CC(NC(=O)C(CS)C(C)c1ccc(F)cc1)C(=O)O,0.7044884154030502,3.2148006019616506
8501,C=C(C)[C@@H]1CC[C@]2(C(=O)NCCCCCCC(=O)NCCC(=O)O)CC[C@]3(C)[C@H](CCC4[C@@]5(C)CC[C@H](O)C(C)(C)[C@@H]5CC[C@]43C)[C@@H]12,0.12740742974430183,4.870352463392525
8504,CC1(C)CC1C(=O)N/C(=C\CCCBr)C(=O)O,0.4493590751140609,3.4535455268857893
8505,O=C1c2ccccc2C(=O)N1CCCc1ccccc1,0.7970329557240577,1.5944062463198208
8506,C=CCC/C=C(\NC(=O)C1CC1(C)C)C(=O)O,0.4220512095531231,3.459033638773901
8507,C=CCn1c(=O)c2nc(-c3ccc(Cl)cc3N)[nH]c2n(CC=C)c1=O,0.5396034387894628,2.9355388615947025
8508,O=C1C(Cl)=C(Nc2ccc(F)cc2)C(=O)c2cnccc21,0.9254816118235873,2.2895419255169145
8509,Cc1ccc(C2=NN(CN3CCCCC3)C(=O)CC2)cc1,0.8558588500749932,2.304105663307327
8510,COc1cc(C(C)C(CS)C(=O)NC(Cc2ccc(O)cc2)C(=O)O)ccc1O,0.39909580718251225,3.339160644664714
8511,O=C1C(Cl)=C(Nc2ccccc2)C(=O)c2ncccc21,0.9207568765056888,2.206759520087795
8512,CC(C)C(NC(=O)Cn1c(-c2ccc(NC=O)cc2)ncc(NC(=O)OCc2ccccc2)c1=O)C(=O)C(F)(F)F,0.2974763937689063,3.267163260767953
8513,N#Cc1ccc(NC2=C(Cl)C(=O)c3cccnc3C2=O)cc1,0.921895237308547,2.4111248460205026
8514,O=C1C(Cl)=C(Nc2ccc(I)cc2)C(=O)c2ncccc21,0.7683647288843597,2.4491223688024437
8515,CNC(=O)Nc1ccc(CCCCNCCc2c(-c3cc(C)cc(C)c3)[nH]c3ccccc23)cc1,0.20465231490063987,2.4158939561632806
8516,COc1ccc(C2(O)OC(=O)C(c3ccc4c(c3)OCO4)=C2Cc2cc(OC)c(OC)c(OC)c2)cc1C,0.43890212246084553,3.237872682665995
8517,CCCCOc1c(Cl)c(OC)nc(C(Cl)(Cl)Cl)c1Cl,0.5154958305143605,2.9127452512168244
8518,CCC(C)(C)/N=C(\NC#N)Nc1cccnc1,0.36147366320387736,2.931726483640883
8519,CC/C(=C(\Cc1ccccc1)c1ccc(OCN(C)C)cc1)c1ccccc1,0.34781771287111635,2.300440023295142
8520,Nc1ncnc2c1ncn2CC(O)CO,0.5829637967894666,2.9604131128001985
8521,CC(C)C(NC(=O)Cn1c(-c2ccccc2)ccc(NC(=O)OCc2ccccc2)c1=O)C(=O)C(F)(F)F,0.4235824465523346,2.968328268575412
8522,CCOC(=O)N(c1ccccc1)C1c2cc(C#N)ccc2OC(C)(C)C1O,0.8934064732088416,3.3652993914498612
8523,N[C@H](CCCCSc1cc(Cl)ccc1O)C(=O)O,0.5308523385139432,2.709735765357113
8524,O=C(NN1CC=C(CO)CC1)c1ccccc1,0.7630549215847623,2.4587799256396146
8525,COCc1[nH]c(-c2ccc(OCC(O)CNCCc3ccc(OC)c(OC)c3)cc2)nc1C,0.3407700603688095,2.9518136744189523
8526,CCCCC[C@](C)(O)/C=C/[C@@H]1[C@@H](C/C=C\CCCC(=O)O)[C@@H](O)C[C@H]1O.NC(CO)(CO)CO,0.12312385492780675,4.510979188896735
8527,O=C(OCCOCn1cc(F)c(=O)[nH]c1=O)c1ccccc1,0.6199644359903251,2.2340772033406022
8528,Cc1cn(COCCN)c(=O)[nH]c1=O,0.5944589158784,2.546475322534242
8529,O=C(O)CN1CCC(CS)C1=O,0.60694067268542,3.3048936707887346
8530,CN(C)c1ccc(/C=C(\C#N)c2nc3ccccc3[nH]2)cc1.Cl,0.7373862157121414,2.371240974896912
8531,CC/C(Cc1ccccc1)=C(\c1ccccc1)c1ccc(OCN(CC)CC)cc1,0.34685466858978203,2.3540936613854058
8532,CC(=O)c1cnc2c(c1)CCc1cc(Cl)ccc1C2=C1CCN(C(C)=O)CC1,0.6698231691199856,2.6483541853637345
8533,CCCc1nc2c(n1Cc1ccc(-c3ccccc3S(=O)(=O)Nc3onc(C)c3C)c(CO)c1)C(=O)CCCC2,0.2630228853084691,3.031433904358728
8534,CC(=O)SCC(C(=O)N[C@@H](C)C(=O)OCc1ccccc1)C(C)c1ccccc1,0.6307326402035774,3.20250525139413
8535,Cc1cn(COCCOC(=O)c2ccccc2)c(=O)[nH]c1=O,0.6257046579329089,2.1569250941594618
8536,Cc1cc(O)n2nc(NS(=O)(=O)c3ccc(Cl)cc3)nc2n1,0.7495679637322316,2.5094681238954593
8537,C/C=C(\NC(=O)CC1CC1)C(=O)O,0.6359427566730828,2.570536582588012
8538,O=C(O)c1cccc(C(=O)/C=C/c2ccc(OCc3ccc4ccccc4n3)cc2)c1O,0.31534579828038517,2.2772528795196827
8539,C/C=C(\NC(=O)CCC)C(=O)O,0.6171611699935836,2.4878070700927015
8540,Nc1c2c(nc3ccccc13)CCCC2,0.7064882384087371,2.0147191327899314
8541,CCCC/C=C(\NC(=O)C1CC1(C)C)C(=O)O,0.551847616486266,3.185439932480195
8542,C/C=C(\NC(=O)[C@@H]1C[C@H]1C)C(=O)O,0.6342367380064814,3.399172676124163
8543,C/C=C(\NC(=O)C1CCCCC1)C(=O)O,0.6977047157252614,2.33259090492024
8544,COc1ccc(NS(=O)(=O)c2c(C)cc(-n3ncc(=O)[nH]c3=O)cc2C)cc1,0.6639872990994491,2.3914159362710556
8545,CCOC(=O)Nc1nc2cc(C(=O)Nc3ccccc3)ccc2[nH]1,0.685187345572913,1.9719077203779793
8547,CNC[C@H](N)C(=O)O,0.42656624946306954,2.833270632003508
8548,O=C(O)c1cccc(C(=O)/C=C/c2cccc(/C=C/c3ccc4ccccc4n3)c2)c1O,0.30775125872349657,2.4566433477471072
8549,CCC(=O)CCCCC[C@@H]1NC(=O)CNC(=O)C[C@H]([C@@H](C)CC)N(C)C(=O)[C@H](Cc2cc3ccccc3[nH]2)NC1=O,0.3091631530038657,4.731372543400957
8550,CC(C[PH](=O)C(C)N)C(=O)O,0.6180539919143199,4.826673144802613
8551,NC(CCCSc1cc(Cl)ccc1O)C(=O)O,0.5481260335185707,2.7488445691478756
8552,C/C=C(\NC(=O)CC(C)CC)C(=O)O,0.6596786297776563,3.0846605796884194
8553,CC1(C)CC1C(=O)N/C(=C\CCCSc1ncccc1O)C(=O)O,0.37867437207159343,3.461931614554347
8554,COc1ccc2cc3n(c(=O)c2c1OC)CCc1cc2c(cc1-3)OCO2,0.7103992164327382,2.5734762586944306
8555,[O-][S+](Cc1ccccc1)c1c[nH]nn1,0.7666980923599886,4.097851574059902
8556,CC(=O)Nc1ccn(COCCOC(=O)Oc2ccccc2)c(=O)n1,0.45782056963016204,2.428168895981626
8557,CCCCCCCCCCCCNC(=O)NC1CCCC1,0.48043885024763405,1.8800047805834943
8558,CN(C)CCc1c[nH]c(CCC(c2ccccc2)c2ccccc2)n1,0.6671242786814392,2.540047021213523
8559,CC1(C)CC1C(=O)N/C(=C\CCCCSc1ccccc1C(=O)O)C(=O)O,0.31854762429088573,3.146578453199951
8560,O=c1cnn(-c2ccc(S(=O)(=O)NC3CCCCC3)c(Cl)c2)c(=O)[nH]1,0.8212165317024698,2.466661565846973
8561,C=C(C)[C@@H]1CC[C@]2(C(=O)NCCCCCCCCCCCCC(=O)O)CC[C@]3(C)[C@H](CCC4[C@@]5(C)CC[C@H](O)C(C)(C)[C@@H]5CC[C@]43C)[C@@H]12,0.11980644719325313,4.858921733050026
8562,COc1ccccc1N1CCN(c2ccc(Nn3c(C)ccc3C)cc2)CC1,0.7190232382813596,2.2491306215857403
8563,Clc1ccc(OCCc2ccccc2)c(CCCN2CCN(c3ccccn3)CC2)c1.O=C(O)C(=O)O,0.39925218051344286,2.316326614949368
8564,CC(=O)Nc1ccn(COCCN=[N+]=[N-])c(=O)n1,0.3421865465451516,2.981072349068837
8565,CCc1ccc(CC)n1Nc1ccc(N2CCOCC2)nn1,0.9164926757892604,2.8561308091098336
8566,NCCc1c[nH]c(CC(c2ccccc2)c2ccccc2)n1,0.7319809553846186,2.508005250677881
8567,N[C@@H](CO)C(=O)O,0.39424034920477014,2.629884123506786
8568,NCCc1c[nH]c(C(c2ccccc2)c2ccccc2)n1,0.752671337511989,2.489958756908596
8569,CC/C(=C(\Cc1ccccc1)c1ccc(OCN2CCCC2)cc1)c1ccccc1,0.3930102509328378,2.266860031009582
8570,CN(C(=O)NC1CCCCC1)c1ccccc1,0.8342339982368372,1.8466386383554685
8571,O=C1c2ccccc2C(=O)c2c1sc1nccn21,0.482983321601435,2.6195769644534526
8572,O=C(O)/C(Cc1ccccc1[N+](=O)[O-])=N\Nc1nc(-c2ccc(N3CCOCC3)cc2)cs1,0.2916518176093562,2.6458407215114796
8573,Cc1cc(C)cc(-c2[nH]c3ccccc3c2CCNCCCCc2ccc3c(c2)CCCC3)c1,0.25408558975053314,2.460736938576863
8574,COc1ccc(C(=O)N2CC(=O)N(Cc3cc(Cl)ccc3O)[C@@H](CCc3ccccc3)C2)cc1,0.5409243691780024,2.788355218060852
8575,c1ccc(OCc2nc3ccccc3n2-c2cc(-c3ccccc3)n[nH]2)cc1,0.47642843575562266,2.3218883138934316
8576,CC(C)NC(=O)COC(=O)c1cccc2cn[nH]c12,0.8110213424229741,2.1713453150774917
8577,Nc1n[nH]c(NS(=O)(=O)c2ccccc2)n1,0.7069311604648761,2.2738530907329473
8578,Cc1cc(C(=O)O)c(O)c(C(=O)/C=C/c2cccc(/C=C/c3ccc4ccccc4n3)c2)c1,0.2858783750270593,2.547713385823652
8579,CCn1c(=O)c2nc(-c3ccccc3)[nH]c2n(CC)c1=O,0.7935397316288103,2.3907244548519877
8580,CN(Cc1ccccc1)S(=O)(=O)c1ccc(-n2ncc(=O)[nH]c2=O)cc1Cl,0.6889819464361623,2.367868731068791
8581,FC(F)(F)COc1nc(C(Cl)(Cl)Cl)c(Cl)c(OCC(F)(F)F)c1Cl,0.4013737606538008,3.239525111682326
8582,CCCN(CCC)CCc1cc(Br)ccc1OCCc1ccccc1.O=C(O)C(=O)O,0.4328733768122256,2.2614450610684607
8583,CCOc1ccc(/N=C/c2ccc(O)c(OC)c2)c(O)c1,0.827985535305492,2.2345304522444245
8584,CC(=O)Nc1ccc(CCCCNCCc2c(-c3cc(C)cc(C)c3)[nH]c3ccccc23)cc1,0.2380306348087615,2.3281206528625766
8585,CCNC(=O)Nc1ccc(CCCCNCCc2c(-c3cc(C)cc(C)c3)[nH]c3ccccc23)cc1,0.17867469588209386,2.4184476420076795
8586,O=C(O)[C@H]1CSC(c2ccc(O)cc2O)=N1,0.7171428972885024,3.342953993820138
8587,C[C@]1(C(=O)O)CSC(c2ncccc2O)=N1,0.8064401921343508,3.6674921057082495
8588,CCCCCCCN(CCCCCSc1nc(-c2ccc(N(C)C)cc2)c(-c2ccc(N(C)C)cc2)[nH]1)C(=O)Oc1ccccc1,0.08622740727267653,2.859821672575606
8589,Cc1cc(-n2ncc(=O)[nH]c2=O)ccc1S(=O)(=O)N1CCN(C=O)CC1,0.6578206525568939,2.7060141048482755
8590,O=C(O)COc1cccc2c1CCC(CCCOC(c1ccccc1)c1ccccc1)C2,0.41057012889442424,2.79134795570482
8591,CC(=O)NCCC1CCCc2ccc3c(c21)CCCO3,0.9192022682599553,3.0291766912444835
8592,CCC1CCCCC1NS(=O)(=O)[O-].[Na+],0.44976476072047017,3.834144630688593
8593,C=C1COc2ccccc2C1=O,0.5409236071250906,2.4530881677426795
8594,C=C1C(=O)c2cc(Br)ccc2OC1c1ccc(Br)cc1,0.6308651871687921,2.9282177674096967
8595,O=C(OCCOCn1ccc(=O)[nH]c1=O)c1ccccc1,0.6128162943432498,2.151341312739863
8596,CC(=O)NCCc1cccc2ccc3c(c12)C(=O)CO3,0.9279326380748683,2.3995587103711955
8597,COC1=C(N)C(=O)c2nc(-c3nc(C(=O)O)c(C)c(-c4ccc(OC)c(OC)c4O)c3N)ccc2C1=O,0.38104493075279827,3.224250175388927
8598,O=C(O)c1cc(Br)cc(C(=O)/C=C/c2cccc(/C=C/c3ccc4ccccc4n3)c2)c1O,0.2342113363022221,2.5878245151198875
8599,O=C(NC1=CC=CC2C(=O)C=C(c3nn[nH]n3)OC12)c1ccc(OCCCCc2ccccc2)cc1,0.4477781176116997,3.7894705739082326
8600,CC(c1ccccc1)C(CSC(=O)C12CC3CC(CC(C3)C1)C2)C(=O)N[C@@H](C)C(=O)O,0.619245373768544,4.774147888580112
8601,Cc1cc(C)cc(-c2[nH]c3ccccc3c2CCNCCc2cccnc2)c1,0.4384555679635915,2.2850747116420234
8602,CC12CC3(C)CC(C)(C1)CC(NC(=O)N(CCCl)N=O)(C2)C3,0.480612191617821,4.715603363190475
8603,Cc1noc(C2=CCCNC2)n1,0.6669196420408765,3.101345077891353
8604,CC1(C)C=C(n2ccccc2=O)c2cc(S(=O)(=O)NC(=O)NC3CCCCC3)ccc2O1,0.7331928084236471,2.7955309731651674
8605,CCCCCCCCCCCCCCCCNC(=O)OCC1(COC(=O)N(Cc2cccc[n+]2CC)C(C)=O)CN(C(C)=O)C1.[I-],0.11026352440241374,3.4352314187349595
8606,O=c1cnn(-c2cc(Cl)c(S(=O)(=O)N3CCOCC3)c(Cl)c2)c(=O)[nH]1,0.7803613992831874,2.6278211358421952
8607,CCOCCn1c(COc2ccc(/C=C/C(=O)c3ccc(C(=O)O)cc3O)cc2)nc2ccccc21,0.17525231862064317,2.451884966072713
8609,O=C(O)C1Cc2ccccc2CN1,0.6662592076417558,2.57946298724835
8610,CC(C)Oc1cccc2c1C(=O)N(COC(=O)c1c(Cl)cccc1Cl)S2(=O)=O,0.6531832682233568,2.691352281504768
8611,N#Cc1cc(Cl)cc(C(=O)/C=C/c2cccc(/C=C/c3ccc4ccccc4n3)c2)c1O,0.2847676269032822,2.648128130355804
8612,COc1c(Cl)c(C(Cl)(Cl)Cl)nc(C(Cl)(Cl)Cl)c1Cl,0.5237456241621211,3.3552215798380676
8613,COc1ccc(CCNCC(O)COc2ccc(-c3nc(-c4cccs4)c[nH]3)cc2)cc1OC,0.2612344523275775,3.068205841664054
8614,CN(C(=O)c1c(O)c2ccccc2n(C)c1=O)c1ccccc1,0.7910337931744736,2.074405397973834
8615,C=CCN(C)S(=O)(=O)c1ccc(-n2ncc(=O)[nH]c2=O)cc1Cl,0.779625055860641,2.724127862303858
8616,Nc1ccc(/C=C2\CCCN=C2c2cccnc2)cc1,0.8448406949621711,2.4479220535400685
8617,C[N+](C)(C)CCCCC/C=C(\NC(=O)C1CC1(Cl)Cl)C(=O)O,0.290058920565574,3.5955721770939704
8618,Cc1cn(COCCO)c(=O)[nH]c1=O,0.5985051795289968,2.4751202618054986
8619,CC1(C)CC1C(=O)N/C(=C\CCCCCC/C=C(\NC(=O)C1CC1(C)C)C(=O)O)C(=O)O,0.25136340553925063,3.923708754425359
8620,CCCCCCCCCCCCCCCCCCNC(=O)OCC1(COC(=O)CCCCC[n+]2ccsc2)COC1.[Br-],0.07940422869492253,3.2400454277043327
8621,CCc1ccc(CCNC(=O)c2cc(Cl)ccc2OC)cc1S(=O)(=O)/N=C(\S)NC,0.3134135462320891,2.7299214999051706
8622,CCCCCCCCCCCCCCCCCCNC(=O)OCC1(COC(=O)CCCCC[n+]2ccccc2)CSC1.[Br-],0.0720837963037639,3.191344425312102
8623,COc1ccc2c(c1OC)C[N+]1([O-])CCc3cc4c(cc3C1C2)OCO4,0.611929274825102,3.80403368830627
8624,O=C(O)c1ccc(O)c(C(=O)/C=C/c2ccc(/C=C/c3ccc4ccccc4n3)cc2)c1,0.3077512587234966,2.374653046743763
8625,Cc1cc(-n2ncc(=O)[nH]c2=O)ccc1S(=O)(=O)N1CCOCC1,0.7773198898496874,2.442381368857985
8626,O=S(=O)(Cc1ccccc1)c1nc(O)n[nH]1,0.81189639001927,2.6725607830406393
8627,N[C@@H](CCO)C(=O)O,0.43453852525043524,2.655908324311202
8628,CCC(O)[C@H](N)C(=O)O,0.46884778362033647,3.2052329613129213
8629,Cc1cc(-n2ccnc2)c2cccc(OCc3c(Cl)ccc(N(C)C(=O)CNC(=O)Nc4ccc(C(=O)Nc5ccncc5)cc4)c3Cl)c2n1,0.1384222842296124,3.067940023850726
8630,CC1(C)CC1C(=O)N/C(=C\CCS(C)(=O)=O)C(=O)O,0.6954968112150351,3.4404616298284916
8631,CC1CC=NN1c1ccncc1S(N)(=O)=O,0.8054940201432439,3.6528812665474106
8632,CC1(C)CC1C(=O)N/C(=C\CCCCC#N)C(=O)O,0.5445243478129099,3.363279706751568
8633,CC1(C)CC1C(=O)N/C(=C\CCc1ccccc1)C(=O)O,0.7905889550364001,2.8819264484365483
8634,O=C(O)COc1cccc2c1CCC(Cn1cc(C(c3ccccc3)c3ccccc3)cn1)C2,0.39237976750863096,2.9838723171885295
8635,O=C1c2c(Cl)c(Cl)c(Cl)c(Cl)c2C(=O)N1CCc1ccccc1,0.4143991492239707,2.250933179567241
8636,CC(S(=O)(=O)c1ccc(OC(F)(F)F)cc1)S(=O)(=O)C(F)(F)F,0.7438842673901404,3.0251998730709104
8637,COC(=O)Nc1nc2cc(C(=O)N3CCOCC3)ccc2[nH]1,0.8690995783057549,2.236303576966977
8638,O=c1cnn(-c2ccc(S(=O)(=O)N3CCCC3)c(Cl)c2)c(=O)[nH]1,0.8543558674701917,2.3893340037430644
8639,CCCN(CCC)S(=O)(=O)c1ccc(-n2ncc(=O)[nH]c2=O)cc1Cl,0.7735115850697891,2.5698976162671396
8640,O=C(O)c1cc(Cl)c(O)c(C(=O)/C=C/c2ccc(OCc3ccc4ccccc4n3)cc2)c1,0.26891038889541036,2.3827394087369083
8641,N#Cc1ccc(O)c(C(=O)/C=C/c2ccc(OCc3ccc4ccccc4n3)cc2)c1,0.34755374548810913,2.3099560112947053
8642,COc1ccc(C(C)C(CS)C(=O)NC(Cc2ccc(O)cc2)C(=O)O)cc1OC,0.4296446802226175,3.258198185833944
8643,CC(=O)ON(/C=C\C(=O)c1ccc(F)cc1)Cc1ccccc1,0.46506454023481153,2.4375982345122953
8644,O=c1cnn(-c2cccc(Cl)c2)c(=O)[nH]1,0.7688469384680532,2.1543012506720487
8645,C/C=C(\NC(=O)CC1CCC1)C(=O)O,0.6670332277994999,2.5279071969187488
8646,C/C=C(\NC(=O)C(C)(C)C)C(=O)O,0.6337452513375844,2.636514269239596
8647,C/C(=C\c1ccc(Cc2cccnc2)cc1)C(=O)[O-].[Na+],0.5217617806071396,2.62342292825857
8648,CCCN(CCC)CCc1cc(Cl)ccc1OCCCc1ccccc1.O=C(O)C(=O)O,0.3332007950998822,2.2435178612770557
8649,Nc1ccn(C2OC(CO)C(Br)C2O)c(=O)n1,0.5944887971833455,3.95531535038608
8650,O=C1NC(=O)C(CC#Cc2ccc(C(F)(F)F)cc2)(S(=O)(=O)c2ccc(F)cc2)S1,0.43164377102989887,3.412821568948355
8651,C[N+]1(CCCl)CCc2ccc([N+](=O)[O-])cc2C1.[Cl-],0.32110119194841547,3.7404992661420433
8652,CC1(C)CC1C(=O)N/C(=C\CCCCCNCCP(=O)(O)O)C(=O)O,0.19748883308862933,3.5392340273757217
8653,COc1ccc2c(c1OC)CN1CCc3cc4c(cc3C1=C2)OCO4,0.8408257939679774,2.732736167683491
8654,O=c1cnn(-c2ccc(S(=O)(=O)N3CCC(O)CC3)c(Cl)c2)c(=O)[nH]1,0.7468559863955756,2.541561604069617
8655,CCn1cc(-c2ccc(C(=O)N3CCOCC3)c(Cl)c2)n2cncc2c1=O,0.6923134744480451,2.7271886991007577
8657,CCc1cccc(C)c1NC(=O)CSc1nnc2ccc(C(=O)Nc3cccc(F)c3)cn12,0.38727198623060693,2.3410197688023757
8658,Cc1cc(C)cc(-n2ncc(=O)[nH]c2=O)c1,0.7575266142615618,2.2917124613623177
8659,O=Cc1cnc2ccccc2c1,0.5927658677434062,1.9237929899792672
8660,CC(C)CC(=O)N/C(=C\CCC(=O)O)C(=O)O,0.5781409457495927,2.5002749734489473
8661,CCCOC(=O)C1C2C(=O)CC(c3ccc(OCC)cc32)C1C(=O)OCC[Si](C)(C)C,0.41550431215840683,4.583089247815241
8662,O=C1CC2(CCCC2)CC(=O)N1CCCCNCC1COc2c(ccc3ccccc23)O1,0.5237388338223188,3.6674651019105955
8663,C/C=C(\NC(=O)CC1CCCC1)C(=O)O,0.694998530520383,2.462494844882716
8664,Nc1ccc(S(=O)(=O)Nc2nc3ccccc3o2)cc1,0.720220921703225,2.1015166051080367
8665,CC1(C)CC1C(=O)N/C(=C\C1CC1)C(=O)O,0.7101170886335919,3.378639538763
8666,CC(C)Sc1ccc(CC2CCN(C3CCN(C(=O)c4ccccc4-c4ccccc4)CC3)CC2)cc1,0.30793824124202646,2.3920943805171326
8667,CCOC(CN(CC(OCC)OCC)S(=O)(=O)c1ccc(-n2ncc(=O)[nH]c2=O)cc1Cl)OCC,0.3349554147089586,3.178994351250866
8668,CCOC(=O)c1cnc2nc(NS(=O)(=O)c3ccc(Cl)cc3)nn2c1O,0.6173081538139051,2.5605467971559683
8669,O=C(/C=C/c1ccc(OCc2ccc3ccccc3n2)cc1)c1cc(-c2nn[nH]n2)ccc1O,0.2757483875509697,2.5068030924230165
8670,CNC(C)Cc1ccccc1,0.6911085509284692,1.9854235064721735
8671,CN/C(S)=N/S(=O)(=O)c1cc(CCNC(=O)c2cc(Cl)ccc2OC)c(OC)cc1OC,0.27453801214038825,2.7785368087089353
8672,CC(C)Oc1ccccc1N1CCN(CC(O)CC(=O)CN2CCCCC2=O)CC1,0.6619468082861281,2.938094026734472
8673,CC1(C)CC1C(=O)N/C(=C\CCC(=O)O)C(=O)O,0.6136988674523071,3.194104450088531
8674,C/C=C(\NC(=O)C1(C)CCCCC1)C(=O)O,0.7223821712147023,2.8064618921640747
8675,CC(CO)[C@H](N)C(=O)O,0.4620577675132716,3.2057553389352993
8676,CCC1CC(=O)N(OS(C)(=O)=O)C1=O,0.6090262233001241,3.4876490412268817
8677,CN1CCCCC1=O,0.4508867746793659,2.019010428217017
8678,CCCCCCCCCCCCCCCCCCNC(=O)OCC(C)(C)COC(=O)N(Cc1cccc[n+]1CC)C(C)=O.[I-],0.08633950327004127,3.2268284390772015
8679,CCCc1nc2c(n1Cc1ccc(-c3ccccc3S(=O)(=O)Nc3onc(C)c3C)c(C)c1)C(=O)CCCC2,0.26477299768086343,2.9354341955857812
8680,Cc1nccc2c1[nH]c1ccccc12,0.5684270068624612,2.017476082877879
8681,CCCCC[C@]1(C)/C=C\C2[C@H](O)C[C@H](O)[C@@H]2C/C=C\CCCC(=O)O1,0.4581608336013478,4.896562412022804
8682,C/C=C(\NC(=O)[C@H]1[C@H](C)[C@@H]1C)C(=O)O,0.662973134116213,3.7538621121462405
8683,c1ccc(C(CCc2nc(CCN3CCCC3)c[nH]2)c2ccccc2)cc1,0.6256111945555765,2.5061704062824663
8684,COc1cccc2c1C[C@H]1CCN(Cc3ccccc3)[C@@H]1C2,0.8556304329831227,2.8219418992246332
8685,CCCN(CCC)C1Cc2cccc3c2N(CC3)C1,0.8005413945006664,2.9434378885697505
8686,O=C1NC(=O)C(CC#Cc2ccc(Br)cc2)(S(=O)(=O)c2ccc(F)cc2)S1,0.5514176675272885,3.3720314942958414
8687,CCc1cc2c(=O)n(N)c(SCCCN3CCN(c4ccccc4OC)CC3)nc2s1,0.24009867052619108,2.547675700145181
8688,Cc1cn2c(/C=C/c3nc4cc(Cl)ccc4o3)c(C)nc2s1,0.5207492288651375,2.8765277527911515
8689,N=C(N)NCCC[C@H](NC(=O)c1ccc(C(c2ccccc2)C2CCCCC2)s1)C(=O)O,0.21033977486494437,3.316344680038208
8690,Cc1noc(C2=CCC(C)NC2)n1,0.7020653256070165,3.762373590158954
8691,C=Cc1[nH]ccc2c3ccccc3nc1-2,0.6321524267972028,2.6221467551675524
8692,COC(=O)Nc1nc2cc(C(=O)Nc3nccs3)ccc2[nH]1,0.6872016966736966,2.3257739066373073
8693,C/C=C(\NC(=O)CC(C)(C)C)C(=O)O,0.6771948977855937,2.643780365911919
8694,O=C1NC(=O)C(CC#Cc2ccc(C(F)(F)F)cc2)(S(=O)(=O)c2ccc(Cl)cc2)S1,0.6738994727756674,3.4084617190421653
8695,Cc1cccc(S(=O)(=O)C2(CC#Cc3ccccc3)SC(=O)NC2=O)c1,0.8220275730051734,3.348041517179647
8696,Cc1ccc2nc(NS(=O)(=O)c3ccc(N)cc3)oc2c1,0.7243828336268472,2.209605028515613
8697,Cc1ccc(S(=O)(=O)Nc2nc3nc(C)cc(C)n3n2)cc1,0.7960403594838379,2.252202045711348
8698,CC1(C)CC1C(=O)N/C(=C\CCCCCCCN)C(=O)O,0.42619336692252274,3.148932130911967
8699,O=C1NC(=O)C(CC#Cc2cc(C(F)(F)F)cc(C(F)(F)F)c2)(S(=O)(=O)c2ccccn2)S1,0.4976644524217537,3.8124201750901676
8700,CCCN(CCC)CCc1cc(Cl)ccc1OCc1ccccc1.O=C(O)C(=O)O,0.5239678874145919,2.1597250646331254
8701,CN(C)S(=O)(=O)c1ccc(-n2ncc(=O)[nH]c2=O)cc1Cl,0.8404464430163467,2.462489774278323
8702,CSCCCCC/C=C(\NC(=O)C1CC1(C)C)C(=O)O,0.5071125532576038,3.292409867762175
8703,CCN(CC)CCCCC/C=C(\NC(=O)C1CC1(C)C)C(=O)O,0.4526402490618686,3.1794095525943273
8704,CC/C(=C(/Cc1ccc(OCN2CCOCC2)cc1)c1ccccc1)c1ccccc1,0.42804419914729763,2.346227114973635
8705,CC1(C)CC1C(=O)N/C(=C\CCCSCC(N)C(=O)O)C(=O)O,0.34400271359671436,3.7392376641241354
8706,N#Cc1ccc(C(=O)/C=C/c2cccc(OCc3ccc4ccccc4n3)c2)cc1,0.3183485361349883,2.187617389381547
8707,COC(=O)Nc1nc2cc(C(=O)NCCc3ccc(NC(=O)c4ccc5[nH]c(NC(=O)OC)nc5c4)cc3)ccc2[nH]1,0.16100606189757577,2.7023819661658717
8708,CC[C@H](NC(=O)C(CSC(=O)c1ccccc1)C(C)c1ccccc1)C(=O)O,0.6668122575673584,3.229655106619723
8709,CC(=O)NC1CCCCC1,0.5881054430832254,1.677906179862326
8710,C/C=C(\NC(=O)CC1CC2CCC1C2)C(=O)O,0.7339716849477592,4.309946670476057
8711,CCCN(CCC)C1Cc2cccc3oc(=O)n(c23)C1,0.8410105676968339,3.3440828339221333
8712,CNC(=O)c1ccc2[nH]c(NC(=O)OC)nc2c1,0.7410527366837661,2.1837581952226834
8713,O=S(=O)(Nc1nc2nc3c(c(O)n2n1)CCC3)c1ccc(Cl)cc1,0.7316584630344759,2.6023495460714656
8714,CCCN(CCC)CCCCc1cc(Cl)ccc1OCCc1ccccc1.O=C(O)C(=O)O,0.2897863893393617,2.2779039363533187
8715,CCCCCCCCCCCCNC(=O)NCC(C)(C)C(C)(C)C,0.3806039168048944,2.3807078335758174
8716,Cc1cc(-n2ncc(=O)[nH]c2=O)cc(C)c1S(=O)(=O)N1CCOCC1,0.787503619485628,2.554448560591357
8717,Oc1cc2c(cc1O)CNCC2,0.49695195317428587,2.461811244665757
8718,Fc1ccc(CN2C3CCC2CC(OC(c2ccc(F)cc2)c2ccc(F)cc2)C3)cc1,0.44211775740892056,3.7455878472771857
8719,CCn1ccccc1=O,0.5427079413456658,1.9134175456870963
8720,C=CCN1CC[C@@H]2Cc3cccc(OC)c3C[C@H]21,0.7567965866350786,3.2195895301599684
8721,Oc1cccc2c1C[C@H]1CCN(CC3CC3)[C@@H]1C2,0.8627502788982915,3.228107577497246
8722,COc1cccc(C[S+]([O-])CCNC(=O)c2c(Cl)cccc2Cl)c1,0.73885448844481,3.186688802578722
8723,COC(=O)CCCCC/C=C(\NC(=O)C1CC1(C)C)C(=O)O,0.38685417579481834,3.1045786827480253
8724,CCOC(=O)N1CCN(S(=O)(=O)c2ccc(-n3ncc(=O)[nH]c3=O)cc2Cl)CC1,0.7041328119191832,2.506514921521225
8725,Cn1c(Cc2[nH]cc(CCC(=O)O)c2CC(=O)O)c(CCC(=O)O)c(CC(=O)O)c1Cc1[nH]c(Cc2[nH]c(CO)c(CC(=O)O)c2CCC(=O)O)c(CC(=O)O)c1CCC(=O)O,0.04066620716344446,4.12448267275008
8726,O=C(O)c1ccc(O)c(C(=O)/C=C/c2ccc(OCc3ccc4ccccc4n3)cc2)c1,0.31534579828038517,2.2487057223290474
8727,CC1(C)CC1C(=O)N/C(=C\CCCCCO)C(=O)O,0.46188873148194093,3.1932600144438767
8728,CN(C)c1noc(C2=CCCNC2)n1,0.7431575340187666,3.3118859703075225
8729,O=C(/C=C/c1ccc(OCc2ccc3ccccc3c2)cc1)c1cc(-c2nn[nH]n2)ccc1O,0.262131247687846,2.4063201693460936
8730,O=c1cnn(-c2ccc(S(=O)(=O)N3CCSCC3)c(Cl)c2)c(=O)[nH]1,0.8109400453515362,2.6663046754021877
8731,C/C=C(\NC(=O)c1cccc(Cl)c1)C(=O)O,0.7937776261355406,2.0633645755272223
8732,O=C1NC(=O)C(CC#Cc2ccc(F)cc2)(S(=O)(=O)c2ccc(Cl)cc2)S1,0.765381520591385,3.3225121096804564
8733,O=C(Nc1ccccc1)Nc1ccc(Oc2ccc(-c3nccs3)cc2)cc1,0.42554691703479547,1.89954656227156
8734,O=C(O)c1cc(F)cc(C(=O)/C=C/c2cccc(/C=C/c3ccc4ccccc4n3)c2)c1O,0.29091970566755543,2.5700705052999204
8735,COC(=O)[C@H](Cc1ccc(OC(C)=O)c(OC(C)=O)c1)NC(=O)CCCC(=O)N[C@@H](Cc1ccc(OC(C)=O)c(OC(C)=O)c1)C(=O)OC,0.1897581231917142,3.5070597966404806
8737,CC#Cc1nc(NC(C2CC2)C2CC2)c2nc[nH]c2n1,0.8343102587894803,3.4050615443792918
8738,O=S(=O)(Cc1ccccc1)c1c[nH]nn1,0.8337918054603524,2.685924174260089
8739,CN(C)CCCOc1cc(C(=O)Nc2nc3c(s2)CCCC3)n(Cc2ccccc2)n1,0.5129239687664658,2.56868216514086
8740,CNC(=O)Oc1ccc2c(c1)C1(C)CCN(C)C1N2C,0.8482399591613494,3.4417222879403404
8741,CC(C)Sc1ccc(CC2CCN(C3CCN(C(=O)c4ccccc4Cl)CC3)CC2)cc1,0.45611302238639295,2.3349657557738617
8742,Cc1ccc(C#CCC2(S(=O)(=O)c3ccc(C)cc3)SC(=O)NC2=O)cc1,0.8019908438297797,3.2916961096804576
8743,CON(/C=C\C(=O)c1ccc(F)cc1)Cc1ccccc1,0.46133291711005064,2.3291582358167844
8745,S=C1NCCN1,0.40178338478966236,3.609526023399283
8746,N#Cc1ccc(O)c(C(=O)/C=C/c2cccc(/C=C/c3ccc4ccccc4n3)c2)c1,0.33416729040516185,2.4933329343716295
8747,N#Cc1cccc(CSCCNC(=O)c2c(Cl)cccc2Cl)c1,0.7656378394577267,2.1627201280034196
8748,CCCCNC(=O)c1ccc2[nH]c(NC(=O)OC)nc2c1,0.7358942401355049,2.1301891223878417
8749,C/C=C(\NC(=O)CCCCCCCCCC)C(=O)O,0.4444692172350407,2.2372918429328
8750,C/C=C(\NC(=O)CCc1ccccc1)C(=O)O,0.7609102132109234,2.0402492332317177
8751,CN(C)C(=O)CSc1ccc(CC2CCN(C3CCN(C(=O)c4cccc5ccccc45)CC3)CC2)cc1,0.3750241404635137,2.4795808619917175
8752,COC(=O)C1Cc2c([nH]c3ccccc23)C(CO)N1,0.7010061040826847,3.2225655526235375
8753,Cc1c(O)ccc(C2C=CCCC2)c1O,0.6893483297751162,3.2197219040089893
8754,Cc1ccc(SC2(CC#Cc3ccc(Cl)cc3)SC(=O)NC2=O)cc1,0.7636042961689644,3.472660915980075
8755,CC1(C)CC1C(=O)N/C(=C\CCCCCBr)C(=O)O,0.4077799726824567,3.327728322136183
8756,C/C=C(\NC(=O)C12CC3CC(CC(C3)C1)C2)C(=O)O,0.7677953340830732,3.887968223838831
8757,CC1(C)CC1C(=O)N/C(=C\CCCCCSCC(N)=O)C(=O)O,0.39229266193726275,3.356579035570367
8758,C[C@H](N)Cc1c[nH]cn1,0.5969051438730354,3.3737575396833774
8759,O=C(O)c1cc(Br)cc(C(=O)/C=C/c2cccc(OCc3ccc4ccccc4n3)c2)c1O,0.2412670599207515,2.453612567493046
8760,O=C1C(Cl)=C(SCCS)C(=O)c2ccccc21,0.8658673471466559,2.757954306881473
8762,Cc1nccn1-c1ccc(OCCNCC(O)COc2ccc(N(C)S(C)(=O)=O)cc2)cc1,0.38680271478773803,2.9328905183025906
8763,CC(=O)c1ccccn1,0.5237435952028575,1.761608314917865
8764,COc1ccc(Cl)cc1C(=O)NCCc1ccc(OC)c(S(=O)(=O)NC(=O)N(C)C)c1,0.612744203633388,2.3069932640419584
8765,CC(C)Sc1ccc(CC2CCN(C3CCN(C(=O)c4ccco4)CC3)CC2)cc1,0.5844220399230614,2.435185969077713
8766,[O-][S+](Cc1ccccc1)c1ncc[nH]1,0.7772382445097836,3.7853371275308207
8767,Nc1ccc(S(=O)(=O)Nc2nc3ccccc3[nH]2)cc1,0.6410085619279912,2.0280761192780776
8768,COCCC/C=C(\NC(=O)C1CC1(C)C)C(=O)O,0.5342692695066462,3.217314241592125
8769,CCC(=O)N(c1ccccc1)[C@H]1CCN(CCc2ccc(N=C=S)cc2)C[C@H]1C,0.4721960582534972,3.382442451225744
8770,CC(C)/C=C(\NC(=O)C1CC1(C)C)C(=O)O,0.7165054875989849,3.3744130847292295
8771,O=c1cnn(-c2ccc(S(=O)(=O)NC3CCCCCCC3)c(Cl)c2)c(=O)[nH]1,0.7962677223756536,2.470892156170006
8772,O=C(O)c1cc(Cl)cc(C(=O)/C=C/c2cccc(/C=C/c3ccc4ccccc4n3)c2)c1O,0.2607391197503384,2.5533564300135048
8773,COC(=O)CSCCC/C=C(\NC(=O)C1CC1(C)C)C(=O)O,0.3805981631918396,3.3835595846047877
8774,CC(=N)Nc1nnc(-c2ccccc2C(F)(F)F)s1,0.6542645195345352,2.6376001269564693
8775,C/C=C(\NC(=O)CCCCCCC)C(=O)O,0.49416192218232957,2.263579960142609
8776,C/C=C(\NC(=O)CCC(C)C)C(=O)O,0.6596786297776563,2.48833827799983
8777,CCCCC/C=C(\NC(=O)C1CC1(Cl)Cl)C(=O)O,0.430857443841784,3.275830444538114
8778,Cc1cn(COCCN=[N+]=[N-])c(=O)[nH]c1=O,0.332192517676226,2.9793974263972824
8779,CCC/C=C(\NC(=O)C1CC1(Br)Br)C(=O)O,0.5880242023930259,3.6604357864177857
8780,O=C(O)/C=C/c1ccc(Cn2ccnc2)cc1,0.8144535753580314,2.059550098324074
8781,CC/C(=C(\Cc1ccccc1)c1ccc(OCN2CCCCC2)cc1)c1ccccc1,0.3674821692145182,2.2863500246726307
8782,Nc1ccccc1SCCCCCC(N)C(=O)O,0.38234113128970415,2.571143112295889
8783,N#Cc1cnc2nc(NS(=O)(=O)c3ccc(Cl)cc3)nn2c1N,0.7192621409006386,2.5851445806661406
8784,CCc1noc(C2=CCCNC2)n1,0.7357125937212418,3.0542215313853447
8785,CN(C)C(=O)N(C)C,0.4441296979108746,2.3553156177643135
8786,COC(=O)[C@H](Cc1ccc(OC(C)=O)c(OC(C)=O)c1)NC(=O)C(=O)N[C@@H](Cc1ccc(OC(C)=O)c(OC(C)=O)c1)C(=O)OC,0.18269725881496168,3.454865805182088
8787,CN1CCCN(C)C1=S,0.45812021697720173,2.8979741610717102
8788,CC1(C)Oc2ccc(C#N)cc2[C@H](N2CCCC2=O)[C@H]1O,0.8533089232658041,3.334793474447192
8789,O=C(O)c1ccccc1C(=O)/C=C/c1cccc(OCc2ccc3ccccc3n2)c1,0.32629388769107526,2.194057549756243
8790,CN(CCCCC/C=C(\NC(=O)C1CC1(C)C)C(=O)O)CC(=O)O,0.3902402536609982,3.260021589195092
8791,CCC(S(=O)(=O)c1ccc(Cl)cc1)S(=O)(=O)C(F)(F)F,0.8369758278243016,2.9791772373515197
8792,O=C1NC(=O)C(CC#Cc2ccc(Cl)cc2)(Sc2ccccc2)S1,0.8013516822012271,3.4516174802605475
8793,COC(=O)Nc1nc2cc(C(=O)Nc3nc4ccc(OC)cc4s3)ccc2[nH]1,0.4840590069497393,2.311886775431894
8794,CCCCC1=NC2(CCCC2)C(=O)N1Cc1ccc(-c2ccccc2S(=O)(=O)Nc2onc(C)c2C)c(CN2CCC(C)(C)C2=O)c1,0.24252585600975313,3.844410734923832
8795,O=C(O)CN1CCCC(CS)C1=O,0.6459352430245788,3.1494004033457674
8796,C/C=C(\NC(=O)[C@H]1[C@@H]2CCCC[C@@H]21)C(=O)O,0.7128821424784577,3.6518591626415944
8797,C/C=C(\NC(=O)C(C)C(C)C)C(=O)O,0.6721101488767802,3.1567625577103975
8798,CCCCCCCCCCCCCCCCCCNC(=O)OCC1(COP(=O)([O-])OCC[n+]2ccsc2)CCCC1,0.06415009287002794,3.9376836536494064
8799,O=C(O)c1cccc(C(=O)/C=C/c2ccc(/C=C/c3ccc4ccccc4n3)cc2)c1O,0.30775125872349657,2.4032002039343983
8800,COc1ccc2c(c1OC)C(C#N)N1CCc3cc4c(cc3C1=C2)OCO4,0.8162127565722179,3.4969935297988
8801,O=c1c(Cc2ccccc2)coc2cccc(OCC3CCCCC3)c12,0.6243671414002909,2.2658918271259996
8802,CC(C)(C)c1cc(CCC(=O)O)cc(C(C)(C)C)c1,0.8815034660603611,2.019414406632837
8803,Nc1nc(=O)n(C2OC(CO)C(Br)C2O)cc1F,0.6007033839830753,4.046828701226401
8804,CC(O)c1cc2c3ccccc3nc-2c[nH]1,0.6511985861368217,3.0590729509499646
8805,CCCCCCCCCCCCCCCCOCC1(COC(=O)CCCCC[n+]2ccccc2)COC1.[Br-],0.0938836980834603,3.0019327205918334
8806,C/C=C(\NC(=O)CCC1CCCC1)C(=O)O,0.7036970928767987,2.4150659578658153
8807,CC1CC(=O)N(OS(C)(=O)=O)C1=O,0.557627604028229,3.4886435202288837
8808,CCCN(CCC)CCc1ccc(OC)cc1OCCc1ccccc1.O=C(O)C(=O)O,0.4741322235551165,2.2399855186197133
8809,CC(=O)O[C@@H]1O[C@@H]2O[C@@H](OC(C)=O)[C@@H]3CC[C@H]([C@H]1CC/C=C(\C)CCC=C(C)C)[C@H]23,0.41153056763005635,4.724223838638064
8810,Fc1ccc(C(OC2CC3CCC(C2)N3)c2ccc(F)cc2)cc1,0.9000778577048822,3.8302371577191945
8811,Cc1[nH]c(-c2cccc(Cl)c2)c(-c2cccc(Cl)c2)c1-c1ccc(F)cc1,0.36408324643850354,2.16580807972014
8812,CCOC(=O)c1cc2c3ccccc3nc-2c[nH]1,0.7005967080456453,2.292938207057004
8813,O=C(O)CSc1ccc(CC2CCN(C3CCN(C(=O)c4cccc5ccccc45)CC3)CC2)cc1,0.4278213352261663,2.3874195270457186
8814,CC(C)Sc1ccc(CC2CCN(C3CCN(C(=O)c4ccnc5ccccc45)CC3)CC2)cc1,0.38271105513860554,2.470400035640006
8815,CC(=O)SCC1CCCN(CC(=O)O)C1=O,0.7842374311194684,3.155581063262325
8816,C/C=C(\NC(=O)C1C(C)C1(C)C)C(=O)O,0.6929917477385797,3.662318057771267
8817,O=C(c1ccccc1)c1ccccc1NCC(O)COc1ccc(Cl)cc1,0.5668363871797223,2.30832074873371
8818,Cc1n[nH]c(SCC(=O)NCCCc2csc(N)n2)n1,0.5194272754919095,2.8732842164440697
8819,N#Cc1ccc(O)c(C(=O)/C=C/c2cccc(OCc3ccc4ccccc4n3)c2)c1,0.347553745488109,2.353156011294706
8820,COc1ccc(-c2sc3cc(OC)ccc3c2C(=O)c2cc(OC)cc(OC)c2)cc1,0.3424554252556688,2.2185664658401585
8821,OCc1noc(C2=CCCNC2)n1,0.6683540484464161,3.233285094138381
8822,CCCc1nc(CC)c(C(N)=O)n1Cc1ccc(-c2ccccc2S(=O)(=O)Nc2onc(C)c2C)c(COC)c1,0.2520239140400663,2.988029396787848
8823,C=Cc1noc(C2=CCCNC2)n1,0.7342438041408981,3.6212980496039675
8824,c1ccc(-c2nc(-c3ccccc3)c(-c3ccccc3)nc2-c2ccccc2)cc1,0.32884856552319086,1.3179709197826455
8825,O=C(/C=C/c1cccc(OCc2ccc3ccccc3c2)c1)c1cc(-c2nn[nH]n2)ccc1O,0.262131247687846,2.4452001693460925
8826,CC(=O)c1cc2c3ccccc3nc-2c[nH]1,0.6275384109128006,2.424928742906861
8827,COC(=O)Nc1nc2cc(NC(=O)c3ccc(C(=O)Nc4ccc5[nH]c(NC(=O)OC)nc5c4)cc3)ccc2[nH]1,0.1827727926185236,2.626005127174107
8828,COC(=O)Nc1nc2cc(C(=O)NC3CCCCC3)ccc2[nH]1,0.8109636764683582,2.184525786959849
8829,CCCNC1Cc2cccc3nc(O)n(c23)C1,0.8444265861363852,3.259312823874515
8830,O=C(O)COc1ccc(C(=O)/C=C/c2cccc(/C=C/c3ccc4ccccc4n3)c2)c(O)c1,0.2723689951439153,2.499990982532907
8831,C=CCCCCCCCCC(=O)N/C(=C\C)C(=O)O,0.34236759112574616,2.4785903636428603
8832,O=C(Nc1ccccn1)c1ccccn1,0.8008475650507512,1.7211838181046168
8833,CO/C=C(\NC(=O)c1ccccc1)C(=O)O,0.5868544744335275,2.121763510313368
8834,Nn1c(SCCCN2CCN(c3ccccc3[N+](=O)[O-])CC2)nc2sccc2c1=O,0.14708213350431504,2.5792432635074203
8835,C[S+](C)[O-],0.3737529718764861,4.850815354160288
8836,O=C1NC(=O)C(CC#Cc2ccc(Br)cc2)(S(=O)(=O)c2ccccc2)S1,0.7261260704161862,3.3370366699720595
8837,O=c1c(Cc2ccc(O)cc2)coc2cccc(OCC3CCCCC3)c12,0.6882345754802376,2.3925002558983923
8838,CC(=O)SCC(C(=O)N[C@@H](C)C(=O)OCc1ccccc1)C(C)c1ccc(F)c(F)c1,0.5808421149638301,3.393790026436589
8839,O=C(O)c1cc2c3ccccc3nc-2c[nH]1,0.6503127235299909,2.338405331535622
8840,Nc1ncnc2c1ncn2C1OC(CO)C(O)C1O,0.49051986767922323,3.5313095881349117
8841,C/C=C(\NC(=O)C1CCC1C)C(=O)O,0.6665148020866319,3.533403154597117
8842,CC1(C)CC1C(=O)N/C(=C\CCCCCNC=N)C(=O)O,0.21373855544903125,3.7399131748680112
8843,C[N+](CCCl)(CCCl)Cc1cccc([N+](=O)[O-])c1.[Cl-],0.3067185115592052,3.195611097370671
8844,Oc1ccc2[nH]c3c(c2c1)C=CNC3,0.5885530626530567,3.2496115425401673
8845,Nn1c(SCCCN2CCN(c3ncccn3)CC2)nc2sccc2c1=O,0.28462796064512075,2.620534141000631
8846,COc1ccccc1N1CCN(CCCSc2nc(N)c3c(C)c(C)sc3n2)CC1,0.3333283980135806,2.44030998980438
8847,SC1=NCCCN1,0.4360192310170874,3.892505124985618
8848,CCCOC(=O)C1C2C(=O)CC(c3ccc(O)cc32)C1C(=O)OCCC[Si](C)(C)C,0.3792928316409429,4.680938852969133
8849,O=C(O)c1cccc(C(=O)/C=C/c2cccc(OCc3ccc4ccccc4n3)c2)c1O,0.3153457982803851,2.3195137490848996
8850,CC1(C)CC1C(=O)N/C(=C\CCCCCC#N)C(=O)O,0.5271643665933964,3.321889113045194
8851,CCCCN1CCCN(CCCC)C1=O,0.6637782944451689,2.1596518001225977
8852,C/C=C(\NC(=O)CCCc1cccs1)C(=O)O,0.76352207701556,2.4644924410876907
8853,CC(=O)Oc1nc(C(Cl)(Cl)Cl)c(Cl)c(OC(C)=O)c1Cl,0.5707992110885247,3.1165329899615726
8854,O=C([O-])C[C@H](O)C[C@H](O)/C=C/C(=C(c1ccc(F)cc1)c1ccc(F)cc1)n1cnnn1.[Na+],0.2823570604330275,4.14075990865324
8855,COC(=O)CSc1ccc(CC2CCN(C3CCN(C(=O)c4cccc5ccccc45)CC3)CC2)cc1,0.2994346795072834,2.421737970260722
8856,CCCC1CC(=O)N(OS(C)(=O)=O)C1=O,0.6431594249025843,3.448701278480671
8857,CC(C)(Cc1ccccc1)NC(=O)N(CCCl)N=O,0.49556911379408863,2.647060777844045
8858,CCCCCCCCCCCCCCCCCCNC(=O)OCC1(COC(=O)CCCCC[n+]2ccccc2)COC1.[Br-],0.08034948055255456,3.103136545387148
8859,CC1=C(C(=O)N[C@@H](Cc2ccccc2)[C@H](O)CNC2CC2)C(C)C(C(=O)OCc2ccccc2)=C(C)N1CC(=O)N(C)C(C)C,0.27599021152385245,3.8700547313041227
8860,Fc1ccc(C(OC2CC3CCC(C2)N3Cc2cccc3ccccc23)c2ccc(F)cc2)cc1,0.29132703525759224,3.816744841355802
8861,O=S(=O)(c1ccc(OC(F)(F)F)cc1)C(CSc1ccc(OC(F)(F)F)cc1)S(=O)(=O)C(F)(F)F,0.31011139982895597,3.323809274176913
8862,CC(=O)SCC1CCCN(C(C(=O)O)c2ccccc2)C1=O,0.9006925033350817,3.30698153837489
8863,COCCc1ccc(OCC(O)CNC(C)COC(C)COC(C)COC(C)COC(C)COC(C)COCC(C)N)cc1,0.12628304687874006,4.791815923773768
8864,NC(CCCCCS(=O)(=O)c1ccccc1O)C(=O)O,0.619630497278241,2.6601932252851554
8865,NC(CCCCC[S+]([O-])c1ccccc1O)C(=O)O,0.4950995015800959,3.8385783731363574
8866,CS(=O)(=O)ON1C(=O)CCC1=O,0.5267122084427217,2.7526661271646606
8867,CCOc1nc(C(Cl)(Cl)Cl)c(Cl)c(OC(=O)COC)c1Cl,0.5514496167315106,3.0746408232293723
8868,COc1cccc(CCN2CCOCC2)c1OCCc1ccccc1.O=C(O)C(=O)O,0.6139006938892394,2.165643756652795
8869,COC(=O)Nc1nc2cc(C(=O)Nc3ccc(F)cc3)ccc2[nH]1,0.6880093509436455,2.027758595845224
8870,Cc1ccc(C)n1Nc1ccc(N(CC(C)O)CC(C)O)nn1,0.7138235288254704,3.8082153564318277
8871,O=C(NCCSCc1ccc(Cl)cc1Cl)c1ccc(Cl)cc1Cl,0.5966742936336951,2.0250222248969116
8872,Cc1ccc(S(=O)(=O)C2(CC#Cc3ccccc3Cl)SC(=O)NC2=O)cc1,0.7693858268602898,3.374689955834304
8873,CCOC(=O)CSc1ccc(CC2CCN(C3CCN(C(=O)c4cccc5ccccc45)CC3)CC2)cc1,0.26198177900971276,2.4416735968244527
8874,COC(=O)Nc1nc2cc(C(=O)Nc3ccncc3)ccc2[nH]1,0.6878135867667093,2.186187325421388
8875,CN(C)C(=S)Sn1ccc2ccccc21,0.7038861158558124,2.937472679243477
8876,CCOc1ccc(C(C)NC(=O)c2nc(SC)ncc2Cl)cc1,0.6340528722077106,2.5976195265855004
8877,CNC(=O)c1cccnc1,0.6083249082775422,1.6656177183238654
8878,CCCN(CCC)C1Cc2cccc3c2N(CC(=O)N3)C1,0.9035402671681849,3.192872075966913
8879,CCN1CCCCN(CC)C1=O,0.6163926304203635,2.242673029939306
8880,CC(=O)N1CCCC1,0.4508867746793659,1.592120917727506
8881,CCCCCCCCCCCCCCCCOCC1(COC(=O)N(Cc2cccc[n+]2CC)C(C)=O)COC1.[I-],0.10581415616356038,3.2838579756414283
8882,CCOC(=S)SCCCCC/C=C(\NC(=O)C1CC1(C)C)C(=O)O,0.34516428639590635,3.5431889999093764
8883,CC(=N)NCCCCC/C=C(\NC(=O)C1CC1(C)C)C(=O)O,0.2269536333129639,3.5416540143130115
8884,COc1ccc(CCN2CCOCC2)cc1OCCc1ccccc1.O=C(O)C(=O)O,0.6139006938892393,2.0781965417986843
8885,CCCN(CCC)CCc1ccc(OC)c(OCCc2ccc(OC)cc2)c1.O=C(O)C(=O)O,0.4164834974947208,2.2514709187257456
8886,CC(C)Sc1ccc(CC2CCN(C3CCN(C(=O)c4cccc5ncccc45)CC3)CC2)cc1,0.38271105513860554,2.4604389496671555
8887,O=S(=O)(Nc1nc2nc(-c3ccccc3)cc(-c3ccccc3)n2n1)c1ccc(Cl)cc1,0.40127416960382917,2.2882748937607005
8888,CCOc1cccc2c1C(=O)N(COC(=O)c1c(Cl)cccc1Cl)S2(=O)=O,0.6763256666341014,2.609213903625962
8889,COC(=O)[C@H](Cc1ccc(OC(C)=O)c(OC(C)=O)c1)NC(=O)CC(=O)N[C@@H](Cc1ccc(OC(C)=O)c(OC(C)=O)c1)C(=O)OC,0.1637229565850182,3.4926381414811853
8890,CCCN(CCC)C1CCc2cccc(OC)c2C1,0.7743731542716096,2.6603263734182345
8891,CC(=O)Oc1ccc2c(CC(=O)O)cc(=O)oc2c1,0.5093909421498893,2.138483558909133
8892,SC1=NCCCCN1,0.4623864073080416,3.636210002555721
8893,O=C(O)COc1cccc2c1CCC(Cn1cc(C(c3ccccc3)c3cccnc3)cn1)C2,0.4174903885201343,3.365446368188703
8894,C/C=C(\NC(=O)c1ccc2ccccc2c1)C(=O)O,0.8281903068658255,1.9967897272690749
8895,CC1(C)C=C(n2ccccc2=O)c2cc(S(=O)(=O)Nc3ccccc3F)ccc2O1,0.6875683533154895,2.6048916151557737
8896,FCCc1noc(C2=CCCNC2)n1,0.7836574499893262,3.3489053511705613
8897,CN(C)CCCOc1cc(C(=O)Nc2nc3ccccc3[nH]2)n(Cc2ccccc2)n1,0.406941971391197,2.453557549756244
8898,C=C(C)[C@@H]1CC[C@]2(C(=O)NCCCC(=O)O)CC[C@]3(C)[C@H](CCC4[C@@]5(C)CC[C@H](O)C(C)(C)[C@@H]5CC[C@]43C)[C@@H]12,0.24991080140067892,4.761156419896433
8899,CC(NC(=O)c1cc(NC(=O)c2cc([N+](=O)[O-])cn2C)cn1C)C(=O)OC(C)(C)C,0.4171693759683621,3.1188308524404116
8900,O=c1cnn(-c2ccc(S(=O)(=O)Cl)cc2)c(=O)[nH]1,0.7738951591628366,2.3428954887862634
8901,CS(=O)(=O)ON1C(=O)CC(Cc2ccccc2)C1=O,0.7514211090420173,2.962911777757485
8902,O=C(O)c1ccc(C(=O)/C=C/c2ccc(OCc3ccc4ccccc4n3)cc2)c(O)c1,0.3153457982803851,2.247947193900954
8903,O=C(NS(=O)(=O)c1ccc(N[C@H](CCN2CCOCC2)CSc2ccccc2)c(S(=O)(=O)C(F)(F)F)c1)c1ccc(N2CCN(Cc3cn[nH]c3-c3ccc(Cl)cc3)CC2)cc1,0.08958748539736504,3.9210941014709277
8904,CCCN(CCC)C1CCc2c(ccc(O)c2O)C1,0.8023724452409727,2.930187428086837
8905,CC/C(Cc1ccccc1)=C(\c1ccccc1)c1ccc(OCN2CCCCC2)cc1,0.39700095490875154,2.27297343604387
8906,CCc1[nH]c(C(=O)OC)cc2c3cc(O)ccc3nc1-2,0.7019742400102241,2.6347861250617672
8907,O=C(O)c1cc(F)cc(C(=O)/C=C/c2ccc(OCc3ccc4ccccc4n3)cc2)c1O,0.2990453454716174,2.3944968555454196
8908,CC(=O)SCC1CCN(CC(=O)O)C1=O,0.747706660188257,3.2682315743386594
8909,C/C=C(\NC(=O)CCCC(=O)N(C)C)C(=O)O,0.6578619560609099,2.5004134349874096
8910,C/C(=C/C(=O)c1ccc(F)cc1)N(O)Cc1ccccc1,0.5157890531813504,2.2329533987894052
8911,CCCCCCCCCCCCCCCCCCNC(=O)OCC1(COC(=O)N(Cc2cccc[n+]2CC)C(C)=O)COC1.[I-],0.09530752638952024,3.36421050013538
8912,CC(=O)N(C)C,0.409906882836863,1.9820133885228461
8913,CC1(C)Oc2ccc(C#N)cc2[C@H](/N=C(/NC#N)Nc2ccc(Cl)cc2)[C@H]1O,0.310877540370263,3.6118387494224313
8914,CCCN(CCC)CCc1cc(Cl)ccc1OCCc1ccccc1.O=C(O)C(=O)O,0.47978166876412753,2.2236629796204976
8915,Cn1nnnc1C(/C=C/[C@@H](O)C[C@@H](O)CC(=O)[O-])=C(c1ccc(F)cc1)c1ccc(F)cc1.[Na+],0.27645361211928127,3.994987196972822
8916,CC(C)Sc1ccc(CC2CCN(C3CCN(C(=O)c4cccc5cc(F)ccc45)CC3)CC2)cc1,0.3365085063300332,2.494762582836083
8917,O=C1CC2(CCCC2)CC(=O)N1CCCCNCC1COc2cc3ccccc3cc2O1,0.5237388338223188,3.6064831051839175
8918,Cc1cc(-c2nc3ccccc3s2)ccc1N,0.6559923549408447,1.8862188581356882
8919,Cc1ccc(S(=O)(=O)CS(=O)(=O)C(F)(F)F)cc1,0.8513200713499899,2.3831538875303764
8920,O=C1NC(=O)C(CC#Cc2ccc(F)cc2)(S(=O)(=O)c2ccc(F)cc2)S1,0.6252339369446713,3.3272788789112253
8921,O=C1NC(=O)C(CC#Cc2ccc(C(F)(F)F)cc2)(S(=O)(=O)c2ccccc2)S1,0.7396230122785649,3.3762506847482756
8922,Nc1nc(-c2ccco2)nc2sc(-c3ccco3)nc12,0.6075055202396316,2.680966903605258
8923,COCCCC/C=C(\NC(=O)C1CC1(C)C)C(=O)O,0.5212993815759549,3.158096322136183
8924,C/C=C(\NC(=O)CCCCCNC(=O)CC)C(=O)O,0.4327860910315462,2.3775204367371874
8925,COc1ccc2c(c1OC)C[N+]1(C)CCc3cc4c(cc3C1C2)OCO4.[I-],0.4553069022007584,3.834722193069295
8926,CCOc1cc(OCC)c2c(c1)S(=O)(=O)N(COC(=O)c1c(Cl)cccc1Cl)C2=O,0.5639442523979118,2.7497654023441935
8927,C/C=C(\NC(=O)CCl)C(=O)O,0.4824048031970629,2.782049786846679
8928,O=C1NC(=O)C(CC#Cc2ccc(Cl)cc2)(S(=O)(=O)c2ccccn2)S1,0.7873905539003905,3.533911907063736
8929,CC(=O)Nc1ccncc1,0.6263238604714195,1.6429594765656237
8930,O=C(N1CCCCC1)N1CCCCC1,0.5815845090080816,1.7930670772493613
8931,CCCN(CCC)CCc1ccc(OCCc2ccccc2)c(OC)c1.O=C(O)C(=O)O,0.4741322235551165,2.1747496794588734
8932,CC(C)(C)c1cc(C(=O)O)c(O)c(C(=O)/C=C/c2cccc(/C=C/c3ccc4ccccc4n3)c2)c1,0.23050778266512972,2.681262669250051
8933,CCCN(CCC)C1Cc2cccc3c2N(C1)C(=O)C3,0.822402732909519,3.178968663881647
8934,CC1(C)C=C(n2ccccc2=O)c2cc(S(=O)(=O)Oc3ccccc3)ccc2O1,0.614806225683851,2.637186309888955
8935,O=C1NC(=O)C(CC#Cc2ccc(F)c(F)c2)(S(=O)(=O)c2ccc(F)cc2)S1,0.6042107244029684,3.42577235384376
8936,CC(=N)Nc1nnc(Cc2ccccc2)s1,0.631158669647728,2.388495298090808
8937,CCCc1nc(CC)c(C(N)=O)n1Cc1ccc(-c2ccccc2S(=O)(=O)Nc2onc(C)c2C)c(COCC)c1,0.2228808680484813,3.0269413693118867
8938,CN1Cc2ccccc2C(=O)c2ccc(CC(=O)O)cc21,0.9185149832465908,2.1674376230397314
8939,Cc1sc2nc(SCCCN3CCN(c4ncccn4)CC3)n(N)c(=O)c2c1C,0.2737017062521407,2.638560936349771
8940,Cc1ccc(NS(=O)(=O)c2ccc(-n3ncc(=O)[nH]c3=O)cc2Cl)cc1Cl,0.6636637320300208,2.410166086578146
8941,CC(=O)N(c1ccc(N2CCOCC2)nn1)n1c(C)ccc1C,0.859691078907208,2.934903086583301
8942,CCOP(=O)(OCC)C(CCC(=O)c1ccco1)P(=O)(OCC)OCC,0.308342059017626,3.0780793269501183
8943,Nc1ccc(OC23CC4CC5C6CC(CC52)CC3C6C4)cc1,0.8334082142463027,5.565304470934866
8944,CC(N)C(=O)O,0.45135218773770774,2.31960284997475
8945,O=NN(CCCl)C(=O)NC1CCC(=O)NC1=O,0.31438769861543286,3.4528101209873405
8946,Cc1cc(C(C#N)c2ccc(Cl)cc2)c(Cl)cc1NC(=O)c1cc(I)cc(I)c1O,0.2923567695152283,3.107954589586255
8947,CC(=O)Nc1ccccn1,0.6263238604714195,1.6494028831590306
8948,CN(C)CCCOc1cc(C(=O)Nc2ccc(Br)cc2)n(Cc2ccccc2)n1,0.48778932052813834,2.228924977128269
8949,CCOP(=O)(OCC)C(CCC(=O)c1ccccn1)P(=O)(OCC)OCC,0.30871784541239744,3.0066771052891657
8950,CC(=O)N1CCCC1=O,0.46436017312822575,2.1634703149178645
8951,CC(C)c1ccccc1Sc1c(O)cc(-c2cc(Cl)cc(Cl)c2)oc1=O,0.5298646931259692,2.5942929510021226
8952,CCc1cc2c(=O)n(N)c(SCCCN3CCN(c4ccccc4[N+](=O)[O-])CC3)nc2s1,0.13249152786329738,2.6644565860138574
8953,O=C1CC2(CCCC2)CC(=O)N1CCCCNCC1COc2ccccc2O1,0.5764764572822345,3.5134754125801795
8954,CC(C)Sc1ccc(CC2CCN(C3CCN(C(=O)c4cccc5ccc(F)cc45)CC3)CC2)cc1,0.3365085063300332,2.495417612421882
8955,O=[N+]([O-])c1cc(C(O)P(=O)(O)O)c2nc(O)c(O)nc2c1,0.2951917000280669,3.7777925654774016
8956,Cc1cccc(S(=O)(=O)N(C)[C@H](C)CCN2CCC(C)CC2)c1,0.8000072533742513,2.673592294442644
8957,O=NN(CCCl)C(=O)NCCF,0.4042367983077114,3.23682425371553
8958,CC(C)Sc1ccc(CC2CCN(C3CCN(C(=O)c4cccc5cccnc45)CC3)CC2)cc1,0.38271105513860554,2.510587818445437
8959,CCCN(CCC)C1Cc2cccc3nc(O)n(c23)C1,0.9104677934953673,3.359753279266261
8960,O=C1NC(=O)C(CC#Cc2ccc(Cl)cc2)(S(=O)(=O)c2ccc(Br)cc2)S1,0.6662751342890528,3.3672647250650716
8961,CC(C)Oc1ccccc1N1CCN(CCOC(=O)CN2CCCCC2=O)CC1,0.6200978632594263,2.2940769697139967
8962,CC(Cl)CN(C)CC(C)Cl,0.6049720850613869,3.696175719364276
8963,CC(C)Sc1ccc(CC2CCN(C3CCN(C(=O)c4ccccc4F)CC3)CC2)cc1,0.508956750696106,2.3484296353725256
8964,C=CCOC(=O)C1C2C(=O)CC(c3ccc(O)cc32)C1C(=O)OCC[Si](C)(C)C,0.41627672870619714,4.762266061128994
8965,O=C(O)c1ccc(O)c(C(=O)/C=C/c2ccccc2OCc2ccccc2)c1,0.4676124947600475,2.0197242754318943
8966,C/C=C(\NC(=O)CC(C)CCCC(C)C)C(=O)O,0.6552429616391424,3.038884454358083
8967,CCCC1C(C(=O)N[C@@H](Cc2ccccc2)[C@H](O)CNc2cccc(OC)c2)=CN(CC(=O)OC(C)C)C=C1C(=O)OC(C)(C)C,0.2322025303921956,4.132235016660895
8968,c1ccc2cnccc2c1,0.5311915584041306,1.542224751290897
8969,CC1(C)CCC(C)(C)c2cc(C3(C)OC3c3ccc(C(=O)O)cc3)ccc21,0.7086262160758983,3.504748946543417
8970,Nc1nc(O)c2ncn(C3CC(CO)CC3O)c2n1,0.5709468591439971,3.929777581734786
8971,Cc1[nH]c(-c2ccc(Cl)cc2)c(-c2ccc(Cl)cc2)c1-c1ccccc1F,0.36408324643850354,2.1148218659339264
8972,O=C1NC(=O)C(CC#Cc2ccccc2)(S(=O)(=O)c2ccc(F)cc2)S1,0.6449558594291002,3.2865247627012497
8973,CC(C)Cc1ccc(CSCC/N=C(\N)NCCCc2c[nH]cn2)o1,0.3242030204952211,3.148332005407412
8974,CC(C)C[C@@H](CO)NC(=O)[C@H](Cc1c[nH]cn1)C(=O)N[C@H](Cc1ccccc1)C(=O)NCC(C)(C)C,0.2685774913363937,3.7590345799733473
8975,CC(=O)NCc1ccn(-c2cc3c(cc2C(F)(F)F)[nH]c(=O)c(=O)n3CC(=O)O)c1,0.5312298912624405,2.879027878892037
8976,COc1ccc(NS(=O)(=O)c2ccc3c(c2)C(n2ccccc2=O)=CC(C)(C)O3)cc1,0.6561862726505602,2.5530925630188435
8977,CC1(C)CCC(C)(C)c2cc(C(=O)C(=O)c3ccc(C(=O)O)cc3)ccc21,0.6247535687376173,2.376576962891763
8978,CN(O)C(=O)/C=C/c1ccc2c(c1)Nc1ccccc1O2,0.42943753164549275,2.566596697355248
8979,CN(O)C(=O)c1ccc2c(c1)Nc1ccccc1O2,0.5187175203927632,2.3270925332681074
8980,O=C(O)c1ccc(N(CCCl)CCCl)cc1,0.8010693959496887,2.1505068669567233
8981,C[C@@H](N)Cc1c[nH]cn1.S=C(NC1CCCCC1)N1CCC(c2c[nH]cn2)CC1,0.5707677730204338,3.5938306298032225
8982,O=C(Nc1ccc(Br)cc1)N1CCN(C(=O)Nc2ccc(Br)cc2)CC1,0.6581467096989102,1.8555286631018255
8983,C/C=C(\NC(=O)CC(C)CCOC)C(=O)O,0.6420925865995656,3.1021317660479113
8984,O=C(/C=C/c1cccc(/C=C/c2ccc3ccccc3n2)c1)c1cc(-c2nn[nH]n2)ccc1O,0.27538850736715,2.671842323192248
8985,CC(=O)Oc1ccc2c(C)cc(=O)oc2c1,0.4171869405509196,1.985662111711969
8986,CCN(CCNc1nc2ccccc2[nH]1)Cc1ccccc1,0.700755908370746,2.0326625287843907
8987,CCOc1ccc(/C=C/C2=Cc3c(sc(NC(=O)COC(=O)c4cccc(S(=O)(=O)N5CCc6ccccc65)c4)c3C#N)C(C)(C)C2)cc1,0.17233122708407544,3.2416937960565173
8988,O=P(O)(O)C(Cl)(Cl)P(=O)(O)O,0.41378717023033956,3.565183105527999
8989,CN1CCCNC1=O,0.47320505893692794,2.590906931713521
8990,CCCCC[C@H](O)/C=C/C1C(=O)C[C@@H]2OC(=O)CCC/C=C\C[C@H]12,0.4565642332955457,4.6577927587411505
8992,O=Cc1cc2c3ccccc3nc-2c[nH]1,0.6075254462421791,2.6660988530696503
8993,C[N+](C)(C)Cc1cc(-c2c3nc(c(-c4ccccc4)c4ccc([nH]4)c(-c4ccccc4)c4nc(c(-c5ccccc5)c5ccc2[nH]5)C=C4)C=C3)ccc1O.[I-],0.11687286242119246,5.338054816832306
8994,Cn1ncc(CN2CCN(c3ccc(C(=O)NS(=O)(=O)c4ccc(N[C@H](CCN5CCOCC5)CSc5ccccc5)c(S(=O)(=O)C(F)(F)F)c4)cc3)CC2)c1-c1ccc(Cl)cc1,0.10079209893497146,3.97311650644256
8995,COc1ccc(Cl)cc1C(=O)NCCc1ccc(OC)c(S(=O)(=O)NC(=O)NC2CCCCC2)c1,0.4608104226315737,2.336073089476926
8996,CC(C)(C)SCCN1CCOC2(CCOCC2)C1,0.7869213262818575,3.438980940350186
8997,C=CC(=O)Nc1cc(Oc2nc(Nc3ccc(N4CCN(C)CC4)cc3OC)ccc2N2CCCC2)ccc1OC,0.32947144478479956,2.7774296421452114
8998,CC(C)(C)NC(=O)CNC(=O)c1cc(-c2ccccc2)nc2c1cnn2Cc1ccccc1,0.47646581256540715,2.236434171421033
8999,C[n+]1c(/C=C/c2cc3ccccc3[nH]2)cc(NCCN2CCCCC2)c2ccccc21.[I-],0.29196969497258185,2.9364937523214962
9000,O=c1cc(-c2cccc(Oc3cc(F)cc(F)c3)c2)[nH]c2c(-c3ccc(Cl)c(Cl)c3)c(C(F)(F)F)nn12,0.23213771299455105,2.9464548983164853
9001,Cc1cc(C)cc(S(=O)(=O)c2c(C(=O)NC3CN(Cc4n[nH]c(=O)n4C)C3)[nH]c3ccc(Cl)cc23)c1,0.3515508129712557,2.9677990675052595
9002,C=CC(=O)Nc1cccc(CN2CCC(NC(=O)c3n[nH]cc3NC(=O)c3c(Cl)cccc3Cl)CC2)c1.O=C(O)C(F)(F)F,0.2110374655656568,3.0383071717379835
9003,CCOc1ccc(CN(C)c2cc(-c3ccccc3)c3ccccc3n2)cc1OC,0.38548854691725537,2.0862485685472087
9004,CN/C(S)=N/S(=O)(=O)c1cc(CCNC(=O)c2cc(Cl)ccc2OC)ccc1[S+](C)[O-],0.21982521405651637,3.7125298514448337
9005,C[N+](CCCl)(CCCl)Cc1ccc(S(C)(=O)=O)cc1.[Cl-],0.48606150315531405,3.0686157953914375
9006,CCCCCCCCCCCCCCCCCCNC(=O)OCC1(COC(=O)CCCC[n+]2ccccc2)CCCC1.[Br-],0.07222533790878184,3.0668640888114664
9007,CN1CCN(C)C1=O,0.4339920462537282,2.5111237149303047
9008,CC1(C)C=C(n2ccccc2=O)c2cc(S(=O)(=O)Nc3ccccc3)ccc2O1,0.7139576150568219,2.519919518144116
9009,CC(=C(C#N)C#N)c1ccc(Cl)cc1Cl,0.6967863936238392,2.642233118803915
9010,O=C(Nc1nc2cc(CN3CCN(CCOCCOCCOCCOc4ccc5c(c4)C(=O)N(C4CCCNC4=O)C5=O)CC3)ccc2n1[C@H]1CC[C@@H](CO)CC1)c1cccc(C(F)(F)F)c1,0.07864772014936047,4.160224426983596
9011,CC(=O)N1CCN(c2ccc(CN3CCCC[C@H](c4ccccc4)S3(=O)=O)c(F)c2)CC1,0.7016846977683147,3.1252205191479243
9012,COc1ccc(-c2nn(-c3ccccc3)cc2C(=O)NOCc2ccccc2F)cc1,0.44829179034765304,2.192277549756245
9013,Cn1c(=O)oc2ccc(S(=O)(=O)Nc3ccc4c(c3)CCCC4)cc21,0.7805150080784068,2.3080603369350374
9014,CN1CCN(CC(=O)Nc2n[nH]c3ncccc23)CC1,0.8325324917855828,2.2517929837203496
9015,COC(=O)C1CC2=C(CN1)N(C)c1ccccc1C2,0.7745214909306892,3.4169981682900303
9016,Nc1nc(=O)n(C2OC(CO)C(Cl)C2O)cc1F,0.5880233060784653,4.015250816611018
9017,COC(=O)c1cnc2ccccc2c1,0.6409615038367077,1.6339259703075228
9018,CCOC(=O)c1cnc2nc(NS(=O)(=O)c3ccc(Cl)cc3)nn2c1N,0.614950954995086,2.496556412540585
9019,Cc1c(CN(C)c2ccc(C(=O)NC(CCC(=O)O)C(=O)O)cc2)cnc2nc(N)nc(N)c12,0.3026855933491547,3.140742227858504
9020,CC1(C)CC1C(=O)N/C(=C\CCCCC(=O)O)C(=O)O,0.4649389165313545,3.126214724298962
9021,C/C=C(\NC(=O)C(C)C)C(=O)O,0.6155055359522136,2.583256946023223
9022,CCC/C(CC1CCc2c(cccc2OCC(=O)O)C1)=N\OC(c1ccccc1)c1cccnc1,0.273314702947309,3.6088751666093106
9023,CCCCN(CCC)C1Cc2cccc3nc(O)n(c23)C1,0.8869136123714438,3.3306897682746044
9024,CC(C)Sc1ccc(CC2CCN(C3CCN(C(=O)c4cnnc5ccccc45)CC3)CC2)cc1,0.41733986493135006,2.620929447404711
9025,c1csc(-c2cn3ccsc3n2)c1,0.5976537987102093,2.510408980778058
9026,COC(=O)C1=Cc2c([nH]c3ccccc23)C(c2cccnc2)N1,0.7144814245957783,3.3018724650183353
9027,C/C=C(\NC(=O)CCCC)C(=O)O,0.6339097522790385,2.389734320144573
9028,CCCCCCCCCCC1=NN(c2c(C)cccc2C)C(=O)C1,0.4900889969167736,2.487695247428933
9029,C[N+](CCCl)(CCCl)Cc1cccc2cccc([N+](=O)[O-])c12.[Cl-],0.31464254355179894,3.221352179921725
9030,CC(=N)Nc1nnc(-c2ccccc2C)s1,0.6178619812368598,2.4680161676560246
9031,CCCCCCCCCCCCCCCCCCNC(=O)OCC1(COC(=O)N(Cc2cccc[n+]2CC)C(C)=O)CCCCCC1.[I-],0.05391192371111855,3.3705707319419584
9033,O=C1NC(=O)C(CC#Cc2ccccc2)(S(=O)(=O)c2ccccc2)S1,0.8390707952117643,3.2500927686344614
9034,O=C(O)c1ccc(O)c(C(=O)/C=C/c2cccc(OCc3ccccc3)c2)c1,0.4676124947600475,2.015973698508816
9035,CC(C)(C)c1cc(-c2n[nH]c(N)n2)cc(C(C)(C)C)c1O,0.7505139396628872,2.6666978861664354
9036,CCCCCCn1ccccc1=O,0.6361804707976877,1.830213554582631
9037,C=CCCC(=O)N/C(=C\C)C(=O)O,0.4943524459512827,2.739406718334619
9038,COc1cccc(CNC[C@@H](O)[C@H](Cc2ccccc2)NC(=O)C2=CN(CC(=O)OC(C)C)C(C)=C(C(C)=O)C2C)c1,0.29222466716154477,3.951353970073553
9039,CCCCCCCCCCCCCCCCNC(=O)OC[C@@H]1C[C@@H](COC(=O)N(Cc2cccc[n+]2CC)C(C)=O)S1.[Cl-],0.14751313027387605,4.038875205768221
9040,CCCCC/C=C\C/C=C\C/C=C\Cc1ccccc1CCCC(=O)O,0.29924773292885326,2.626165489463661
9041,O=C(Cc1ccccc1)NCCc1c[nH]cn1,0.8118232468982859,2.12281673568671
9042,O=C1NC(=O)C(CC#Cc2cccc(Cl)c2)(S(=O)(=O)c2ccccc2)S1,0.7927272454723594,3.3450920967370763
9043,C/C=C(\NC(=O)CCCCCCCCC)C(=O)O,0.4649901963768289,2.2412788482839083
9044,O=C(O)Cc1ccc2c(c1)NCc1ccccc1C2=O,0.8768327700911527,2.236827536282126
9045,Cc1cc(Cl)cc(-n2ncc(=O)[nH]c2=O)c1,0.8007695935514332,2.3896079159077726
9046,CCCCCCCCCCCCCCCCCCNC(=O)OCC1(COC(=O)N(Cc2cccc[n+]2CC)C(C)=O)CCC1.[I-],0.08422243198551185,3.312576434201315
9047,O=NN(CCF)C(=O)NC1CCS(=O)(=O)CC1,0.5820524098530512,3.138244173813801
9048,O=c1c(CO)coc2cccc(OCC3CCCCC3)c12,0.9378815730248049,2.4212532042909345
9049,CC(=O)OC(C)C[N+](C)(C)C.[I-],0.32997005773859794,3.5716237532063175
9050,CC1(C)C=C(n2ccccc2=O)c2cc(S(=O)(=O)c3ccccc3)ccc2O1,0.679937523333562,2.572563143494211
9051,CC1(C)C=C(n2ccccc2=O)c2cc(S(=O)(=O)NC(=O)Nc3ccccc3)ccc2O1,0.632236662402733,2.6277771270113206
9052,Cc1cccc(C(=O)N2CCC(N3CCC(Cc4ccc(SC(C)C)cc4)CC3)CC2)c1N,0.4431929560351396,2.4961894905699697
9053,CCc1cccc(-c2cc(O)c(Sc3ccccc3C(C)C)c(=O)o2)c1,0.6152599814575438,2.4684657381464845
9054,CC(C)C[C@@H](CO)C(=O)N[C@H](Cc1c[nH]cn1)C(=O)N[C@H](Cc1ccccc1)C(=O)NCC(C)(C)C,0.28710729254291056,3.6770233911621606
9055,CCCN(CCC)C1Cc2cccc3nc(S)n(c23)C1,0.8520830787749032,3.4566957893877195
9056,CSCC/N=C(\NC#N)NCCCc1c[nH]cn1,0.22242255678831405,3.371452408240436
9057,C/C=C(\NC(=O)CCCNC(=O)CC(C)C)C(=O)O,0.4532702034584003,2.423322481986057
9058,O=C1NC(=O)C(CC#Cc2ccc(Cl)cc2)(S(=O)(=O)c2ccc(F)cc2)S1,0.6043661525400481,3.3225121096804564
9059,CC(C)n1ccccc1=O,0.5735457222104868,2.181525776931924
9060,O=C(Nc1ccccn1)C(F)(F)F,0.7299660150692219,2.0181439258330016
9061,CCCOC(=O)C1C2C(=O)CC(c3ccc(O)cc32)C1C(=O)OCC[Si](C)(C)C,0.53732586521712,4.654190695987808
9062,CN/C(S)=N/S(=O)(=O)c1cc(CCNC(=O)c2cc(Cl)ccc2OC)ccc1C(C)C,0.30239414104498213,2.774330626679321
9063,O=S(=O)(CS(=O)(=O)C(F)(F)F)c1ccc(SC(F)(F)C(F)F)c(Cl)c1,0.4806549563027297,3.2431369504623557
9064,O=C(NCCc1cccc2ccccc12)C1CCC1,0.8896431257177765,1.648222090377665
9065,Nc1nc(N)c2nnn(C3CC(CO)CC3O)c2n1,0.5225032491850944,3.9501784525620733
9066,O=S(=O)(CS(=O)(=O)C(F)(F)F)c1ccccc1,0.8416883313048577,2.3638085398825144
9067,Nc1ccc(-c2nc3ccccc3s2)cc1Cl,0.666241433228942,1.9217808675548405
9068,CCCCCC(C)NC(=O)N(CCCl)N=O,0.3111859224764627,3.132113442510982
9069,Cc1noc(C2=CCCN(C)C2)n1,0.6469956031178334,2.8626239495930257
9070,COc1ccc(OCC(O)CNC(C)COCC(C)OCC(C)OCC(C)N(CC(O)COc2ccc(OC)cc2)CC(O)COc2ccc(OC)cc2)cc1,0.07727204418208193,4.523795065197673
9071,CC1(C)C=C(n2ccccc2=O)c2cc(S(=O)(=O)Nc3ccc(C#N)cc3)ccc2O1,0.677698033212215,2.6840167009498774
9072,CCCCCCCCCCCCCCCCCCNC(=O)OCC1(COC(=O)N(Cc2cccc[n+]2CC)C(C)=O)CCCCC1.[I-],0.07454035918011721,3.356088286014044
9073,CN(CCBr)CCBr,0.6811775113495504,3.2008599786665677
9074,CCCCNC1Cc2cccc3nc(O)n(c23)C1,0.8105884447328271,3.22132707679293
9075,CN(C)CCC(c1ccc(Cl)cc1)c1ccccn1,0.8240069237957237,2.4708648349566964
9076,CCCC1C(C(=O)NC(C)c2ccccc2)=CN(CC(=O)OC(C)C)C=C1C(=O)N[C@@H](Cc1ccccc1)[C@H](O)CNc1cccc(OC)c1,0.13708148258725303,4.262695021213331
9077,CN/C(S)=N/S(=O)(=O)c1cc2c(cc1OC)OCCC2CNC(=O)c1cc(Cl)ccc1OC,0.29602928273627854,3.4838526539337087
9078,C[N+](CCCl)(CCCl)Cc1cccc2c([N+](=O)[O-])cccc12.[Cl-],0.31464254355179894,3.103193122849765
9079,CNC(=O)NS(=O)(=O)c1cc(CCNC(=O)c2cc(Cl)ccc2OC)ccc1OC,0.5587178900968489,2.2243595862091095
9080,O=C(CN1CCCCC1=O)NCCN1CCN(c2ccc(F)cc2OCC(F)(F)F)CC1,0.6018089458486062,2.4702617423959374
9081,O=S(=O)(CS(=O)(=O)C(F)(F)F)c1ccc(NS(=O)(=O)C(F)(F)F)cc1,0.7033153861414416,2.74628420320961
9082,CCCN(CCC)C1Cc2cccc3c2N(C1)C(=O)CO3,0.8341506255648674,3.222514383659221
9083,CCN(CC)CCN(Cc1ccccc1)C(=O)c1ccc(-n2ccnc2)cc1,0.569455811527316,2.1704725019276214
9084,COc1ccc(C#CCC2(S(=O)(=O)c3ccccc3)SC(=O)NC2=O)cc1,0.7923991722384816,3.247329437615681
9086,CCC[N+]12[C@H](O)[C@@H](CC)[C@@H]3C[C@H]1[C@@H]1N(C)c4ccccc4[C@]14C[C@H]2[C@@H]3[C@H]4O.O=C([O-])C(O)C(O)C(=O)O,0.29818577003265107,7.117608080802797
9087,CCN(CC)C(=O)N(CC)CC,0.6338792410817093,2.2220368467676384
9088,O=S(=O)([O-])Nc1ccc(-c2nc3ccccc3s2)cc1I.[Na+],0.3541331830662687,2.811138741802141
9089,COc1cc(NC(=O)c2cc(OCCCN(C)C)nn2Cc2ccccc2)cc(OC)c1OC,0.4069700768443977,2.4139834962691697
9090,COc1ccc2[nH]c3c(c2c1)C=CNC3,0.7404244854621634,2.9951023495731466
9091,Cc1cccc(C[N+](C)(CCCl)CCCl)c1[N+](=O)[O-].[Cl-],0.31044147808734057,3.3903631326695445
9092,C/C=C(\NC(=O)CCCc1ccccc1)C(=O)O,0.7565312673342504,2.0670905029149917
9093,CC(=O)SCC1CCCN(CC(N)=O)C1=O,0.7539221183423215,3.2196082546755624
9094,C/C(CC1CCc2c(cccc2OCC(=O)O)C1)=N\OC(c1ccccc1)c1cccnc1,0.3613787828426188,3.486916628856113
9095,CCCCC/C=C(\NC(=O)CC(C)C)C(=O)O,0.506931248699113,2.419368120302094
9096,Cc1cc(O)cc(C)c1/C=C1\CCCN=C1c1cccnc1,0.9065005716323952,2.749255225318624
9097,Cc1cn2cc(-c3cccs3)nc2s1,0.6138408702061637,2.694556383065496
9098,C[C@@H]1O[C@H](C[N+](C)(C)C)CC1(F)F,0.6053249931086395,4.590751697103183
9099,O=C(O)CCCc1ccc(N(CCCl)CCCl)cc1,0.7110607782360152,2.20076708575964
9100,CN(C)CCCSC(=N)N,0.35981202699991244,2.7464226211133838
9101,COc1cc2c(cc1OC)CNCC2,0.7687054318203002,2.0384621241536767
9102,CCCCCCCCCCCCCCCCCCNC(=O)OCC1(COC(=O)CCCC[n+]2cccc3ccccc32)CCCC1.[Br-],0.06265659666980143,3.167592834716115
9103,Cc1cccc(C(=O)N2CCC(N3CCC(Cc4ccc(S(=O)(=O)c5cccc(Cl)c5)cc4)CC3)CC2)c1N,0.3920227036975779,2.552965834217421
9104,CCCCN(CCCC)C1Cc2cccc3nc(O)n(c23)C1,0.8497681488750365,3.307406647886334
9105,CC(C)Sc1ccc(CC2CCN(C3CCN(C(=O)c4ccc(Cl)cc4Cl)CC3)CC2)cc1,0.3931413638355738,2.41426739564362
9106,CN/C(S)=N/S(=O)(=O)c1cc(CCNC(=O)c2cc(Cl)ccc2OC)ccc1N1CCOCC1,0.27504235582249836,2.814303359629495
9107,O=NN1CCOC1=O,0.45693350426463525,3.3885712673778565
9108,Cc1cc(=O)oc2cc(O)ccc12,0.6225239946244197,1.9637974423165172
9109,COc1cc(OC)c2c(c1)S(=O)(=O)N(COC(=O)c1c(Cl)cccc1Cl)C2=O,0.6515509732041284,2.689094994055374
9110,O=C(O)c1ccc(O)c(C(=O)/C=C/c2ccc(OCc3ccccc3)cc2)c1,0.4676124947600475,1.9673736985088173
9111,CC[C@H](C)C(=O)O[C@H]1C[C@@H](C)C=C2C=C[C@H](C)[C@H](CC[C@@H]3C[C@@H](O)CC(=O)O3)[C@H]21,0.671999391844661,4.690328588437215
9112,C/C=C(\NC(=O)CN)C(=O)O,0.46152368711007635,2.762477259374153
9113,CCOC(=O)c1[nH]c2cc(Cl)ccc2c1/C=N/NC(=O)Cc1ccccc1,0.3865599267109304,2.3012414463535062
9114,CCCCCCCC/C=C(\NC(=O)C1CC1(C)C)C(=O)O,0.4747434796110164,3.0343354276152636
9115,C/C=C(\NC(=O)CCCCCC)C(=O)O,0.5022141719546559,2.2839119649577633
9116,CN(C)CCCCCCC/C=C(\NC(=O)C1CC1(C)C)C(=O)O,0.4526402490618686,3.132096563943634
9117,CN(C)CCCOc1cc(C(=O)Nc2ccc(OC(F)(F)F)cc2)n(Cc2ccccc2)n1,0.4522382232340766,2.394939308425414
9118,CCCCC1CC(=O)N(OS(C)(=O)=O)C1=O,0.6604268452120255,3.35228231549846
9119,C/C=C(\NC(=O)c1ccc(OC)cc1)C(=O)O,0.7735930744555389,1.9299144079275123
9120,C/C=C(\NC(=O)CCC1CCCO1)C(=O)O,0.6882364535736347,3.0128239238900685
9121,CCCC/N=C(/C)Nc1nnc(-c2ccccc2C)s1,0.5107450704565395,2.4796842164440687
9122,Nc1ccc(S(=O)(=O)N(CCOC(=O)CCCc2ccc(N(CCCl)CCCl)cc2)c2ncccn2)cc1,0.1622148434110021,2.8795154540663113
9123,CN1CCN(C(CN2CCN(CCC(=O)c3ccccc3)CC2)c2ccc(F)cc2)CC1,0.59152961037632,2.673296078823981
9124,CS(=O)(=O)Nc1ccc(CCNC[C@H](O)COc2ccc(O)cc2)cc1,0.4634084072766862,2.5100722864104164
9125,O=S(=O)(CS(=O)(=O)C(F)(F)F)c1ccc(Cl)c(Cl)c1,0.8342297823425885,2.5507816358322106
9126,O=C(O)c1cc(Cl)cc(C(=O)/C=C/c2cccc(OCc3ccc4ccccc4n3)c2)c1O,0.26891038889541036,2.4191444823866632
9127,CC1(C)CC1C(=O)N/C(=C\CCCCCNCP(=O)(O)O)C(=O)O,0.21285939352572134,3.5702479628214645
9128,O=C(/C=C/c1cccc(/C=C/c2ccc3ccccc3n2)c1)c1cc(Cl)cc(-c2nn[nH]n2)c1O,0.23396115240275314,2.821690533377563
9130,CCCc1nc(CC)c(C(N)=O)n1Cc1ccc(-c2ccccc2S(=O)(=O)Nc2onc(C)c2C)c(CC)c1,0.264821444521815,2.935328134979722
9131,CC(C)(C)c1cc(-c2n[nH]c(O)n2)cc(C(C)(C)C)c1O,0.7503468258188221,2.770040543509092
9132,C/N=C(\S)NCCCCc1c[nH]cn1,0.2975577233030495,3.352465585692138
9133,CC(C)(C)NC(=O)[C@@H]1C[C@H](OCc2ccncc2)CCN1C[C@@H](O)[C@H](Cc1ccccc1)NC(=O)/C=C/c1ccccc1,0.27660486445749377,3.840931785912443
9134,O=S(=O)(CS(=O)(=O)C(F)(F)F)c1cc(C(F)(F)F)cc(C(F)(F)F)c1,0.6981850400815403,2.8206931716605137
9135,CCN(CC)CCNC(=O)c1ccc(-n2ccnc2C)cc1.CS(=O)(=O)O,0.6911975304130965,2.287402884914945
9136,C/C=C(\NC(=O)C1C(C(C)(C)C)C1(C)C)C(=O)O,0.758971700297223,3.8919402402191388
9137,C/C=C(\NC(=O)C1C(C=C(C)C)C1(C)C)C(=O)O,0.5949991738906913,3.714969604767634
9138,Nc1ccn(C2OC(CO)C(Cl)C2O)c(=O)n1,0.5699112624168409,3.922364514265679
9139,CC1=C(C(=O)N[C@@H](Cc2ccccc2)[C@H](O)CNC2CC2)C(C)C(C(=O)OCc2ccccc2)=C(C)N1CC(=O)N(C)C,0.3084901979414164,3.773666669126319
9140,CCCC/N=C(\Nc1nnc(-c2ccccc2-c2ccccc2)s1)C(C)C,0.3051450913078564,2.5378644233764813
9141,Cc1cc(=O)oc2ccccc12,0.5522573011862889,1.6608926926295577
9142,CCc1ccc2c(CC(=O)O)cc(=O)oc2c1,0.8214745594629073,2.0684688731662533
9143,CC(=O)NCCCCC/C=C(\NC(=O)C1CC1(C)C)C(=O)O.CC(C)=O,0.4272161314623448,3.170494798145257
9144,CN(c1ccccc1)S(=O)(=O)c1ccc2c(c1)C(n1ccccc1=O)=CC(C)(C)O2,0.6424646023184576,2.6441388679030258
9145,CC/C=C(\NC(=O)CC(C)C)C(=O)O,0.6596786297776563,2.585957508769061
9146,O=C1NCCN1CCN1CCC(c2cn(-c3ccc(F)cc3)c3ccc(Br)cc23)CC1,0.5676624889262399,2.6115206266793205
9147,O=S(=O)(c1ccc(Cl)c(Cl)c1)C(Cc1ccc(C(F)(F)F)cc1)S(=O)(=O)C(F)(F)F,0.508129213279875,3.0674984054326977
9148,C=CCc1ccccc1OCC(O)CNC(C)COC(C)COC(C)COCC(C)N,0.30278701638628575,4.118751230967227
9149,CN1CCC=C(c2ncno2)C1,0.616593772549595,3.330431671297948
9150,CNC(=O)Oc1ccc2c(c1)OC[C@@H]1CC[N+](C)(C)[C@H]21,0.7979904291931869,3.8689479722560254
9151,CN(C)CCCOc1cc(C(=O)Nc2cccc(Cl)c2)n(Cc2ccccc2)n1,0.5357556879239462,2.225420065172754
9152,O=C(O)Cc1cc(=O)oc2cc(O)ccc12,0.7403319668264089,2.11569008373994
9153,O=S(=O)(CS(=O)(=O)C(F)(F)C(F)(F)C(F)(F)C(F)(F)F)c1ccc(OC(F)(F)F)cc1,0.5033008176749231,2.9650429643416576
9154,CCOP(=O)(OCC)C(CCC(=O)c1cccc(NS(C)(=O)=O)c1)P(=O)(OCC)OCC,0.2423573240290156,2.9754005617161514
9155,O=P(O)(O)C(NCCc1ccccc1)c1cccc2nc(O)c(O)nc12,0.41313322299684574,3.2799127500563596
9156,CN1CCCN(C)C1=O,0.4621772024730006,2.435218391840941
9157,COc1ccc(C(=O)C(C)CN2CCN(CC(c3ccc(F)cc3)N3CCN(C)CC3)CC2)cc1,0.5112350108809776,3.103669030862708
9158,CN1CCN(C(CN2CCN(CC3CCc4ccccc4C3=O)CC2)c2ccc(Cl)cc2)CC1,0.6288132212883131,3.2043419905663253
9159,Cn1c(S)nnc1-c1cc(C(C)(C)C)c(O)c(C(C)(C)C)c1,0.7790340774466041,2.696538741802142
9160,CCOP(=O)(OCC)C(CCC(=O)c1ccc(NC(=O)c2ccccc2)cc1)P(=O)(OCC)OCC,0.1836760567825169,2.7329791094633027
9161,COc1ccccc1N1CCN(CCCSc2nc3sc(C)c(C)c3c(=O)n2N)CC1,0.2517678703326653,2.4888748574485504
9162,CC(C)Sc1ccc(CC2CCN(C3CCN(C(=O)c4cnccn4)CC3)CC2)cc1,0.6200758783620065,2.5217467805254756
9163,CC1(C)CC1C(=O)N/C(=C\CCCCCNC1=NCCN1)C(=O)O,0.3745032889325476,3.534997413370914
9164,COC(=O)Nc1nc2cc(C(=O)N3CCN(c4ccccn4)CC3)ccc2[nH]1,0.7212273690111257,2.29284515150027
9165,C/C=C(\NC(=O)CNC(=O)CCC)C(=O)O,0.5577804685873378,2.411028695128552
9166,COC(=O)C1Cc2c([nH]c3ccccc23)C(C)N1,0.7534454983560377,3.2038855795856556
9167,C1=Cc2c([nH]c3ccccc23)CN1,0.623148422620058,2.981820815097583
9168,Cc1ccc(S(=O)(=O)C2(CC#Cc3ccc(F)cc3)SC(=O)NC2=O)cc1,0.7971640829819325,3.3094874942958405
9169,CCCCCCCCCCCCCCCCCCNC(=O)OCC1(COP(=O)([O-])OCC[n+]2ccccc2)CCCC1,0.064757852316102,3.7914919349414706
9170,CC(=O)Nc1cccnc1,0.6263238604714195,1.614134751290898
9171,COc1cc2cc(CO)c(CO)c(-c3ccnc(-n4c(=O)c5ccccc5c5ccccc54)c3)c2cc1OC,0.28845111279233887,2.689037841939429
9172,c1ccc2c3c([nH]c2c1)CN(CCCCCCCc1ccncc1)CC3,0.5739613173007558,2.241186885913365
9174,CCCc1nc(CC)c(C(=O)N(C)C)n1Cc1ccc(-c2ccccc2S(=O)(=O)Nc2onc(C)c2C)cc1,0.2903945267598384,2.8201550580566437
9175,CN1CCCCCC1=O,0.47544504743296084,1.957027391840942
9176,C/C=C(\NC(=O)CCCCCCCCC(=O)O)C(=O)O,0.3989462116483255,2.2996286159042576
9177,O=C1CC(Cc2ccccc2)C(=O)N1OS(=O)(=O)/C=C/c1ccccc1,0.7291483611716072,3.0724837038341626
9178,C/C=C(\NC(=O)COc1ccccc1)C(=O)O,0.7510292436795415,2.030798496734173
9179,C/C(CC1CCc2c(cccc2OCC(=O)O)C1)=N\OC(c1ccccc1)c1ccncc1,0.3613787828426188,3.493160378856113
9180,O=C1CC2(CCCC2)CC(=O)N1CCCCNC[C@@H]1COc2ccccc2O1,0.5764764572822345,3.5134754125801795
9181,CCCCCCCCCCCCCCCCCCNC(=O)OCC1(COC(=O)CCCCC[n+]2cccc3ccccc32)CSC1.[Br-],0.06114310530103885,3.280757057943868
9182,COCCCCC/C=C(\NC(=O)C1CC1(C)C)C(=O)O,0.5027887497716488,3.128319882275962
9183,CC(=N)Nc1nnc(-c2ccccc2-c2ccccc2)s1,0.5595546588076218,2.2873154993729017
9184,CS/C(=N\CCSCc1c[nH]c2ccccc12)NC#N,0.2926596814299122,2.9264253444630555
9185,CCCc1nc2c(n1Cc1ccc(-c3ccccc3S(=O)(=O)Nc3onc(C)c3C)c(CC#N)c1)C(=O)CCCC2,0.24631632810040816,3.1523066911044326
9186,CN(CCCC/C=C(\NC(=O)C1CC1(C)C)C(=O)O)CC(=O)O,0.4125697242598273,3.279760536200884
9187,C/C=C(\NC(=O)Cc1ccccc1)C(=O)O,0.75068314575401,2.0503047690546268
9188,CCOc1cc(OC)cc2c1C(=O)N(COC(=O)c1c(Cl)ccc(OCCN3CCOCC3)c1Cl)S2(=O)=O,0.38259428800392575,2.9969410467126583
9189,CSC(S(=O)(=O)c1ccc(Cl)cc1)S(=O)(=O)C(F)(F)F,0.8169362383453681,3.244162757713511
9190,CN(C)CCCOc1cc(C(=O)Nc2ccc3c(c2)C(=O)N(C)C3=O)n(Cc2ccccc2)n1,0.3888530065764935,2.4984652270384
9191,CCCc1nc(CC)c(C(N)=O)n1Cc1ccc(-c2ccccc2S(=O)(=O)Nc2onc(C)c2C)c(C)c1,0.2959088089656321,2.8719003624912176
9192,CCCCc1nc(Cl)c(CO)n1Cc1ccc(-n2cccc2C(=O)O)cc1,0.613714489847087,2.52289721689875
9193,COc1cccc(C[N+](C)(CCCl)CCCl)c1[N+](=O)[O-].[Cl-],0.2854712386309636,3.320261522530072
9194,CN/C(S)=N/S(=O)(=O)c1cc(CCNC(=O)c2cc(Cl)ccc2OC)c(OC)c(C)c1OC,0.2670204279163857,2.9483693081466082
9195,O=C1CCCCN1,0.46424608419258134,2.23509281729331
9196,CC(C)Oc1ccccc1N1CCN(C/C=C/C(=O)CN2CCCCC2=O)CC1,0.6294010019169679,2.5725281281940706
9197,CN(C)C1Cc2cccc3nc(O)n(c23)C1,0.7807515936789838,3.3449777001138443
9198,CCCCC[C@@H](/C=C/C1[C@H](O)C[C@H](O)[C@@H]1C/C=C\CCCC(=O)O)OC(C)=O,0.24952804887275803,4.089721263975081
9199,CN(C)CCCOc1cc(C(=O)Nc2ccc3ccccc3n2)n(Cc2ccccc2)n1,0.40634650543440276,2.376434695249536
9200,CC(C)c1ccc2c(c1)CC[C@H]1C(=O)[C@@H](O)CC[C@]21C,0.8509183226302149,3.613752706460925
9201,CCN1CCN(CC)C1=O,0.558148749930757,2.409505264111411
9202,C=CCNCCCCC/C=C(\NC(=O)C1CC1(C)C)C(=O)O,0.31113205737800737,3.3589286445337567
9203,C/C=C(\NC(=O)C1CC12CC2)C(=O)O,0.6571005616162883,3.846454710898839
9204,C/C=C(\NC(=O)[C@@H]1C[C@H]1C(C)(C)C)C(=O)O,0.7192954165910689,3.7584544528025736
9205,CCN1CCN(CC)C1=S,0.5519859745347011,2.820510392316539
9206,Nc1ccc(-c2nc3ccccc3s2)cc1Br,0.6804712727296284,2.0011984499724242
9207,COc1ccccc1N1CCN(CCCSc2nc3sc4c(c3c(=O)n2N)CCC4)CC1,0.24568560916914342,2.5465711716763337
9208,CCCc1nc(Cl)c(C(=O)OC)n1Cc1ccc(-c2ccccc2S(=O)(=O)Nc2onc(C)c2C)cc1,0.2814678018832309,2.699500006606252
9209,CC/C=C(\NC(=O)C1CC1(C)C)C(=O)O,0.6928284977581799,3.3224669589540445
9210,CC(=O)N1CCCCC1,0.47544504743296084,1.581364622610172
9211,CCCN(Cc1ccccc1)C1Cc2cccc3nc(O)n(c23)C1,0.78077619028097,3.0864796111731128
9212,O=C(O)c1ccc(O)c(C(=O)/C=C/c2ccc3ccccc3n2)c1,0.5671382771878294,2.181212668243413
9213,CC(COCC(C)OCC(C)OCC(C)N(CC(O)COc1cccc2ccccc12)CC(O)COc1cccc2ccccc12)NCC(O)COc1cccc2ccccc12,0.04180989265728351,4.730318182513133
9214,CC(C)(C)c1cc(-c2nnc(N)o2)cc(C(C)(C)C)c1O,0.837110208707341,2.593444179872728
9215,CN1CCN(S(=O)(=O)c2ccc(-n3ccnc3)cc2)CC1,0.8418243038021217,2.08206208197063
9216,CCN1CCCC1=O,0.4880738985233881,2.0755216170282065
9217,CC(CN1CCN(CC(c2ccc(F)cc2)N2CCN(C)CC2)CC1)C(=O)c1ccc(C(F)(F)F)cc1,0.3833716407092787,3.2448254866575734
9218,c1ccc2c(CCCCN3CCc4c([nH]c5ccccc45)C3)ccnc2c1,0.5053082160782161,2.265464423376484
9219,COc1ccc(-c2[nH]c(C)c(-c3ccc(F)cc3)c2-c2ccc(OC)cc2)cc1,0.42515621376879875,2.059855097610196
9220,COC(=O)c1cc2c3ccccc3n(C)c2cn1,0.6137601226618582,2.095398231421779
9221,CN(C)CCCOc1cc(C(=O)Nc2cc(F)cc(C(F)(F)F)c2)n(Cc2ccccc2)n1,0.369385517709234,2.502027834695779
9222,NC(=O)Cc1cc(=O)oc2cc(O)ccc12,0.7200300127671729,2.197800922900779
9223,CCC1NC(C(=O)OC)Cc2c1[nH]c1ccccc21,0.8126873610173397,3.188860424418409
9224,c1csc(-c2cn3c(n2)SCC3)c1,0.7168272397364831,2.8215888624348615
9225,Cc1ccc(-c2cc(O)c(Sc3ccccc3C(C)C)c(=O)o2)cc1,0.66427038241849,2.3854499174953236
9226,O=C1c2cccc3cccc(c23)N1CCCCCN1CCN(c2ccccc2)CC1,0.5344869202940897,2.0929943438877157
9227,CCCCCCCCCCCCCCC1(C(=O)OC)CO1,0.2566515753215155,2.749205361494944
9228,Cc1cn2c(=O)c3cc(C(=O)O)ccc3nc2s1,0.7251607569556215,2.312100964453453
9229,CN1C=Cc2c([nH]c3ccccc23)C1,0.6663860705560024,2.885353005954803
9230,CCCCCCCCCCCCCCCCCCNC(=O)OCC1(COC(=O)N(Cc2cccc[n+]2CC)C(C)=O)COC1.[Cl-],0.13050925751342324,3.36421050013538
9231,CC(C)c1ccc2c(c1)CC[C@H]1[C@](C)(Sc3ccccn3)CCC[C@]21C,0.5957268946062624,3.844031057497803
9232,COc1ccc2[nH]c3c(c2c1)CCN(CCc1ccncc1)C3,0.8046965483936406,2.249694524105056
9233,CC(C)C[C@H](CO)C(=O)N[C@H](Cc1c[nH]cn1)C(=O)N[C@H](Cc1ccccc1)C(=O)NCC(C)(C)C,0.28710729254291056,3.6770233911621606
9234,CCCOc1ccc(CCNC(=O)c2cc(Cl)ccc2OC)cc1S(=O)(=O)/N=C(\S)NC,0.2629433644722539,2.713382371766567
9235,C/C(=N/Cc1ccccc1)Nc1nnc(-c2ccccc2C)s1,0.5663443478123231,2.3366300140760146
9236,CN1C[C@@H](NS(=O)(=O)N(C)C)C[C@@H]2c3cccc4c3c(cn4C)C[C@H]21,0.8950821276625349,3.7998225954066642
9237,O=C1NCCN1,0.4018271696807983,3.2210110912725867
9238,CC(NC(=O)NC(=O)c1ccccc1)C1CC2CCC1C2,0.8972118882186453,3.8544822868169586
9239,C/C=C(\NC(=O)CCCCC)C(=O)O,0.5048291200241112,2.312247737459291
9240,O=C(O)c1ccc(C(=O)/C=C/c2cccc(OCc3ccc4ccccc4n3)c2)c(O)c1,0.3153457982803851,2.290208063466171
9241,CCCN(CCC)C1Cc2cccc3ccn(c23)C1,0.7918476330847894,3.2291797067515695
9242,NC(=O)c1csc(C2OC(COP(=O)(O)CP(=O)(O)OCC3OC(n4cnc5c(N)ncnc54)C(O)C3O)C(O)C2O)n1,0.10061619575665338,5.158647799152514
9243,CCN(CC)CCN(C(=O)c1ccc(-n2ccnc2)cc1)c1cccc2ccccc12,0.40828493252454684,2.3489821651408604
9244,CC(C)COc1cccc2occ(CO)c(=O)c12,0.9016317418241787,2.4335871182996076
9245,C=CCn1c2ccccc2c2c(O)c(CN(Cc3ccccn3)Cc3ccc4c(c3O)c3ccccc3n4CC=C)ccc21,0.16034519891475335,3.1148955851995215
9246,C/C=C(\NC(=O)CCCCC(=O)N/C(=C\C)C(=O)O)C(=O)O,0.36673087580361624,2.7831440468419295
9247,CCCCC[C@@H]1/C=C\C2CCC(=O)[C@@H]2C/C=C\CCCC(=O)O1,0.4262338461024721,4.376953880836805
9248,CC1(C)CC1C(=O)N/C(=C\CC(F)(F)F)C(=O)O,0.7645791857269418,3.5181800353728114
9249,COC(=O)CSc1ccc(CC2CCN(C3CCN(C(=O)c4cccc5ccc(F)cc45)CC3)CC2)cc1,0.28317010435588386,2.526226036816894
9250,CC(=O)N1CCCCCC1=O,0.5216570902140727,2.0344049516818448
9251,CCN(CC)C(=S)N(CC)CC,0.6227229820492738,2.6990100477601953
9252,CC(C)c1cc2c(=O)n3cc(C(=O)O)ccc3nc2s1,0.7866905240103194,2.5497437674194092
9253,Fc1ccc(C(OC2CC3CCC(C2)N3Cc2ccccc2)c2ccc(F)cc2)cc1,0.4671143542035809,3.680265352344252
9254,O=C1NCCCCN1,0.4597572507425772,2.8007330794787997
9255,C=CCCN1C2CCC1CC(OC(c1ccc(F)cc1)c1ccc(F)cc1)C2,0.5736483590171252,3.9545433269632664
9256,CCCN(CCC)CCc1ccc(OC)c(OCCc2cccc(Cl)c2)c1.O=C(O)C(=O)O,0.42224980937256784,2.290479506936581
9257,COc1cccc2c1C[C@H]1CCN[C@H]1C2,0.7508076684738745,3.180427933031142
9258,CC1(C)CC1C(=O)N/C(=C\CCCCSc1ccccc1)C(=O)O,0.4012083024521444,3.0539044063779084
9259,CCCCOc1ccc(C(=O)O)cc1C(=O)/C=C/c1ccc(OCc2ccc3ccccc3n2)cc1,0.14780149748685967,2.337138766268035
9260,O=C1CC2(CCCC2)CC(=O)N1CCCCNC[C@H]1COc2ccccc2O1,0.5764764572822345,3.5134754125801795
9261,CN(C)CCCOc1cc(C(=O)Nc2cnc3ccccc3c2)n(Cc2ccccc2)n1,0.40634650543440276,2.377782089790477
9262,CC(C)Oc1ccccc1N1CCN(CCCNC(=O)CN2CCCCC2=O)CC1,0.6249240366312504,2.2491638359582264
9263,CCc1[nH]c(C(=O)OC)cc2c3ccccc3nc1-2,0.7150719641448456,2.428433558909134
9264,CCOc1ccc2c(C(=O)N3CCC(N4CCC(Cc5ccc(SC(C)C)cc5)CC4)CC3)cccc2c1,0.28620110658211756,2.5282488340196902
9265,CC(C)S(=O)(=O)c1ccc(CC2CCN(C3CCN(C(=O)c4cccc5ccccc45)CC3)CC2)cc1,0.4274337699236791,2.4149481782916844
9266,NC(=O)CSc1ccc(CC2CCN(C3CCN(C(=O)c4cccc5ccccc45)CC3)CC2)cc1,0.4640710970281754,2.4073091973753904
9267,C/C=C(\NC(=O)C1CC1(Cl)Cl)C(=O)O,0.5745592383330343,3.5220438763917166
9268,O=C1NC(=O)C(CC#Cc2ccccc2)(S(=O)(=O)c2ccc(Cl)cc2)S1,0.7927272454723594,3.2816273970531986
9269,CN(C)CCCOc1cc(C(=O)Nc2ccc(Cl)cc2F)n(Cc2ccccc2)n1,0.5138601191048354,2.3116101413354766
9270,COc1ccc2cc3[n+](cc2c1OC)CCc1cc2c(cc1-3)OCO2.[Cl-],0.5991930424474609,2.916613065347237
9271,Cn1c(CN2CCc3c([nH]c4ccccc34)C2)nc2ccccc21,0.6131623245915323,2.2299493803713837
9272,Cc1ccc(Cn2nnc(-c3ccccc3C)n2)cc1,0.7300699398309759,1.9018075725797665
9273,CNC(c1cccc2nc(O)c(O)nc12)P(=O)(O)O,0.5122905315094449,3.7382805212312062
9274,CC1(C)CCC(C)(C)c2cc3oc(-c4ccc(C(=O)O)cc4)cc3cc21,0.6043064090169749,2.4732256433098154
9275,O=[N+]([O-])c1cc2nc(O)c(O)nc2cc1-n1cccc1,0.5420801837380043,2.89630782835847
9276,CCCCc1nc(CCCC)n(Cc2ccc(-n3c(-c4nn[nH]n4)ccc3C(F)(F)F)cc2)n1,0.35077577807463545,2.986840410424602
9277,O=C(O)Cc1cc(=O)oc2ccc3ccccc3c12,0.5634246501932053,2.04341304608862
9278,C=CCNC(=S)N/N=C/c1ccc2c(c1)[n+]([O-])c(C#N)c(N)[n+]2[O-],0.1703918264461684,3.738519517276732
9279,CC1CCN(CCCCCN2c3cccc4cccc(c34)S2(=O)=O)CC1,0.7118757118052051,2.4090873356175067
9280,NC(=O)N(CCCl)N=O,0.35758485407090995,3.2656989102355904
9281,O=C(O)Cn1c(=O)c(=O)[nH]c2cc([N+](=O)[O-])c(-n3ccc(/C=N/OCc4ccccc4)c3)cc21,0.1747631803757846,2.9362806116537854
9282,CCN(CC(C)(C)O)C(=O)Cc1cccc(OC)c1,0.8537966158228383,2.1701702104928433
9283,CC1(C)CCC(C)(C)c2cc(/N=[N+](\[O-])c3ccc(C(=O)O)cc3)ccc21,0.4397739905190377,2.808754083179803
9284,O=NN(CCCl)C(=O)NC1CCC(CC2CCC(NC(=O)N(CCCl)N=O)CC2)CC1,0.27453262081431856,3.271935533841125
9285,O=S(=O)(CS(=O)(=O)C(F)(F)F)c1ccc(F)cc1,0.6265885853757565,2.4121615798380684
9286,CN/C(S)=N/S(=O)(=O)c1cc(CCNC(=O)c2cc(Cl)ccc2OC)ccc1C,0.338652833365215,2.631276216555305
9287,OC1(c2ccc(Cl)cc2)CCN(CCCn2c3c(c4ccccc42)CCN(CCc2ccccn2)C3)CC1,0.3201444381669434,2.73696481304067
9288,CCCCCCCCCCCCCCCCCCOCC(O)COCCC[N+](C)(C)C.[OH-],0.12339045698740556,3.0455985226295423
9289,Clc1cccc(N2CCN(CCCn3c4c(c5ccccc53)CCN(CCc3ccccn3)C4)CC2)c1,0.3106310528121106,2.5527200215427737
9290,CN/C(S)=N/S(=O)(=O)c1cc(CCNC(=O)c2cc(Cl)ccc2OC)ccc1F,0.3358177213384947,2.673005719963289
9291,CCCCCCCCCCCC[C@H]1C(=O)O[C@@H](CO)[C@@H]1OC(C)=O,0.4073794721409411,3.3652713224073807
9292,N#Cc1ccc2c(c1)c(C1CCN(CCN3CCNC3=O)CC1)cn2-c1ccc(F)cc1,0.6675616078230063,2.69072154388477
9293,COc1ccc2c(c1)CNc1cc(CC(=O)O)ccc1C2=O,0.9099686538633363,2.30727869217435
9294,CC(C)N(CCC(CCn1cccc1)(C(N)=O)c1ccccc1F)C(C)C,0.6855078528432057,3.3321874527158
9295,CN1CCN(CCCCN2c3cccc4cccc(c34)S2(=O)=O)CC1,0.7690845565409967,2.3916339284843335
9296,CNn1cc(C(=O)O)c(=O)c2cc(F)c(N3CCSCC3)cc21,0.88548642563867,2.815211407589219
9297,O=C(O)c1ccc(/N=N/c2cccc(-c3ccccc3)c2)cc1,0.6496441911268053,1.9585080852585648
9298,CN(C)Cc1ccc(CSCc2ccc(CSCc3ccc(CN(C)C)o3)cc2)o1,0.3477474669982201,2.6224995791432377
9299,CN(C)Cc1ccc(CSCc2cccc(CSCc3ccc(CN(C)C)o3)c2)o1,0.3477474669982201,2.743481188373252
9300,CNn1cc(C(=O)O)c(=O)c2cc(F)c(N3CCN(C(C)C)CC3)cc21,0.859233772978579,2.638682360536251
9301,C[S+]([O-])c1ccc2nc3sc(C(=O)O)cn3c(=O)c2c1,0.7209555263804523,3.8131486565205863
9302,O=C(CCCc1ccccc1)NCCc1c[nH]cn1,0.7976497721162618,2.1415321852827596
9303,CCCc1nc2c(n1Cc1ccc(-c3ccccc3S(=O)(=O)Nc3onc(C)c3C)c(F)c1)C(=O)CCCC2,0.26956965314776216,2.9499739158655025
9304,CN(Cc1ccccc1)Cc1ccn(-c2cc3nc(O)c(O)nc3cc2[N+](=O)[O-])c1,0.37291623349020975,2.8901724942766513
9305,O=P(O)(O)Cc1cc(-c2ccc(Cl)cc2)cc2nc(O)c(O)nc12,0.5250268893113721,2.8924964403536553
9306,C[C@]12CC[C@]3(C1)[C@H](CC2=O)C[C@@H](OC(=O)c1ccccc1)[C@H]1[C@](C)(C(=O)O)CCC[C@@]13C,0.6496688982550536,5.5306157288053495
9307,CCCN(CCC)C1Cc2cccc3c2n(c(=O)n3C)C1,0.8450135659852628,3.2431563393306693
9308,CCCCC/C=C\C/C=C\C(C)(C)/C=C\C/C=C\CCCC(=O)O,0.2787267042647987,3.1874945720726817
9309,Cc1c(C(=O)c2ccccc2)c2ccccc2n1CCN1CCOCC1,0.6619064109637767,2.065217546143824
9310,CCCCC[C@](C)(O)/C=C/C1[C@@H]2C[C@@H](O)[C@H]1C/C=C\CCCC(=O)O2,0.432868664877541,5.541375577898381
9311,c1ccc2c(c1)[nH]c1ccncc12,0.5489485570430717,1.903233832849061
9312,CC12C=CC(=O)C=C1[C@H]1C[C@H]1C1C2CCC2(C)C1CCC21CCC(=O)O1,0.6129869697619629,5.265195161810441
9313,C=CCc1ccccc1OCC(O)CNC(C)COCC(C)OCC(C)OCC(C)N(CC(O)COc1ccccc1CC=C)CC(O)COc1ccccc1CC=C,0.054159630565796264,5.015322732702726
9314,COc1ccc(CN(CCN(C)C)c2ccccn2)cc1,0.7817668594270732,2.000750543509092
9315,CN/C(S)=N/S(=O)(=O)c1cc(CCNC(=O)c2cc(Cl)ccc2OC)ccc1OC(F)(F)F,0.27698466207839706,2.8395120912062453
9316,CN/C(S)=N/S(=O)(=O)c1cc(CCNC(=O)c2cc(Cl)ccc2OC)cc(OC)c1OC,0.27453801214038825,2.760627524889305
9317,CN1CCC=C(c2nc(N(C)C)no2)C1,0.7208135156833011,3.0979034484742467
9318,Clc1cccc(N2CCN(CCCn3c4c(c5ccccc53)CCN(CCCc3cccnc3)C4)CC2)c1,0.2709862986614828,2.575830044490635
9319,O=NN(CCCl)C(=O)NC1C(O)CCCC1O,0.38359647815344744,3.9184833024222963
9320,CCCc1nc(CC)c(C(N)=O)n1Cc1ccc(-c2ccccc2S(=O)(=O)Nc2onc(C)c2C)cc1,0.31287150388260454,2.7580410073530786
9321,O=C1NCCCN1,0.4304419625449631,2.9860528172933094
9322,CON1CC/C(=C\c2cc(C(C)(C)C)c(O)c(C(C)(C)C)c2)C1=O,0.8277673009954567,2.9419404962977094
9323,CCCCc1nc(CCCC)n(Cc2ccc(-n3c(F)ccc3-c3nn[nH]n3)cc2)n1,0.41512587613508123,2.9174837036023984
9324,CCC1NC(C(=O)OC)Cc2c1[nH]c1ccc(O)cc21,0.7323520469333805,3.3886520931351463
9325,COc1cc(NC(C)CCCN)c2ncccc2c1,0.8371289360458547,2.6335930400849
9326,O=S(=O)(CS(=O)(=O)C(F)(F)F)c1cccc(C(F)(F)F)c1,0.7801209002594419,2.583497321448135
9327,CC1(C)C=C(n2ccccc2=O)c2cc(S(=O)(=O)NCCO)ccc2O1,0.8166518211415581,2.7482737202328913
9328,CCCCCCCC/C=C\CCCCCCCC1=NN(c2ccc(Cl)cc2Cl)C(=O)C1,0.1769372596170967,2.707478984501275
9329,CCCCC[C@H](O)/C=C/C1[C@@H]2C[C@@H](O)[C@H]1C/C=C\CCCC(=O)O2,0.442327671044205,5.389665225866896
9330,CCN(C)c1ccc(CO)cc1,0.7355625659383912,1.8548170858833615
9331,CCCCC[C@@H]1/C=C\C2[C@H](O)CC(=O)[C@@H]2CCCCCCC(=O)O1,0.479436626749083,4.382244116207213
9332,COc1cccc(NC(=O)/C=C/c2ccc(O)c(O)c2)c1,0.5959184943155127,1.9194975969641117
9333,Cc1c(C(=O)c2cccc3ccccc23)c2ccccc2n1CCN1CCOC(O)C1,0.5020409086940214,2.9154006206756033
9334,COc1ccc2c(C(=O)O)cc(=O)oc2c1,0.7757827698885704,1.8963072166070738
9335,CCCC(C)C(=O)[O-].[Na+],0.39450564440862823,3.932900308914146
9336,COC(=O)c1ccccc1OCC(O)CNCCNC(=O)Cc1ccccc1,0.3961683182913681,2.4539811925050987
9337,COc1ccc(-c2coc3cc(OC)ccc3c2=O)cc1,0.7376336116501088,1.8526797742783252
9338,CC1=C(C(O)CO)c2cc3nc(cc4[nH]c(cc5[nH]c(cc1n2)c(C)c5CCC(=O)O)c(CCC(=O)O)c4C)C(C(O)CO)=C3C,0.1631482846425387,6.261044600762054
9339,CN(C)Cc1ccc(CSCC/N=C/NCCSCc2ccc(CN(C)C)o2)o1,0.2579288633992668,3.3115457370911976
9340,CCCc1cc(O)cc(=O)o1,0.6979898841924247,2.4914664901433827
9341,O=C(O)Cn1c(=O)c(=O)[nH]c2cc(C(F)(F)F)c(-n3ccc(CNC(=O)Nc4ccc(Br)cc4)c3)cc21,0.25815100295393106,2.8712209265201487
9342,Br.O=C(NCCO)c1cc2c3ccccc3n(-c3ccc(F)cc3)c2cn1,0.5200121807571326,2.254525961838022
9343,COc1cc2cc(CO)c(CO)c(-c3ccnc(-n4ncc5ccccc5c4=O)c3)c2cc1OC,0.3913066555180953,2.700692985866251
9344,CC(C)(C)NC(=O)[C@@H]1C[C@H](OCc2ccncc2)CCN1C[C@@H](O)[C@H](Cc1ccccc1)NC(=O)OCc1ccccc1,0.29010020797004354,3.7578672455747313
9345,COc1ccc(Cl)cc1C(=O)NCCc1ccc(OC)c(S(=O)(=O)/N=C(\S)NC2CCCCC2)c1,0.25008934008770317,2.694777485081321
9346,CCCCC/C=C(\c1ccc(O)cc1)c1ccc(OCCN2CCCC2)cc1,0.5233698062533416,2.147008295131707
9347,CCCCCCCCCCCCCC/C=C(/c1ccc(O)cc1)c1ccc(OCCN(CC)CC)cc1,0.17069332273720897,2.4389874550438524
9348,NCc1ccccc1Cl,0.6343479541352415,1.5639350841486355
9349,CN(C)C(=O)c1cccc(-c2ccc(C(N)=O)cc2)n1,0.9180115909829197,1.9114486625243057
9351,COc1cc(N2CCC(C(N)Cn3nc(C(F)(F)F)c(Cl)c3C)CC2)c(Cl)cc1Cl,0.6140714385817853,3.2791497532302003
9352,NCC1CCCN1CCc1ccccc1,0.8078019135902091,2.2774442316813186
9354,O=C1NCCN1CCN1CCC(c2cn(-c3ccc(F)cc3)c3ccc(Cl)cc23)CC1,0.6281222024796652,2.573962165140859
9355,CC(=O)N[C@@H](Cc1ccc(OP(=O)(O)O)cc1)C(=O)N[C@@H](C)C(=O)NCCCc1ccccc1,0.2224541199439428,2.996651438565136
9356,CN(Cc1ccccc1)C(c1cccc2nc(O)c(O)nc12)P(=O)(O)O,0.500651830713465,3.391457560383019
9357,C=CCNC(=O)C(Cc1ccccc1)NC(C)=O,0.7366948401279874,2.280664650757428
9358,NCc1cc(Cl)ccc1Cl,0.698117924161314,1.7618539820601278
9359,O=C(NO)c1ccc2c(c1)Nc1ccccc1O2,0.452914549758205,2.1567559585362943
9360,CC(C)(C)c1cc(/C=C/c2n[nH]c(O)n2)cc(C(C)(C)C)c1O,0.7825625504773838,3.0780300630116653
9361,CC(C)c1ccccc1Sc1c(O)cc(-c2ccc(O)c(C(=O)O)c2)oc1=O,0.5719824906517883,2.599273678528796
9362,COc1cccc(OC)c1CN1CCc2c([nH]c3ccccc23)C1,0.7948672954598045,2.173964672121887
9363,Nc1ccc(OC23CC4C5CC6CC4C(C2)C(C6)C5C3)cc1,0.8334082142463027,4.598454169073159
9364,C[C@H](NC(c1cccc2nc(O)c(O)nc12)P(=O)(O)O)c1cccc2ccccc12,0.30535514396578284,3.6245979678445366
9365,O=NN(CCCl)C(=O)NC1CCCCCCCCCCC1,0.46797247130459346,2.858383614428451
9366,Fc1ccc(C(CCCN2CCc3c([nH]c4ccccc34)C2)c2ccc(F)cc2)cc1,0.3844159942550726,2.3269899250732333
9367,CC(C)c1ccccc1Sc1c(O)cc(-c2cccc(Cl)c2)oc1=O,0.615220176584574,2.4498859614513684
9368,CN/C(S)=N/S(=O)(=O)c1cc(CCNC(=O)c2cc(Cl)ccc2OC)ccc1OCCOC,0.18218167480873934,2.750987452836833
9369,CCCn1ccccc1=O,0.6010771774239347,1.8741259600821074
9370,CC(C)Cc1ccc2nc3sc(C(=O)O)cn3c(=O)c2c1,0.8072486491946019,2.482347068708032
9371,CC(NC(=O)N(CCCl)N=O)C(=O)O,0.4001140373591787,3.2942067335345735
9372,CC(C)c1cccc(/N=N/c2ccc(C(=O)O)cc2)c1,0.799435668991885,2.1270723887980303
9373,O=C(O)CCc1c[nH]c(Cc2[nH]c(Cc3[nH]c(Cc4[nH]c(CO)c(CC(=O)O)c4CCC(=O)O)c(CCC(=O)O)c3CC(=O)O)c(CC(=O)O)c2CCC(=O)O)c1CC(=O)O,0.040674243356431446,3.9062264047792308
9374,CCN1CCN(C(CN2CCN(CC(C)C(=O)c3ccccc3)CC2)c2ccc(F)cc2)CC1,0.5267732903114158,3.070446628785249
9375,O=C(CCCCc1ccccc1)NCCc1c[nH]cn1,0.7246555402979397,2.1432738136443703
9376,Fc1ccc(C(c2ccc(F)cc2)N2CCN(CCCN3CCc4c([nH]c5ccccc45)C3)CC2)cc1,0.35766133106678966,2.4821262318462303
9377,CN/C(S)=N/S(=O)(=O)c1cc(CCNC(=O)c2cc(Cl)ccc2OC)ccc1-c1ccccn1,0.2387653313986681,2.793860606593057
9378,CCC(=O)N(c1ccccc1)[C@H]1CCN(CCc2ccccc2)C[C@H]1C,0.7716224673579402,2.8893973806139606
9379,CO[C@H]1CC[C@@]2(C)[C@@H](CC[C@@]3(C)CC4=CC[C@H]5C(C)(C)[C@H](OC(=O)CCl)CC[C@]5(C)[C@H]4CC[C@@H]32)C1(C)C,0.20721094447002153,4.942046601893116
9380,NCc1ccc(F)cc1,0.6008283997611804,1.413133853379403
9381,CCC(=O)NC1Cc2cccc3ccc(OC)c(c23)C1,0.9301564662513592,2.6657014574039124
9382,CCNn1cc(C(=O)O)c(=O)c2cc(F)c(N3CCN(C)CC3)cc21,0.8632559724140544,2.650805751226809
9383,CS(=O)(=O)O.O=C(c1ccc(-n2ccnc2)cc1)N1CCN(Cc2ccccc2)CC1,0.6233569577521634,2.1323986638146
9384,CCCCCS(=O)(=O)Nc1ccc(CCNC[C@H](O)COc2ccc(O)cc2)cc1,0.33929326551025607,2.6733295018475935
9385,CCCCCCCCCCCCCCCCOC[C@H]1C[C@H](COC(=O)N(Cc2cccc[n+]2CC)C(C)=O)S1.[Cl-],0.14098477860128164,3.999791663495027
9386,CCCCCCCCCCCCCCCCOC(=O)C[n+]1csc(CCO)c1C.[Cl-],0.1956265016638626,2.866348208562366
9387,O=C1CCC(c2ccc(Cl)cc2)=NN1Cn1cncn1,0.866952140467692,2.6406693762932942
9388,CCCCCCCCCCCCCCCCCCNC(=O)OC[C@H]1C[C@H](COC(=O)N(Cc2cccc[n+]2CC)C(C)=O)C1.[I-],0.08598811371538857,3.258874236399116
9389,CCCCCCCCCCCCCCCCCCNC(=O)OC[C@H]1C[C@@H](COC(=O)N(Cc2cccc[n+]2CC)C(C)=O)O1.[I-],0.0943054742747145,3.9283948748021658
9390,O=S(=O)(CS(=O)(=O)C(F)(F)F)c1ccc(OC(F)(F)F)cc1,0.7580013858249284,2.563724456087856
9391,CCCCc1nc(Cc2ccc(-c3ccccc3-c3nnn(C(c4ccccc4)(c4ccccc4)c4ccccc4)n3)cc2)n(CCCC)n1,0.10909543401699869,2.957286958413045
9392,O=NN(CCF)C(=O)NC1CSCSC1,0.6083090842257862,3.8941957561665532
9393,CCOP(=O)(OCC)C(CCC(O)c1ccccc1)P(=O)(OCC)OCC,0.4037082279718972,3.3100242510525977
9394,CCCCCCCCCCCCCC[C@@]1(C(=O)OC)CO1,0.2566515753215155,2.749205361494944
9395,CC(C)Sc1ccc(CC2CCN(C3CCN(C(=O)c4nccc5ccccc45)CC3)CC2)cc1,0.38271105513860554,2.5285335198029024
9396,CN1CCCC1=O,0.42568621057263867,2.125434922556467
9397,COc1cc(NC(C)CCCN)c2ncccc2c1Oc1ccc(Cl)cc1Cl,0.47622179209324283,2.856696204676471
9398,COc1ccc2cccc3c2c1C[C@@H](NC(C)=O)C3,0.8948168969720254,2.6492648349566963
9399,O=P(O)(O)C(Nc1ccccc1)c1cccc2nc(O)c(O)nc12,0.4537419603216081,3.2850419598691936
9400,CC(CN1CCN(CC(c2ccc(F)cc2)N2CCN(C)CC2)CC1)C(=O)c1ccc(Cl)cc1,0.5278817390264345,3.1039697607343015
9401,Cc1ccc(S(=O)(=O)O)cc1.N/C(=N\O)N/N=C/c1ccc(OCc2ccccc2)cc1,0.14644970762458417,2.3419325116267053
9402,CCCCCCCC/C=C\CCCCCCCC1=NN(c2c(Cl)cccc2Cl)C(=O)C1,0.1769372596170967,2.7447438073189048
9403,N/C(=N\O)N/N=C\OS(=O)(=O)O,0.1352310551519894,3.965602603591461
9404,CC1CN(CCCN2CCc3c([nH]c4ccccc34)C2)CC(C)N1,0.9062190246772013,3.2605670687666937
9405,O=NN(CCCl)C(=O)NC1CS(=O)(=O)CS(=O)(=O)C1,0.4023253003193634,3.645234481986055
9406,CCCCC[C@](C)(O)/C=C/C1[C@H](O)C[C@@H]2OC(=O)CCC/C=C\C[C@H]12,0.432868664877541,4.734012521912914
9407,CCCCc1nc(Cc2ccc(-c3ccccc3C(=O)O)cc2)n(CCCC)n1,0.5039094776749045,2.257386330232995
9409,CN(C)CCCn1c2c(c3ccccc31)CCN(CCCc1cccnc1)C2,0.5943035811522638,2.4190294958821745
9410,O=S(=O)(CS(=O)(=O)C(F)(F)F)c1ccc(SC(F)(F)C(F)F)cc1,0.5219553093735653,3.0674083399294885
9411,Cc1ncc(CCN)[nH]1,0.5936872051856075,2.7334200072255577
9412,CC1(C)COP(=O)(C(CCC(=O)c2cccnc2)P2(=O)OCC(C)(C)CO2)OC1,0.45007432942259373,3.8447820369058414
9413,NCCCC(=O)O,0.5200092163601909,1.847477432677925
9414,Cc1cc2c(C(=O)NCC#N)cccc2n1-c1nc2c(c(NCc3ccccc3)n1)CCCC2,0.4226212057512792,2.689111162353086
9415,NS(=O)(=O)c1ccc(Nc2nccc(Nc3nc4ccccc4s3)n2)cc1,0.4714886706179822,2.2470046600628724
9416,COc1ccc(-c2nnn(CC(=O)Nc3cc(C)nn3C3CCCCC3)n2)cc1,0.6886795867765099,2.406387448993753
9417,CCOC(=O)c1cccc(-c2cc(O)c(Sc3ccccc3C(C)C)c(=O)o2)c1,0.5436124165596579,2.48362731468362
9418,CS(=O)(=O)OCCN(CCCl)c1ccc(C(=O)O)cc1,0.575421797962091,2.3429132312888736
9419,c1ccc2c(c1)C1=N/C2=N\C2=N/C(=N\C3NC(NC4=N/C(=N\1)c1ccccc14)c1ccccc13)c1ccccc12,0.3595741245542136,5.870538098491254
9420,CN(C)[C@@H]1C(=O)C(C(N)=O)=C(O)[C@@]2(O)C(O)=C3C(=O)c4c(O)cccc4[C@](C)(O)C3C[C@@H]12,0.3361104616305242,4.382214572597467
9421,COc1ccc2cccc3c2c1C[C@H](NC(C)=O)C3,0.8948168969720254,2.6492648349566963
9422,Fc1ccc2[nH]c3c(c2c1)CCN(CCc1ccc2ccccc2n1)C3,0.5945642871288527,2.339752965987138
9423,CCCCc1nc(Cc2ccc(-c3ccccc3-c3nn[nH]n3)cc2)nn1CCCC,0.39976098647082164,2.5104103815398435
9424,C/C=C(\NC(=O)CC(C)CC(C)(C)C)C(=O)O,0.7268465388721455,3.147887362956695
9425,CC(=O)N1CCCCC1=O,0.4935800746547155,2.082848853855001
9426,C[C@@H]1CCCN(CC[C@@H](C)N(C)S(=O)(=O)c2cccc3ccccc23)C1,0.7680592384473611,2.981212554481191
9427,CCN(CC)C(=O)c1ccc(N(c2ccccc2)[C@H]2C[C@H]3CC[C@@H](C2)N3CCCc2ccccc2)cc1,0.30493100151330893,4.102515849403589
9428,O=S(=O)(c1ccc(OC(F)(F)F)cc1)C(CSc1cccc(F)c1)S(=O)(=O)C(F)(F)F,0.4003303829161523,3.225048425553652
9429,Cc1ccccc1C(CCN(C(C)C)C(C)C)(CCN(C(C)C)C(C)C)C(N)=O,0.5484562170076434,2.911751763626489
9430,FC(F)(F)c1ccc(CN2CCN(CCCN3CCc4c([nH]c5ccccc45)C3)CC2)cc1,0.5795954675899481,2.3710718146288894
9431,Cc1cccc(S(=O)(=O)N2CCC[C@@H]2CCN2CCC(C)CC2)c1,0.8182156720686288,2.6102915310179746
9432,NCc1ccn(-c2cc3c(cc2C(F)(F)F)[nH]c(=O)c(=O)n3CC(=O)O)c1,0.5821029902159306,2.916520060889656
9433,CC(C)c1cccc(C(C)C)c1N1CNC(C(c2ccccc2)c2ccccc2)C1=O,0.5361937610332344,3.0883494318644136
9434,CCCCC[C@](C)(O)/C=C/C1[C@H](O)C[C@@H]2OC(=O)C(F)(F)CC/C=C\C[C@H]12,0.4086810263149963,5.053393342020389
9435,CCCCc1nc(CCCC)n(Cc2ccc(-n3cccc3C(=O)O)cc2)n1,0.5619274739408966,2.5012831215857396
9436,CCCCCCCCCCCCCCCC(=O)c1c(O)cc(C)oc1=O,0.2920296779060531,2.3291961912550203
9437,O=C(CCc1ccc(Br)cc1F)NC1CCS(=O)(=O)C1,0.8867555114179445,2.6947620830940124
9438,O=C(c1cncc(N2CC3CC(C2)N3)c1)N1CCc2ccccc2C1,0.9102769558544257,3.943170790869237
9439,COC(=O)CCCN1CCc2c(sc3nc(-c4c(C)noc4C)[nH]c(=O)c23)C1,0.6545640794595388,2.782959832880774
9440,CS(=O)(=O)c1ccc(S(=O)(=O)Nc2cccc3c2CCCC3)cc1,0.9033421146636212,2.0343848131748654
9441,CCCCC(C)(C)[C@H](O)/C=C/C1[C@H](O)C[C@@H]2OC(=O)CCC/C=C\C[C@H]12,0.548516282416558,4.785161214760371
9442,CC/C(=C(/Cc1ccc(OCN(CC)CC)cc1)c1ccccc1)c1ccccc1,0.27067535103288065,2.3794400804835494
9443,CCOP(=O)(OCC)C(CCC(=O)c1cccnc1)P(=O)(OCC)OCC,0.30871784541239744,2.977080015892076
9444,O=C(O)COc1ccc(O)c(C(=O)/C=C/c2cccc(/C=C/c3ccc4ccccc4n3)c2)c1,0.2723689951439153,2.4975693184826717
9445,CN1c2c([nH]c(N)nc2=O)NCC1CCNc1ccc(C(=O)N[C@@H](CCC(=O)O)C(=O)O)cc1,0.24703982891093842,3.560945546584774
9446,CN(C)C(=S)N(C)C,0.440343890833566,2.992092945699534
9447,CCCCc1nc(C(F)(F)c2ccc(-c3ccccc3-c3nn[nH]n3)cc2)n(CCCC)n1,0.3485367533304795,2.839275863211885
9448,CCCC(=O)N[C@@H]1Cc2cccc3ccc(OC)c(c23)C1,0.9352300655926641,2.653658999043836
9449,CC(C)OC(=O)CSc1ccc(CC2CCN(C3CCN(C(=O)c4cccc5ccccc45)CC3)CC2)cc1,0.24120898112009662,2.52058699588283
9450,CN(C)CCc1c[nH]c2ccccc12,0.7825429105598994,1.8247052010767533
9451,COc1cc2c(Oc3ccc(NC(=O)c4nn(-c5ccc(F)cc5)c(=O)c5ccccc45)cc3F)ccnc2cc1OCCCN1CCOCC1,0.154704691694779,2.8837287595092658
9452,Cc1ccc(S(=O)(=O)Nc2ccc(CCNC[C@H](O)COc3ccc(O)cc3)cc2)cc1,0.3304388129832009,2.538504204693149
9453,COc1ccc(CC[C@@H](C)NC[C@@H](O)COc2ccc(O)cc2)cc1,0.6175882076443253,2.6723255195262947
9454,COc1cc(NC(C)CCCN)c2ncccc2c1Oc1ccc(Cl)cc1,0.5553126907691952,2.7545305312588777
9455,Cn1c(O)nnc1-c1cc(C(C)(C)C)c(O)c(C(C)(C)C)c1,0.8456959432935063,2.7329905636644902
9456,CC[C@H]1CCC[C@@](C)(COC(C)=O)[C@H]2C=C[C@H](C)[C@@H]12,0.5637338119003983,4.367228781333822
9457,Cc1onc(C(=O)O)c1CC(N)C(=O)O,0.6237427783425992,2.939308379072388
9458,CCCCCCCC/C=C\CCCCCCCC1=NN(c2ccc(F)cc2F)C(=O)C1,0.19179492977800758,2.7318186560656645
9459,O=C(O)CCCCNC(=O)N1CCC2(CC1)CCN(c1ccncc1)C2,0.7607060587617518,2.91927102192148
9460,NCc1ccn(-c2cc3c(cc2[N+](=O)[O-])[nH]c(=O)c(=O)n3CC(=O)O)c1,0.3255135780306758,2.8850346898970294
9461,COc1ccc(C(=O)N2CCC(N3CCC(Cc4ccc(SC(C)C)cc4)CC3)CC2)cc1,0.48618959227836833,2.307208980620791
9462,O=P(O)(O)C(N[C@H]1CCc2ccccc21)c1cccc2nc(O)c(O)nc12,0.43095779929452427,3.7700570108830602
9463,Cc1cc(/C=C/c2cc(C(C)(C)C)c(O)c(C(C)(C)C)c2)on1,0.8010871081749313,2.684104716227301
9464,CC(C)c1ccccc1Sc1c(O)cc(-c2cccc(-c3ccccc3)c2)oc1=O,0.38364427700021975,2.386620723256975
9465,COc1ccc(CNS(=O)(=O)c2c(N)noc2C)cc1,0.8538499544733613,2.1992522988879415
9466,C[C@@]1(CO)[C@H](O)CC[C@@]2(C)[C@H]1CCC1C[C@@H]3C[C@@]12CC[C@]3(O)CO,0.6213998951551418,5.92143255535329
9467,COc1ccccc1N1CCN(CCCNC(=O)CN2CCCCC2=O)CC1,0.6810594875790845,2.099981903637021
9468,Cc1ccccc1-c1nnc(C2=NCCN2)s1,0.8769579663551577,2.6604047356867113
9469,O=C1NC(=O)C(CC#Cc2ccc(Cl)cc2)(S(=O)(=O)c2ccc3ccccc3n2)S1,0.6026428423689025,3.4986254294494046
9470,CN1CCN(c2cc3c(cc2F)c(=O)c(C(=O)O)cn3N)CC1,0.7736767702664503,2.530460652094714
9471,COc1ccc(Oc2c(OC)cc(NC(C)CCCN)c3ncccc23)cc1,0.5646256856169559,2.7404563848127914
9472,O=C(O)CCCCCNC(=O)N1CCC2(CC1)CCN(c1ccncc1)C2,0.716931458220484,2.9270183818698055
9473,O=C(/C=C/c1ccc(O)c(O)c1)Nc1ccc(F)cc1,0.594604162007876,1.8871803558309992
9474,CCOP(=O)(OCC)C(CCC(=O)c1cccc(F)c1)P(=O)(OCC)OCC,0.27404813260546823,2.8864628078205588
9475,Cc1nc2ccccc2c2ccc(C[C@H](NC(=O)[C@@H](N)Cc3ccc4c(c3)c(C)nc3ccccc34)C(=O)O)cc12,0.23295572442352655,3.2583724806428185
9476,CN(C)Cc1ccc(CSCCCCCCCCCCSCc2ccc(CN(C)C)o2)o1,0.19641301049046422,2.7228891729200964
9477,CCCCc1nc(CCCC)n(Cc2ccc(-n3cc([N+](=O)[O-])cc3-c3nn[nH]n3)cc2)n1,0.2711101548741304,2.9578208024831394
9478,CCCCCCCC/C=C\CCCCCCCC1=NN(c2ccc([N+](=O)[O-])cc2[N+](=O)[O-])C(=O)C1,0.09137710409375664,2.899564412439677
9479,c1cncc(CCCN2CCc3c(n(CCCN4CCCCC4)c4ccccc34)C2)c1,0.5217840137210459,2.4342203289125717
9480,COc1ccc(C[C@H](C)NC[C@H](O)COc2ccc(O)cc2)cc1,0.6579209250881897,2.635935536769278
9481,CN1[C@@H]2CC[C@H]1C[C@H](N(c1ccccc1)c1ccc(C(=O)OC(C)(C)C)cc1)C2,0.6518955719732907,4.019097678712869
9482,COC(=O)c1ccc2c(c1)Nc1ccccc1O2,0.6637435268549936,1.9832902780629205
9483,C[N+](CCCl)(CCCl)Cc1ccccc1[N+](=O)[O-].[Cl-],0.3067185115592052,3.213854789678363
9484,CSc1ccc2nc3sc(C(=O)O)cn3c(=O)c2c1,0.7339355388746232,2.612371439896071
9485,COc1cc2cc(CO)c(CO)c(-c3ccnc(-n4ccccc4=O)c3)c2cc1OC,0.4999292564892755,2.6651741581478525
9486,COC1OC(COC(C)=O)C(OC(C)=O)C(NC(=O)N(CCCl)N=O)C1OC(C)=O,0.16639213030682087,4.310765379423236
9487,CC(C)Oc1ccccc1N1CCN(CCNC(=O)CN2CCCCCC2=O)CC1,0.7032606003355703,2.2495099898043804
9488,C/N=C(\NC#N)NCCSCc1c[nH]c2ccccc12,0.2585470964053935,2.755995901492234
9489,CCOC(=O)C1CCC(=O)N1CC(=O)NCCN1CCN(c2ccccc2OC(C)C)CC1,0.5259111084189093,2.9082101212802574
9490,CCCOC(=O)C1C2C(=O)CC(c3ccc(OCc4ccccn4)cc32)C1C(=O)OCC[Si](C)(C)C,0.3328580987244423,4.64655582154497
9491,Cc1cc(=O)oc2ccc(O)cc12,0.6225239946244197,1.990151288470365
9492,O=S(=O)(CS(=O)(=O)C(F)(F)F)c1ccc(F)c(Cl)c1,0.6242836631584769,2.591215289678365
9493,O=C(CCc1ccccc1)NCCc1c[nH]cn1,0.8109827830243025,2.116947211187851
9494,O=C(CCC(c1ccccc1)c1ccccc1)NCCc1c[nH]cn1,0.6605056274443393,2.277660175885581
9495,CN1CC=C(c2cn(-c3ccc(F)cc3)c3ccc([N+](=O)[O-])cc23)CC1,0.519147676994815,2.513645081979252
9496,CN/C(=C/[N+](=O)[O-])NCCSCc1ccc(CN(C)C)o1,0.38410287831471035,3.0088542305117443
9497,O=COCC1CCC(NC(=O)N(CCCl)N=O)CC1,0.33422880516587494,3.053277390549191
9498,O=NN(CCCl)C(=O)NC1CCC(CCl)CC1,0.4785022377217504,2.916475092478853
9500,CCCCn1ccccc1=O,0.6434310817240948,1.8469383015577758
9501,CC(CN1CCN(CC(c2ccccc2)N2CCN(C)CC2)CC1)C(=O)c1ccccc1,0.5959636200404096,2.9858750429755183
9502,CN(C)CCCn1c2c(c3ccccc31)CCN(CCCc1ccncc1)C2,0.5943035811522638,2.42220229137936
9503,Nc1ccn(C2OC(CO)C(I)C2O)c(=O)n1,0.4589917730349192,4.042239096205478
9504,O=C(CCl)Nc1ccccn1,0.6794210087312308,1.886993884684328
9505,Cc1csc2nc(-c3cccs3)cn12,0.6138408702061638,2.528929366179943
9506,CCOP(=O)(OCC)C(CCC(=O)c1cccc(Cl)c1)P(=O)(OCC)OCC,0.24542426745938867,2.878861998103959
9507,O=c1c2cc(O)c(O)cc2oc2cc(O)c(O)cc12,0.3618426300903048,2.421443026364754
9508,O=NN(CCCl)C(=O)NC12CC3CC(CC(C3)C1)C2,0.49034394165309697,4.116848436707723
9509,OCCN1CCN(C2CC(c3ccc(F)cc3)c3ccc(C(F)(F)F)cc32)CC1,0.774244305606569,3.1578480096696513
9510,COc1ccc(OCC(O)CN(CC(O)COc2ccc(OC)cc2)C(C)COCC(C)OCC(C)OCC(C)N(CC(O)COc2ccc(OC)cc2)CC(O)COc2ccc(OC)cc2)cc1,0.047707818858425406,4.7631034266807015
9511,C(=C1\CCCN=C1c1cccnc1)\c1ccc2c(c1)OCO2,0.8508708621664781,2.5285387418021408
9512,COc1ccc(CN)cc1,0.663323880220267,1.3438726633788107
9513,NCc1cccc(F)c1,0.6008283997611804,1.5261904687640193
9514,NCc1ccccc1,0.5719431747561196,1.2234273938600708
9515,COc1ccc(OC)c2c1C1CC(N=C(N)N)C2O1.O=[N+]([O-])O,0.31386256828505454,4.783062607980508
9516,O=NN(CCCl)C(=O)NC(C(=O)O)C1CCCCC1,0.44367662859747314,3.2323233162190252
9517,O=C1CCC/C=C\C[C@@H]2C(/C=C\[C@@H](CCc3ccccc3)O1)[C@H](O)C[C@@H]2O,0.6304500734987714,4.546739639797455
9518,C=CCOC(=O)NC1C2C(=O)CC(c3ccc(O)cc32)C1C(=O)OCC[Si](C)(C)C,0.3900667974648356,4.834653111880954
9519,COc1ccc(NC(=O)/C=C/c2ccc(O)c(O)c2)cc1,0.5959184943155127,1.8617943375117
9520,CCOP(=O)(OCC)C(CCCc1ccccc1)P(=O)(OCC)OCC,0.36006960349343975,2.7177564125405826
9521,N#Cc1c(NCCCN)sc(C(=O)c2ccc(Br)s2)c1N,0.5237446199830901,2.878884203986546
9522,Br.CCOC(=O)c1cc2c3ccccc3n(-c3ccc(F)cc3)c2cn1,0.439036539085709,2.18200398893679
9523,C[N+](CCBr)(CCBr)Cc1ccccc1[N+](=O)[O-].[Br-],0.25471741191207997,3.320868943524518
9524,CC(Cl)C[N+](C)(Cc1ccccc1[N+](=O)[O-])CC(C)Cl.[Cl-],0.3142043667034104,4.058901255172215
9525,CC(CN1CCN(CC(c2ccc(F)cc2)N2CCN(C3CCCCC3)CC2)CC1)C(=O)c1ccccc1,0.4366356574932051,3.2211604068936754
9526,CC(=O)O.N=C(N)Nc1csc2c(=O)[nH]c(=O)[nH]c12,0.30995497579491815,3.169659618563763
9527,COc1ccccc1N1CCN(CCCCC23CCCc4cccc(c42)NC3=O)CC1,0.6829898897044466,2.976699082214063
9528,CCCc1nc2c(n1Cc1ccc(-c3ccccc3S(=O)(=O)Nc3onc(C)c3C)c(CN3CCC(C)(C)C3=O)c1)C(=O)CCCC2,0.18987054489545208,3.338204167500975
9529,CC(C)c1cc(C(C)C)c2nc3sc(C(=O)O)cn3c(=O)c2c1,0.7914441621138051,2.80925490945026
9530,C=CCc1ccccc1OCC(O)CNC(C)C.C=CCc1ccccc1OCC(O)CNC(C)COCC(C)OCC(C)OCC(C)NCC(O)COc1ccccc1CC=C,0.03762208990370084,4.976679968436169
9531,O=C([C@@H](NS(=O)(=O)c1cnccc1N[C@H](CO)Cc1ccccc1)c1cscn1)N1CCC(CCF)CC1,0.3102855408384634,3.7863607387710703
9532,CC12C(=CC(=O)C3CC31)[C@H]1CC1C1C2CCC2(C)C1CCC21CCC(=O)O1,0.6002668837960434,5.530598724694743
9533,COc1ccc(OC)c(/C=N/N=C(\N)NO)c1.Cc1ccc(S(=O)(=O)O)cc1,0.2504237988273535,2.4903899333266306
9534,Nc1cc([C@H](NS(=O)(=O)c2cnccc2N[C@H](CO)Cc2ccccc2)C(=O)N2CCC(CCF)CC2)ccc1O,0.16035153646657627,3.699799913819721
9535,C=C1[C@@H](O)CC[C@]2(C)c3ccc(C(C)C)cc3CC[C@@H]12,0.7525765461317327,3.7043619372301553
9536,COc1ccc2[nH]c3c(c2c1)CCN(Cc1c(OC)cccc1OC)C3,0.7596003233345787,2.264315643309814
9537,CCO/C(O)=c1\c(=O)n(Cc2ccccc2)c2nc3c(c(=O)n(C)c(=O)n3C)n2c1=O,0.4362556655753334,2.8057047895752483
9538,CN(C)CCc1c(O)n(Cc2ccccc2)c2nc3c(c(=O)n(C)c(=O)n3C)n2c1=O,0.4797612098243022,2.7318787262268316
9539,CC(C)N(CCC(CCN(C)C)(C(N)=O)c1ccc(F)cc1)C(C)C,0.7048724371188798,3.1318717896134833
9540,C=Cc1c(C)c2cc3[nH]c(cc4nc(cc5nc(cc1[nH]2)C(C)=C5CCC(=O)OC)C(CCC(=O)OC)=C4C)c(C)c3C=C,0.2574376025917469,5.542412059005864
9541,O=C1CCC/C=C\C[C@H]2C(=O)C[C@@H](O)C2/C=C\[C@@H](CCc2ccccc2)O1,0.651319641704185,4.421399334619086
9542,CCNS(=O)(=O)c1ccc2c(c1)C(n1ccccc1=O)=CC(C)(C)O2,0.9067834434663988,2.705301403400723
9543,C=CCNC(=O)C1C2C(=O)CC(c3ccc(O)cc32)C1C(=O)OCC[Si](C)(C)C,0.405730525389722,4.764080082550611
9544,COc1ccc(-c2cc3c4nnc(SCC(=O)Nc5cccc(Cl)c5C)n4ccn3n2)cc1,0.35449224157729803,2.5075074421592536
9545,CCCCc1ccc(CC(=O)NCc2ccc(Cn3cccn3)cc2)cc1,0.622740996641095,1.9464788342820327
9546,O=[N+]([O-])c1c(I)cccc1Oc1ccc(-c2nnco2)cc1,0.36707243589374844,2.5024354450988433
9547,COC(=O)C1=C(CN2CCNC(=O)C2)NC(c2nccs2)=NC1(C)c1ccc(F)cc1,0.6787537932100353,3.704485970325952
9548,O=C(NCC[S+]([O-])Cc1cccc(Cl)c1)c1c(Cl)cccc1Cl,0.7465608560697362,3.2391486131239615
9549,CC(C)N(CCC(CCN1CCCCC1)(C(N)=O)c1ccccc1F)C(C)C,0.6573041175632222,3.120362164033571
9550,CCCCC[C@@H]1/C=C\C2[C@H](O)CC(=O)[C@@H]2C/C=C\CCCC(=O)O1,0.48324091506698613,4.614040948786398
9551,O=C1Nc2cccc3c2C1(CCCCN1CCN(c2ccccc2)CC1)CCC3,0.7521569816174856,2.908791248254536
9552,Nc1ccc([C@H](NS(=O)(=O)c2cnccc2N[C@H](CO)Cc2ccccc2)C(=O)N2CCC(CCF)CC2)cc1,0.24570023528041732,3.5645681600248116
9553,O=NN(CCF)C(=O)NC1CCSCC1,0.5936481302366703,3.2976441078149064
9554,CCCn1nnnc1NCc1ccc(C)s1,0.8645371341502538,2.513173893408533
9555,Cc1cc(-c2ccc(C#N)cc2C)ccc1Oc1nc(Nc2ccc(C#N)cc2)nc2ccsc12,0.2887051465518462,2.672825106201362
9556,Cc1nc2nc(-c3ccccc3)nn2c(N2CCCC2)c1Cc1ccccc1,0.5382966266618565,2.291546191557936
9557,Cc1cc(N2CCN(c3cnn(-c4nc5ccccc5[nH]4)c(=O)c3Cl)CC2)nc(C(C)C)n1,0.494567405298257,2.7288254971166133
9558,COc1ccc(CCC(=O)Nc2cc(/C=C/C(=O)O)ccc2CC=C(C)C)cc1,0.4705654764060455,2.3299332975896014
9559,C=C1C(=O)[C@@]23C(=O)OC[C@]4(C(=O)CCC(C)(C)[C@H]4C=O)[C@@H]2CC[C@@H]1[C@H]3OC(=O)CCC(=O)Oc1ccc(-c2cc(=S)ss2)cc1,0.06888100393423954,6.618084676301879
9560,O=[N+]([O-])c1ccc(Nc2ccc3ccccc3c2)c([N+](=O)[O-])c1,0.5685636676525858,1.9495596546306384
9561,O=C(/C=C/c1ccc2c(c1)OCO2)N1CCN(CCN2C(=O)c3cccc4cccc(c34)C2=O)CC1,0.41015804247587806,2.515516230342424
9563,O=C(N/N=C/c1cc([N+](=O)[O-])ccc1O)c1cc(O)cc(O)c1,0.3814860969011063,2.400451860885921
9564,COc1ccc(CC(=O)Nc2ccc(-n3c4c(c5ncnc(N)c53)CCC4)cc2OC)cn1,0.46923495191112685,2.7248191830499433
9565,CC(=O)NC(c1ccc2c(c1)OCO2)c1ccc2cccnc2c1O,0.7685727789930935,2.7863831532498473
9566,O=C(O)Cn1c(=O)c(=O)[nH]c2cc(C(F)(F)F)c(-n3cccc3)cc21,0.6989131457557876,2.6945496524662342
9567,Cc1ccccc1OCC(=O)N[C@@H](Cc1ccccc1)[C@H](O)CN1CC[C@@H](OCc2ccncc2)C[C@H]1C(=O)NC(C)(C)C,0.2727242597766743,3.8055086700493934
9568,O=S(=O)(Nc1ccc(CCNC[C@H](O)COc2ccc(O)cc2)cc1)c1ccc(Cl)cc1,0.31576515933912236,2.549238777812336
9569,Cc1[nH]c(-c2ccccc2)c(-c2ccccc2)c1-c1ccccc1F,0.4440631734793857,1.9810512361766435
9570,CNC(=S)NS(=O)(=O)c1cc(CCNC(=O)c2cc(Cl)ccc2OC)ccc1OC,0.506142848275336,2.314258272888285
9571,CCOc1ccc(CCNC(=O)c2cc(Cl)ccc2OC)cc1S(=O)(=O)/N=C(\S)NC,0.2862999435358343,2.678352753376153
9572,O=NN(CCCl)C(=O)NC1CCSc2ccccc21,0.5275843179958869,3.2821186811105436
9573,CC1(C)C=C(n2ccccc2=O)c2cc(C#N)ccc2O1,0.805628656773129,2.705309070236602
9574,CC(=O)OCC1CCC(NC(=O)N(CCCl)N=O)CC1,0.3518758910744028,2.7406495016851444
9575,CCCCCCCCCCCCCCCCCCNC(=O)OC[C@H]1C[C@H](COC(=O)N(Cc2cccc[n+]2CC)C(C)=O)O1.[I-],0.0943054742747145,3.9283948748021658
9576,COc1ccc(OCC(O)CNC(C)COC(C)COC(C)COC(C)COC(C)COC(C)COCC(C)N)cc1,0.14463339307152154,4.7115015150447235
9577,CCCCCCCCCCCCCCCCCCNC(=O)OC[C@H]1C[C@H](COC(=O)N(Cc2cccc[n+]2CC)C(=O)c2ccc(OC)cc2)S1.[Cl-],0.08478975880817652,4.105664581629069
9578,CCCCCCCCCCCCCCCCCCNC(=O)OC[C@H]1C[C@H](COC(=O)N(Cc2cccc[n+]2CC)C(C)=O)N1C(C)=O.[Cl-],0.12653179208400767,4.14862109253239
9579,CC1(C)CCC(C)(C)c2cc(/C=C/c3ccc(C(=O)O)cc3)ccc21,0.7090670579540614,2.3284492294876795
9580,Cc1ccc(S(=O)(=O)O)cc1.N/C(=N\O)N/N=C/c1cccnc1,0.21123018372189262,2.5166761606333754
9581,C[C@@H]1O[C@H](C[N+](C)(C)C)C[C@H]1O,0.6072936560350538,4.217565072973603
9582,CCCc1nc(CC)c(C(N)=O)n1Cc1ccc(-c2ccccc2S(=O)(=O)Nc2onc(C)c2C)c(COCCF)c1,0.19253098834735138,3.1556370549232664
9583,COc1ccc(S(=O)(=O)Nc2ccc(CCNC[C@H](O)COc3ccc(O)cc3)cc2)cc1,0.29954900884049473,2.554381923191455
9584,CCOC(=O)C1(NC(=O)N(CCCl)N=O)CCCCC1,0.35244680741234047,2.907034956230598
9585,O=C(O)Cn1c(=O)c(=O)[nH]c2cc(C(F)(F)F)c(-n3ccc(CNC(=O)Nc4ccccc4)c3)cc21,0.30117405914242645,2.7895628017709946
9586,C[C@@H]1O[C@H](C[N+](C)(C)C)C[C@H]1F,0.5745733530172507,4.552374005976083
9587,CCC1C=C(c2nc(C)no2)CNC1,0.7707774579877682,3.797588271996112
9588,Cn1ccccc1=O,0.47191384399548586,1.8840733652799546
9589,Cc1[nH]cnc1CSCCNC(=N)NCCCc1c[nH]cn1,0.27284134181010583,3.320375039879065
9590,COc1ccc(NC(=O)c2cc(OCCCN(C)C)nn2Cc2ccccc2)cc1,0.5200250404910086,2.1811582903410525
9591,CN(C)CCCOc1nn(Cc2ccccc2)c2ccccc12,0.6265558693074326,2.0239115295754413
9592,CSc1nnc(-c2cc(C(C)(C)C)c(O)c(C(C)(C)C)c2)s1,0.7630012586902981,2.62715280015758
9593,c1ccc2nc(CCCCN3CCc4c([nH]c5ccccc45)C3)ccc2c1,0.5053082160782161,2.2704951926072514
9594,COc1ccc2c(c1C(=O)NO)Nc1ccccc1O2,0.493425181472087,2.4793489937720032
9595,O=C(O)COC1CCN(C(=O)N2CCC3(CC2)CCN(c2ccncc2)C3)CC1,0.8297156171202694,3.1468124979350893
9596,CC(C)(C)c1cccc(/N=N/c2ccc(C(=O)O)cc2)c1,0.7960808757720103,2.160084999742514
9597,NCCCC(=O)OCC(O)CO.O=C(O)C(F)(F)F,0.4737868581493684,2.826664944067442
9598,CCCN(CCC)C1Cc2cccc3c2N(C1)C(=O)OC3,0.8339156756170986,3.2624997682746057
9599,O=NN(CCF)C(=O)NCCF,0.49876951761241,3.460015599869376
9600,NCc1ccn(-c2cc3nc(O)c(O)nc3cc2C(F)(F)F)c1,0.6719278430343791,3.1409177949518554
9601,C[C@H]1CCCN(CC[C@@H](C)N(C)S(=O)(=O)c2cccc3ccccc23)C1,0.7680592384473611,2.981212554481191
9602,O=NN(CCCl)C(=O)NC1CSCSC1,0.4796131887499522,3.7241452067160044
9603,C/C(=C\c1ccc(C(=O)O)cc1)c1ccc(C(C)C)c(C(C)C)c1,0.6661069243597249,2.214409135350966
9604,CCc1ccc(/C(C)=C/c2ccc(C(=O)O)cc2)cc1CC,0.7816079612551536,2.087784643441486
9605,C/C=C(\NC(=O)CCCCC#N)C(=O)O,0.5083404713985967,2.63940504188084
9606,CC(C)(C)c1ccc(S(=O)(=O)CS(=O)(=O)C(F)(F)F)cc1,0.8452781744712319,2.4810383954684525
9607,CC(C)c1ccccc1Sc1c(O)cc(-c2cccc(O)c2)oc1=O,0.6903320054652117,2.5217474999129053
9608,C/N=C(\S)NCCSCc1cc2ccccc2[nH]1,0.3407769310306372,2.888024597589549
9609,CCC(C)(C)CCn1cnc2c(O)ncnc21,0.8816044721606141,2.905133030285729
9610,CN(C)CCc1cnc[nH]1,0.6614797749017718,2.4137402457963937
9611,CC(C)(C)NC(=O)[C@@H]1C[C@H](OCc2ccncc2)CCN1C[C@@H](O)[C@H](Cc1ccccc1)NC(=O)COc1ccccc1,0.2801694023633929,3.7451276583327058
9612,O=C(O)Cc1cccc2nc(O)c(O)nc12,0.6866829729118932,2.6358051187049742
9613,CC(C)c1ccccc1Sc1c(O)cc(-c2ccccc2Cl)oc1=O,0.615220176584574,2.4377151922205975
9614,CCCCCCCCCCCCCCCCOC[C@H]1C[C@@H](COC(=O)N(Cc2cccc[n+]2CC)C(C)=O)O1.[I-],0.105210521849301,3.8445466085499724
9615,C[C@@H](Cc1ccc(O)cc1)NC[C@H](O)COc1ccc(O)cc1,0.5990250466350475,2.7246328712247276
9616,CC(=O)N1Cc2ccccc2C(=O)c2ccc(CC(=O)O)cc21,0.9241498848004832,2.2281885710507563
9617,COc1ccc2c(C)cc(=O)oc2c1,0.6463218796802398,1.7773669762246822
9618,CC(=O)OC1CCC(NC(=O)N(CCCl)N=O)CC1,0.36190524810806635,2.7868643281399024
9619,FC(F)(F)c1cccc(N2CCN(CCCN3CCc4c([nH]c5ccccc45)C3)CC2)c1,0.6171681134631096,2.390648591031171
9620,CC(C)N(CCC(CCN(C)C)(C(N)=O)c1ccccc1)C(C)C,0.7161325027676083,3.0766861152939926
9621,C[C@@H](CCc1ccc(O)cc1)NC[C@H](O)COc1ccc(O)cc1,0.5673481093274928,2.755843229076971
9622,Oc1ccc(N(CCCl)CCCl)cc1,0.7914712658670389,2.286064017644801
9623,CC(C)C[C@H](N)C(=O)Nc1ccc([N+](=O)[O-])cc1,0.6164202689703319,2.27937234306512
9624,Br.CCCCn1c2ccccc2c2cc(CO)nc(C)c21,0.7596350564181304,2.438259005047554
9625,CCc1c2c(nc3cnccc13)-c1cc3c(c(=O)n1C2)COC(=O)[C@]3(O)CC,0.5373962617162812,3.495475367286014
9626,Cn1cc(C(=O)C2(c3ccccc3)CC2)cc1/C=C/C(=O)NO,0.3855692219984398,2.806942657589218
9627,O=C(O)CC(=O)N1CCN(C(=O)N2CCC3(CC2)CCN(c2ccncc2)C3)CC1,0.7431974545067198,3.115884438183489
9628,[O-][N+]1=Cc2ccccc2CC12CCCCC2,0.48247430943443975,3.5779795331744007
9630,Nc1nc(N)c2nc(CN3CCOc4cc(C(=O)NC(CCCC(=O)O)C(=O)O)ccc43)cnc2n1,0.27131188905164705,3.2914233182349077
9632,CC1CCC(NC(=O)N(CCCl)N=O)CC1,0.4713603546084927,2.7325456781455344
9633,COc1ccc(CC[C@H](C)NC[C@@H](O)COc2ccc(O)cc2)cc1,0.6175882076443253,2.6723255195262947
9634,CC(C)c1ccccc1Sc1c(O)cc(-c2ccc(O)cc2)oc1=O,0.6903320054652117,2.4699055218909276
9635,O=C(O)Cc1ccc(N(CCCl)CCCl)cc1,0.7781025155136967,2.2181605261940742
9636,CC(C)N(CCC(CCN1CCCCCC1)(C(N)=O)c1ccccc1F)C(C)C,0.6304792029662103,3.1189926078252004
9637,CCCCCCC(CCCC)c1cc(O)cc(=O)o1,0.6649679663771433,2.9621851058807405
9638,CCc1cccc(/N=N/c2ccc(C(=O)O)cc2)c1,0.8235997998786052,2.069992533268108
9639,CN(C)[C@@H]1C(=O)C(C(N)=O)=C(O)[C@@]2(O)C(=O)C3=C(O)c4c(O)ccc([N+](=O)[O-])c4CC3C[C@@H]12,0.2299256199888024,4.145110918775843
9640,C/N=C/C1=C(O)O[C@H](COC)[C@@]2(C)C1=C(O)C(=O)C1=C2[C@H](OC(C)=O)C[C@]2(C)C(=O)CC[C@@H]12,0.4842262936368589,5.025910970302698
9641,O=S(=O)(Cc1ccccc1)Nc1ccc(CCNC[C@H](O)COc2ccc(O)cc2)cc1,0.31228371001262345,2.609504278198239
9642,COC(=O)CC(C(=O)Oc1c(OC)cccc1OC)N1CCCCC1,0.5494869330466946,2.6891000213817158
9643,CCCCC/C=C(\c1ccc(O)cc1)c1ccc(OCCN(C)C)cc1,0.5848920873194223,2.139355476989648
9644,CC(C)N(CCC(CCN(C(C)C)C(C)C)(C(N)=O)c1ccc(C(C)(C)C)cc1)C(C)C,0.44716166710887395,2.9370920482346765
9645,O=C(N[C@@H](CCC(=O)N1CCC2(CC1)CCN(c1ccncc1)C2)C(=O)O)OCc1ccccc1,0.5971765865668213,3.408219823820735
9646,CC1(C)CCC(NC(=O)N(CCF)N=O)CC1,0.6109633526797817,3.1007993577602893
9647,O=C(O)Cn1c(=O)c(=O)[nH]c2cc(C(F)(F)F)c(-n3ccc(CNC(=O)Cc4ccccc4)c3)cc21,0.3362784313997907,2.785446340232534
9648,O=C1CN=C(c2ccccc2)c2cc(C(F)(F)F)ccc2N1,0.8605750060518439,2.2976690147549963
9649,O=C(O)c1cn2c(cc(-c3ccccc3)c3cc(Cl)ccc32)n1,0.5906248513251772,2.215727884861945
9650,CCCCc1cc(O)cc(=O)o1,0.7466626007847885,2.392270232736509
9651,CCCCCCCCCCCCCCOc1ccc(/C=C(\C)C(=O)OCC(COC(=O)c2cccnc2)OC(=O)c2cccnc2)cc1,0.042763399929475025,3.326752279536989
9652,CCCCCCCCCCCCCC(=O)O[C@H]1CC(=O)O[C@@H]1CO,0.38264664838861223,3.0820138173122658
9653,COc1ccc2c(c[n+](C)c3c4cc5c(cc4ccc23)OCO5)c1OC,0.4089405268923715,2.6867691817713535
9654,C=CCc1ccccc1OCC(O)CNC(C)COCC(C)OCC(C)OCC(C)NCC(O)COc1ccccc1CC=C,0.11451269278420562,4.501604333855907
9655,CCCCCCCCCCCCCCCCNC(=O)OC[C@H]1C[C@H](COC(=O)N(Cc2cccc[n+]2CC)C(=O)c2ccc(OC)cc2)S1.[Cl-],0.10659650801293298,4.065225557751078
9656,O=C(O)c1nc2ccc3ccccc3n2c1Br,0.7496228015092722,2.43258196645594
9657,CCOc1ccccc1C(=O)Nn1cnnc1,0.8553535459655764,2.2883987639441674
9658,CC(=N)N1CC[C@H](SC2=C(C(=O)O)N3C(=O)[C@@H]([C@@H](C)O)[C@H]3C2)C1,0.3955316351777659,4.223975411731895
9659,OCc1cn2c(ccc3ccccc32)n1,0.6488204363696422,2.2053586432794408
9660,O=C(O)CCN1CCN(C(=O)N2CCC3(CC2)CCN(c2ccncc2)C3)CC1,0.8253237422590649,3.0157240363966284
9661,CC(=O)NC(/C=C/S(C)(=O)=O)Cc1ccccc1,0.8741152285235986,2.8048277590776785
9662,COc1cc(NC(C)CCCN)c2ncccc2c1Oc1cccc(C(F)(F)F)c1,0.4978506862409675,2.9296386421190874
9663,CCCCn1c(=O)c2cc(C(=O)O)cn2c2ccc(Cl)cc21,0.8014832894100911,2.3902822474767937
9664,CCCCc1c(O)n(Cc2ccc(Cl)c(Cl)c2)c2nc3c(c(=O)n(C)c(=O)n3C)n2c1=O,0.4748521806109541,2.781866251679757
9665,CC(C)c1cccc(C(C)C)c1N1CN(C(c2ccccc2)c2ccccc2)CC1=O,0.47225900660972286,2.5003907665394607
9666,c1c[nH]cn1,0.4683433019217652,3.4494591515191315
9667,CC(C)C1CCC(NC(=O)N(CCF)N=O)CC1,0.6092471035745901,2.925165818456593
9668,Oc1nc2cc(-n3cccc3)c(C(F)(F)F)cc2nc1O,0.7238854293616278,2.92282186976904
9669,C[S+]([O-])c1ccc2ccc3nc(C(=O)O)cn3c2c1,0.7241479790115634,3.7162048446325553
9670,CN(C)[C@@H]1C(=O)C(C(N)=O)=C(O)[C@@]2(O)C(O)=C3C(=O)c4c(O)ccc(Cl)c4[C@](C)(O)C3C[C@@H]12,0.3283008516696476,4.492273724820195
9671,CCCc1c(O)n(C(C)c2ccccc2)c2nc3c(c(=O)n(C)c(=O)n3C)n2c1=O,0.5474534395318912,3.2349947396800633
9672,CCOC(=O)c1ccccc1OCC(O)CNC(C)(C)CNC(N)=O,0.4578588025825772,2.8024812301729245
9673,CC(C)N(CCC(CCN(C(C)C)C(C)C)(C(N)=O)c1cccc(F)c1)C(C)C,0.5522214038922413,2.927747715043493
9674,CC(C)N(CCC(CCN1CCCCC1)(C(N)=O)c1ccc(Cl)cc1)C(C)C,0.6229171017570437,3.068340186011593
9675,CC1CCCCN1CCC(CCN(C(C)C)C(C)C)(C(N)=O)c1ccccc1F,0.630536857172356,3.498159005466075
9676,O=C(O)Cn1c(=O)c(=O)[nH]c2cc(C(F)(F)F)c(-n3ccc(/C=N/OCc4ccccc4)c3)cc21,0.23642770769123234,2.9732095101990605
9677,CC1CCN(CC[C@@H](C)N(C)S(=O)(=O)c2cccc3ccccc23)CC1,0.7680592384473611,2.6879175972639473
9678,CCCCC1C(=O)N(Cc2ccccc2)c2nc3nccnc3n2C1=O,0.6617248154193245,3.202779329613789
9679,CN(C(=O)N(CC/C=N/C(=O)N(CCCl)N=O)N=O)C1CCCCC1,0.280555042198102,3.696736186009418
9680,COc1ccccc1-c1cc(O)c(Sc2ccccc2C(C)C)c(=O)o1,0.662442611018968,2.4267167392002253
9681,COC(=O)[C@]1(C)CCC[C@]2(C)c3ccc(C(C)C)cc3CC[C@@H]12,0.7185728978932134,3.45393712360376
9682,CC(C)c1ccc2c(c1)CC[C@H]1[C@](C)(CO)CCC[C@]21C,0.8266801933274638,3.513641539459215
9683,O=S(=O)(CS(=O)(=O)C(F)(F)F)c1ccc(O)cc1,0.9016611523236902,2.5116732855236865
9684,CC(C)N(CCC(CCN1CCCCC1)(C(N)=O)c1ccccc1Br)C(C)C,0.5664983991273052,3.1827741520455586
9685,COc1ccccc1N1CCN(CCCCCCN2c3cccc4cccc(c34)S2(=O)=O)CC1,0.41513064298021035,2.4436552182971436
9686,CCCCc1nc(Cc2ccc(-c3ccccc3-c3nn[nH]n3)cc2)n(CCCC)n1,0.3997609864708217,2.5145672708044255
9687,O=Cc1ccn(-c2cc3nc(O)c(O)nc3cc2C(F)(F)F)c1,0.707936552154193,3.1719463663804266
9688,CS(=O)(=O)OCCN(CCCl)c1ccc(C(=O)N[C@@H](CCC(=O)O)C(=O)O)cc1,0.2918983299688186,2.9046271640382173
9689,OCCN1CCN(c2cn(-c3ccc(F)cc3)c3ccc(C(F)(F)F)cc23)CC1,0.6660095688538988,2.416574865236047
9690,CN1CCC(=C2c3ccccc3C=Cc3ccccc32)CC1,0.5791645622326819,2.38400548736427
9691,O=S1(=O)c2cccc3cccc(c23)N1CCCCCN1CCN(c2ccccc2)CC1,0.5180153818034999,2.3410004068991004
9692,Cc1c(C(=O)c2ccc(O)cc2)c2ccccc2n1CCN1CCOCC1,0.7065327853214503,2.1857176778143543
9693,CC(C)N(CCC(CCN1CCCCC1)(C(N)=O)c1ccccc1)C(C)C,0.6786374882992302,3.016805648141996
9694,COc1cc(C)cc(OC)c1OC(=O)C(CCS(C)(=O)=O)N1C=CCCC1,0.4917458494273092,3.394820716749063
9695,CCCC/N=C(/C)Nc1nnc(-c2ccccc2-c2ccccc2)s1,0.3625390733735505,2.3793747345960305
9696,CS(=O)(=O)Oc1ccc(S(=O)(=O)CS(=O)(=O)C(F)(F)F)cc1,0.688889484488095,2.6270829725713725
9697,COc1cc(NC(C)CCCN)c2ncccc2c1Oc1ccc(NC(C)=O)cc1,0.48099302415905176,2.8089240719833413
9698,CCCCCCCCCCCCCCCCCCNC(=O)OC[C@H]1C[C@@H](COC(=O)N(Cc2cccc[n+]2CC)C(C)=O)O1.[Cl-],0.129137098540809,3.9283948748021658
9699,COc1cc(NC(C)CCCN)c2nccc(C)c2c1Oc1ccc(F)c(C(F)(F)F)c1,0.40874596857433065,3.1498137643642465
9700,CC(C)c1ccccc1Sc1c(O)cc(-c2cccc(N(C)C)c2)oc1=O,0.6452703016261696,2.56690626953033
9701,Cc1cccc(C)c1NC(=O)N(CCCl)N=O,0.5105844914451854,2.493985645385708
9702,O=C1NCCN1CCN1CCC(c2cn(-c3ccc(F)cc3)c3ccc(C(F)(F)F)cc23)CC1,0.5294774945024344,2.7012984595919303
9703,CCOC(=O)Nc1ccc(S(=O)(=O)Nc2ccc(CCNC[C@H](O)COc3ccc(O)cc3)cc2)cc1,0.21200536232741884,2.7345338616929027
9704,CCCCCCNC(=O)Nc1ccc(S(=O)(=O)Nc2ccc(CCNC[C@H](O)COc3ccc(O)cc3)cc2)cc1,0.1282834265953278,2.8447893172166108
9705,CCNC(=O)/C=C/c1ccc(O)cc1,0.7118730825188324,1.9089231892424348
9706,CCc1ccc(C2(C)OC2c2ccc(C(=O)O)cc2)cc1CC,0.8274128549588412,3.229595644893367
9707,O=C1Nc2cccc3c2C1(CCCCN1CCC(c2ccccc2)CC1)CCC3,0.6844880212426894,2.973724879739331
9708,CCOC(=O)Nc1ccc(C(=O)CCC(P(=O)(OCC)OCC)P(=O)(OCC)OCC)cc1,0.20925254165905352,2.8831979684750433
9709,Nc1nc2ccccc2c(=O)[nH]1,0.5907499150502753,2.050539751453087
9710,CSc1ccc(C(=O)c2c(C)n(CCN3CCOCC3)c3ccccc23)cc1,0.46276225034237123,2.2717494250045434
9711,COc1ccc(OC)c(C(O)C(C)N)c1,0.7819421632644551,2.7182710099542184
9712,CC(C)N(CCC(CCN(C(C)C)C(C)C)(C(N)=O)c1cccc(C(F)(F)F)c1)C(C)C,0.4542781547834973,2.9834332901253156
9713,COc1ccc2cc(C(C)C(=O)O)ccc2c1,0.8810778082204156,2.211332009552059
9714,O=C(O)COc1cccc(C(=O)N2CCC3(CC2)CCN(c2ccncc2)C3)c1,0.8381644329503689,2.831983926506517
9715,N#CC(Cc1ccccc1)NC(=O)CN,0.7330881797163973,2.5244273985144847
9716,COc1ccc(C(=O)c2c(C)n(CCN3CCNCC3)c3ccccc23)cc1,0.670832272639272,2.20490327115839
9718,NCc1cccc(Cl)c1,0.6343479541352415,1.5105000072255592
9719,CO/N=C(\C(=O)N[C@@H]1C(=O)N2C(C(=O)O)=CCO[C@H]12)c1csc(N)n1,0.33016600720292877,4.028872639032629
9720,Nc1ncnc2c1Cc1ccccc1O2,0.5988405433684414,2.6093044474752443
9721,CC1(C)CCSc2ccc(/N=N/c3ccc(C(=O)O)cc3)cc21,0.7495465318600069,2.692586873565551
9722,CC12CCC(=O)C=C1[C@H]1C[C@H]1C1C2CCC2(C)C1CCC21CCC(=O)O1,0.6037102841564849,5.146428841644122
9724,O=C(OC1CN2CCC1CC2)C(O)(c1ccccc1)c1ccc(F)cc1,0.8570819007607481,3.74356834868734
9725,C/C(=C\c1cc(C(=O)Cc2ccccc2)cn1C)C(=O)NO,0.38511872293549326,2.658420961222065
9726,CC1(C)CCC(C)(C)c2cc3c(cc21)C=C(c1ccc(C(=O)O)cc1)C3,0.7425277054298922,2.702385258694431
9727,CCCCn1c(=O)c2c(nc3n(Cc4cccs4)c(O)c(CCC)c(=O)n23)n(CCCC)c1=O,0.37106210894933045,2.9516120235971055
9728,CC(=O)N[C@@H](Cc1ccc(OP(=O)(O)O)cc1)C(=O)N[C@@H](CCC(=O)O)C(=O)NCCCc1ccccc1,0.1403797891461993,3.1302634184766855
9729,CN(C)CCc1c[nH]c2sccc12,0.794259652150055,2.710712930882007
9730,CC(C)N(CCC(CCN(C(C)C)C(C)C)(C(N)=O)c1ccc(Cl)cc1)C(C)C,0.5094625695983319,2.8601037879179856
9731,CC(C)c1ccc2c(c1)CC[C@H]1C(=O)CCC[C@]21C,0.728312516753442,3.260575905792381
9732,C/C(=C\c1ccc(C(=O)O)cc1)c1ccc(C(C)(C)C)cc1,0.7856337689696522,1.9220979725713718
9733,COc1cc(NC(C)CCCN)c2nccc(C)c2c1Oc1ccccc1,0.5950676179366066,2.8331964653248125
9734,COc1cc(NC(C)CCCN)c2nccc(C)c2c1Oc1cc(C(F)(F)F)cc(C(F)(F)F)c1,0.3280597814949884,3.2679653118463383
9735,CCCCc1c(O)n(Cc2ccccc2)c2nc3c(c(=O)n(C)c(=O)n3C)n2c1=O,0.532469975064879,2.632467545249776
9736,COc1ccc2c(c1)c(C1CCN(CCN3CCNC3=O)CC1)cn2-c1ccc(F)cc1,0.6359533839855048,2.5666049185745976
9737,O=C(OC1CN2CCC1CC2)C(O)(c1ccccc1)C1CCCC1,0.8630891566742599,3.896061773103809
9738,O=C1NCCN1CCCCCCN1CCC(c2cn(-c3ccc(F)cc3)c3ccc(Cl)cc23)CC1,0.3587929856246523,2.6385792211603682
9739,CC(C)N(CCC(CCN(C)C)(C(N)=O)c1ccc(C(C)(C)C)cc1)C(C)C,0.6533179677509179,3.2012088242226966
9740,CC(=O)O.NC(N)=NCCC[C@@H](NC(=O)[C@@H](N)Cc1ccc(O)cc1)C(=O)NCCSCCc1ccc([N+](=O)[O-])cc1,0.04650039410384678,3.4759366184497775
9741,CC(C)c1ccc(C(C)C)c(/N=N/c2ccc(C(=O)O)cc2)c1,0.6834180728593314,2.384350761984823
9742,CC1(C)CCC(C)(C)c2cc(/C(=C/c3ccc(C(=O)O)cc3)C(F)(F)F)ccc21,0.5710169037927697,2.7170590043614613
9743,CC(C)c1ccc(/N=N/c2ccc(C(=O)O)cc2)cc1C(C)C,0.6834180728593315,2.3818738389079
9744,COC(=O)c1cccc(-c2cc(O)c(Sc3ccccc3C(C)C)c(=O)o2)c1,0.6066512055712244,2.4787465979171017
9745,CP(=O)(O)C(O)c1cc([N+](=O)[O-])cc2nc(O)c(O)nc12,0.36413276318878157,4.136224658435618
9746,NCCCC[C@H](NS(=O)(=O)c1cnccc1N[C@H](CO)Cc1ccccc1)C(=O)N1CCC(CCF)CC1,0.25051910210000594,3.52518206316533
9747,c1ccc(CCN2CCc3c(n(CCCN4CCCCC4)c4ccccc34)C2)nc1,0.5809746667893807,2.4173232635074218
9748,CC(=O)NC(Cc1ccccc1)C(=O)NCC(=N)S,0.35209498104543274,2.725522132787072
9749,C/N=C(\S)NCCSCc1c[nH]c2ccccc12,0.3407769310306372,2.7644370236250513
9750,Cn1cc(C(=O)Cc2ccccc2)cc1/C=C/C(=O)NO,0.38148428744857626,2.4675119385547237
9751,CNCc1ccc(Cl)c(C(F)(F)F)c1.Cl,0.8576041728142316,2.0990667220427834
9752,CC(C)c1ccccc1Sc1c(O)cc(-c2ccccc2)oc1=O,0.7023003277419337,2.3403314465239546
9753,CC(C)NS(=O)(=O)c1ccc2c(c1)C(n1ccccc1=O)=CC(C)(C)O2,0.8923352847244416,2.7099256974809958
9754,CCCc1nc2c(n1Cc1ccc(-c3ccccc3S(=O)(=O)Nc3onc(C)c3C)cc1)C(=O)CCCC2,0.28468007986812294,2.82573468483554
9755,O=C1NCCN1CCN1CCC(c2cn(-c3ccc(F)cc3)c3ccccc23)CC1,0.6964824083331614,2.483279976794135
9756,CN(C)Cc1ccc(CSCc2ccc(-c3ccc(CSCc4ccc(CN(C)C)o4)cc3)cc2)o1,0.18117300401715636,2.5812874518012148
9757,Clc1ccc2[nH]c3c(c2c1)CCN(CCc1ccc2ccccc2n1)C3,0.5583056575893033,2.3292155034496744
9758,COc1cc(NC(C)CCCN)c2ncccc2c1Oc1cc(C(F)(F)F)cc(C(F)(F)F)c1,0.35000920688305553,3.162053394111606
9759,CC12C=CC(=O)C=C1[C@H]1CC1C1C2CCC2(C)C1CCC21CCC(=O)O1,0.6129869697619629,5.265195161810441
9760,O=P(O)(O)Cc1cc(F)cc2nc(O)c(O)nc12,0.598408487923437,3.244644272145761
9761,O=C(Nc1cccc2[nH]ccc12)c1cc2ccc(I)cc2s1,0.4300142582470394,2.3685341744944495
9762,C[C@]1(C(=O)NCCOc2ccc(C3CCCCC3)cc2)CO[C@@H](c2ccccc2)OC1,0.6382590264275053,2.477421539612541
9763,CCOC(=O)C1(NC(=O)N(CCCl)N=O)CCCC1,0.34965407722611186,2.953414919855879
9764,CC(C)(C)C1CCC(NC(=O)N(CCCl)N=O)CC1,0.488817638088448,2.7966652331172774
9765,CN1[C@@H]2CC[C@H]1C[C@H](N(c1ccccc1)c1ccc(C(=O)N3CCCC3)cc1)C2,0.7592213947502173,3.9339895427455387
9766,CCN(CC)C(=O)c1ccc(N(c2cccc(OC)c2)[C@@H]2C[C@H]3CC[C@@H](C2)N3C)cc1,0.634391420740527,4.093369519808201
9767,CN1C(C(=O)Nc2ccccn2)=C(O)c2ccccc2S1(=O)=O,0.8701839218107902,2.441683282589219
9768,Cc1cccc(C(=O)c2c(C)n(CCN3CCOCC3)c3ccccc23)c1,0.6472929540243729,2.1644744825480817
9769,CCOC(=O)c1cn(NC)c2cc(N3CCN(C)CC3)c(F)cc2c1=O.CS(=O)(=O)O,0.5048072103986623,2.737885692345362
9770,CN(C)Cc1ccc(CSCCCCSCc2ccc(CN(C)C)o2)o1,0.44590496578697536,2.8038211734553453
9771,O=C(O)Cn1c(=O)c(=O)[nH]c2cc([N+](=O)[O-])c(-n3ccc(CNC(=O)NCCc4ccncc4)c3)cc21,0.14570032488239865,2.942051234560525
9772,CCCCCCNC(=O)Nc1cccc(S(=O)(=O)Nc2ccc(CCNC[C@H](O)COc3ccc(O)cc3)cc2)c1,0.1282834265953278,2.8762662402935337
9773,Cc1ccc(C(CCN(C(C)C)C(C)C)(CCN(C(C)C)C(C)C)C(N)=O)cc1,0.5484562170076434,2.847250549051589
9774,CCN(CC)CCOc1ccc(/C(=C/Cc2ccccc2)c2ccc(O)cc2)cc1,0.46683289134876577,2.212342467751453
9775,O=C(CCCCCCC(=O)Nc1ccccc1)NO,0.3832200999836573,1.6946181742937476
9776,CCCCn1c(=O)c2c(nc3n(Cc4ccccc4)c(O)c(CCC)c(=O)n23)n(CCCC)c1=O,0.37597841958681133,2.761299777075042
9777,COc1cccc(OC)c1OC(=O)C(CCS(C)(=O)=O)N1CCOCC1,0.47659534523250435,2.8710364065368665
9778,Cn1cc(C(=O)c2cccc3ccccc23)cc1/C=C/C(=O)NO,0.3359436375225598,2.456659500822596
9779,NCc1ccccc1F,0.6008283997611804,1.6074009303024788
9780,COc1cc(OC)c(C2CC[C@@H]2N)cc1OC,0.8688384780835665,2.811503540093968
9781,Cc1cccc(/N=N/c2ccc(C(=O)O)cc2)c1,0.8203892506247853,2.018557507439878
9782,CC1(C)Cc2cc(Cl)cc(Cl)c2C=[N+]1[O-],0.5077457095708215,3.4968385034193012
9783,O=C(O)CCCCCC(=O)N1CCC2(CCN(c3ccncc3)CC2)C1,0.7578749420612814,2.870802098844557
9784,O=S(=O)(CCCc1ccccc1)Nc1ccc(CCNC[C@H](O)COc2ccc(O)cc2)cc1,0.26153255761126704,2.687390756748968
9785,CC(C)c1ccc2c(c1)CC[C@H]1[C@@H](CO)[C@@H](O)CC[C@]21C,0.8754620453848816,3.669665748451804
9786,O=C([C@@H](NS(=O)(=O)c1cnccc1N[C@H](CO)Cc1ccccc1)C1CCCCC1)N1CCC(CCF)CC1,0.3629124109863198,3.6010726286941264
9787,CC(C)c1ccccc1Sc1c(O)cc(-c2ccc([N+](=O)[O-])cc2)oc1=O,0.48093054995488477,2.5108533464534055
9788,CC(=O)O.CCN(CCc1ccc(Br)cc1)C(=O)CNC(=O)[C@@H](CCCN=C(N)N)NC(=O)[C@@H](N)Cc1ccc(O)cc1,0.08130171094399628,3.447071014786788
9789,CCC(CO)NC(=O)C1C=C2c3cccc4c3c(cn4C)CC2N(C)C1,0.8831423888921255,3.8666082340421033
9790,O=C(OC1CN2CCC1CC2)C(O)(c1ccccc1)c1cccc(I)c1,0.559473351193199,3.966904964071956
9791,CCCC/C=C(/c1ccc(O)cc1)c1ccc(OCCN(CC)CC)cc1,0.5144757593135971,2.2122556321676914
9792,CC(C)N(CCC(CCN1CCCCC1)(C(N)=O)c1cccc(Cl)c1)C(C)C,0.6229171017570437,3.1327949312663366
9793,CC(C)(C)c1ccc(C2OC2c2ccc(C(=O)O)cc2)cc1,0.8486333204469778,2.7480168473282305
9794,COC(=O)c1ccccc1OCC(O)CNC(C)(C)CNC(=O)N1CCOCC1,0.513188885107745,2.8830107274833185
9795,O=[N+]([O-])c1ccc(S(=O)(=O)CS(=O)(=O)C(F)(F)F)cc1,0.6055720562364085,2.515843397201392
9796,CC(C)N(CCC(CCN1CCCCCC1)(C(N)=O)c1ccccc1)C(C)C,0.6549367774290157,3.0171904972388264
9797,Cn1cc(C(=O)c2ccccc2)cc1C=C(C(=O)NO)C(=O)NO,0.16025710381992342,2.9084950417522553
9798,COC(=O)c1ccccc1OCC(O)CNC(C)(C)CNC(N)=O,0.4783332947779701,2.806919070175649
9799,CCC(CNC(=O)c1ccc2c(c1)c(Cc1ccc(C(=O)NS(=O)(=O)c3ccccc3C)cc1OC)cn2C)CC(F)(F)F,0.21457406726469525,3.3641436596948493
9800,Cn1cc(C(=O)c2ccccc2)cc1CC(=O)NO,0.4931205709577844,2.3173438636986834
9801,CN1CCN(c2cc3c(cc2F)c(=O)c(C(=O)O)cn3N(C)C)CC1,0.8844791530781589,2.6035844940951947
9802,CC1CCC(NC(=O)N(CCF)N=O)CC1,0.5953518968904913,2.8948666571665154
9803,CNn1cc(C(=O)O)c(=O)c2cc(F)c(N3CCOCC3)cc21,0.8718410481759373,2.6004013114353715
9804,CC(=O)Nc1c(O)n(Cc2ccccc2)c2nc3c(c(=O)n(C)c(=O)n3C)n2c1=O,0.47899187509494157,2.7145134323629563
9805,CC(C)(C)c1cc(/C=C/c2nnc(O)o2)cc(C(C)(C)C)c1O,0.8656876789332346,2.9858441865930025
9806,c1ccc2c3c([nH]c2c1)CN(CCc1cnccn1)CC3,0.8005579314150325,2.3695161479046973
9807,CN1CCC23c4c5ccc(O)c4O[C@H]2C=C[C@H](N(CCCl)CCCl)[C@H]3C1C5,0.5994174379957686,5.838368984878441
9808,O=C(c1ccc(C(F)(F)F)cc1)c1cc(=O)n(O)c(=O)[nH]1,0.639628095475854,2.5557708182343664
9809,CN1CCC(Cn2nc(-c3ccc4cc(OC5CC5)ccc4c3)c3c(N)ncnc32)CC1,0.5151027002682638,2.669024769691223
9810,CCCCCCCCCCCCCCCCCCNC(=O)OC[C@H]1C[C@H](COC(=O)N(Cc2cccc[n+]2CC)C(C)=O)S1.[Cl-],0.11807896067967998,4.062401468208758
9811,O=S(=O)(CC#CCCCCC#CCO)c1ccccc1,0.6665595124530758,2.7623109370918435
9812,COc1ccc(C[C@H]2NC(=O)/C=C/C[C@@H]([C@@](C)(O)/C=C\c3ccccc3)OC(=O)[C@H](CC(C)C)OC(=O)CCNC2=O)cc1,0.38807557433878953,4.857004854664811
9813,COc1cc2c(cc1OC)CC(C)(C)[N+]([O-])=C2,0.5811966038269383,3.0294886554191525
9814,CO[C@@]1(NC2=NCCN2)C(=O)N2C(C(=O)OC(c3ccccc3)c3ccccc3)=C(C)CSC21,0.3742392197465548,3.8151224529610737
9815,COCCN(CCOC)C(CCS(C)(=O)=O)C(=O)Oc1c(OC)cccc1OC,0.3141668800329818,3.031452315712249
9816,CC(C)(CCC#N)CCn1cnc2c(O)nc(N)nc21,0.8593722902016568,3.089914956230599
9817,O=C(O)CCC(=O)N1CCN(C(=O)N2CCC3(CC2)CCN(c2ccncc2)C3)CC1,0.7791962282422713,3.0449030580135474
9818,Oc1ccc2c(c1)CN(c1ccc(OCCN3CCCCC3)cc1)c1c-2ccc2cc(O)ccc12,0.35474114397031686,2.586422950018605
9819,CC(C)C(=O)Nc1ccc(S(=O)(=O)Nc2ccc(CCNC[C@H](O)COc3ccc(O)cc3)cc2)cc1,0.21503120852919477,2.7217392167224865
9820,COc1cccc2c1C=[N+]([O-])C(C)(C)C2,0.5186508217656464,3.2418374340009146
9821,COC(=O)CC(C(=O)Oc1c(OC)cc(C)cc1OC)N1CCOCC1,0.5248025508582059,2.839067175767635
9822,NCc1ccc(Cl)cc1Cl,0.698117924161314,1.7595821871883324
9823,CN1C(=O)CN=C(c2ccccc2F)c2ccccc21,0.7822380522979057,2.128210532233542
9824,CN(C)[C@@H]1C(=O)C(C(N)=O)=C(O)C2C(=O)C3=C(O)c4c(O)cccc4CC3C[C@H]21,0.5412239038325906,4.199901495572281
9825,COC(=O)/C=C/C(Cc1ccccc1)NC(C)=O,0.632830973205368,2.590486189218966
9826,O=C(O)CC[C@H](NC(=O)Oc1ccc(N(CCCl)CCCl)cc1)C(=O)O,0.4825096470547329,2.854905258107829
9827,O=C1CCC(c2ccc(-n3ccnc3)cc2)=NN1,0.8640529148421016,2.458970723524571
9828,CC(C)(C)c1cc(-c2n[nH]c(S)n2)cc(C(C)(C)C)c1O,0.6962162681904422,2.9121750889636377
9829,Cc1ccccc1-c1cc(O)c(Sc2ccccc2C(C)C)c(=O)o1,0.66427038241849,2.437448159253565
9830,CC(C)c1ccccc1Sc1c(O)cc(-c2ccc(C#N)cc2)oc1=O,0.6929546808163394,2.5316041996849474
9831,CCOP(=O)(OCC)C(CCC(=O)c1cccc(Br)c1)P(=O)(OCC)OCC,0.22026583136635694,2.9214516742173178
9832,C=C1CCC[C@]2(C)c3ccc(C(C)C)cc3CC[C@@H]12,0.5909500534065367,3.391309722918651
9833,CC(CN1CCN(CC(c2ccc(F)cc2)N2CCN(C)CC2)CC1)C(=O)c1ccc(Cl)c(Cl)c1,0.4758112456618723,3.2003798560375323
9834,O=S(=O)(CS(=O)(=O)C(F)(F)F)c1ccc(C(F)(F)F)cc1,0.7801209002594419,2.5182009498951583
9835,O=C(CNC(=O)OCc1ccccc1)Oc1ccc([N+](=O)[O-])cc1,0.37705405033790845,1.910848188605403
9836,Cc1ccc(S(=O)(=O)O)cc1.N#Cc1ccc(/C=N/N/C(N)=N/O)cc1,0.20727669494251563,2.5014494244582437
9837,CCCCc1nc(CCCC)n(Cc2ccc(-n3ccc(-c4nn[nH]n4)c3)cc2)n1,0.4316576795019883,2.7956649418291004
9838,O=NN(CCF)C(=O)NC1CCCCC1,0.5777758917797279,2.787851800122599
9839,CNC(=O)NS(=O)(=O)c1ccc(CCNC(=O)c2cc(Cl)ccc2OC)cc1,0.6269123324863439,2.0682017504568684
9840,CC(=O)OCC1OCC(NC(=O)N(CCCl)N=O)C(OC(C)=O)C1OC(C)=O,0.18844845849100172,4.1668084737433055
9841,CC(C)(C)c1cc(/C=C/c2nnc(N)o2)cc(C(C)(C)C)c1O,0.8702649997710717,2.882953644348362
9842,COc1cc(NC(C)CCCN)c2ncccc2c1Oc1ccc(OC(F)(F)F)cc1,0.463851089190809,2.9447653952114123
9843,O=P(O)(O)Cc1ccc2nc(O)c(O)nc2c1,0.583269068880081,2.952248187191726
9844,Clc1ccc2[nH]c3c(c2c1)CCN(CCCCc1ccncc1)C3,0.6889260213558817,2.297446455127613
9845,CCOC(=O)C1CCC(NC(=O)N(CCCl)N=O)CC1,0.3518758910744028,2.6498564946921377
9846,O=NN(CCCl)C(=O)NC1CCC(NC(=O)N(CCCl)N=O)CC1,0.37864718417662563,3.1918272095844245
9847,COC(=O)C1Cc2c([nH]c3ccccc23)C(c2ccccc2)N1,0.7157879127588047,2.9359395814605307
9848,CN/C(S)=N/S(=O)(=O)c1cc(CCNC(=O)c2cc(Cl)ccc2OC)ccc1SC,0.2287825957454406,2.8157355711997294
9849,O=C(O)CN1CCN(C(=O)N2CCC3(CCN(c4ccncc4)CC3)C2)CC1=O,0.8017799408194223,3.1887885670467018
9850,COc1ccc(-c2coc3cc(OC)c(OC)cc3c2=O)cc1,0.7378827751976017,1.9446453351040098
9851,COC(=O)c1ccccc1OCC(O)CNCCNS(=O)(=O)N(C)C,0.34229199966553164,2.780909736960254
9852,COC(=O)CCCNC(=O)C(Cc1ccccc1)NC(C)=O,0.549524959681621,2.2339984331502514
9853,O=C(CCCC1CCCCC1)NCCc1c[nH]cn1,0.7944326187845929,2.4339753171508907
9854,CC(C)c1ccc(/N=N/c2ccc(C(=O)O)cc2)cc1,0.799435668991885,2.035116619567262
9855,CCCCc1nc(CCCC)n(Cc2ccc(-n3cccc3-c3nn[nH]n3)cc2)n1,0.4316576795019883,2.7531808509200086
9856,CC(CN1CCN(CC(c2ccc(F)cc2)N2CCN(C)CC2)CC1)C(=O)c1ccccc1,0.5740283565653815,3.0527473980868836
9857,CCOC(=O)C1CCCC(NC(=O)N(CCCl)N=O)C1,0.3518758910744028,3.4288806096186626
9858,COC(=O)c1cccn1-c1cc2nc(O)c(O)nc2cc1C(F)(F)F,0.6876236018367444,2.9869580235069595
9859,O=C(OC1CN2CCC1CC2)C(O)(c1ccccc1)c1ccccc1Br,0.7775338920679576,3.909596656379648
9860,O=NN(CCCl)C(=O)NC1CCC(C(=O)O)CC1,0.45241264933746644,2.7063739817218995
9861,O=C([C@@H](NS(=O)(=O)c1cnccc1N[C@H](CO)Cc1ccccc1)c1ccncc1)N1CCC(CCF)CC1,0.3137075228511764,3.5853893869358853
9862,O=NN(CCCl)C(=O)NC1(C(=O)O)CCCC1,0.4437580430004049,2.990830795887378
9863,CC(C)(NC(=O)N(CCCl)N=O)C(=O)O,0.41929687815204897,3.090283726091367
9864,COc1ccc(C[C@H]2NC(=O)/C=C/C[C@@H](C(O)CCc3ccccc3)OC(=O)[C@H](CC(C)C)OC(=O)[C@H](C)CNC2=O)cc1,0.3687108826228308,4.800791645627564
9865,O=C(O)COC1CCN(C(=O)N2CCC3(CCN(c4ccncc4)CC3)C2)CC1,0.8297156171202694,3.134537223209816
9866,O=S(=O)(CCc1ccccc1)Nc1ccc(CCNC[C@H](O)COc2ccc(O)cc2)cc1,0.2862240039525859,2.6553836304875187
9867,Cn1ccc2c(NC(=O)Nc3ccncc3)cccc21,0.7478458159732876,2.051491657460403
9868,Fc1ccc2[nH]c3c(c2c1)CCN(CCc1ccccn1)C3,0.8037238211544504,2.2937839489027336
9869,CC(C)c1cn2c(=O)c3cc(C(=O)O)ccc3nc2s1,0.7866905240103194,2.5422164946921377
9870,Cc1ccc(S(=O)(=O)O)cc1.N/C(=N\O)N/N=C/c1cc(Br)cc(Br)c1O,0.13590007006709362,2.7460451926072516
9871,NCC(=O)NC(Cc1ccccc1)C(=O)Nc1ccc([N+](=O)[O-])cc1,0.5147821757989408,2.2982626587443526
9872,CC1(C)CCOc2ccc(/N=N/c3ccc(C(=O)O)cc3)cc21,0.8227803040211299,2.5373224948673254
9873,CN(C)c1ncnc2sc3ccccc3c12,0.6421601680543803,2.364303659294821
9874,CCCNn1cc(C(=O)O)c(=O)c2cc(F)c(N3CCN(C)CC3)cc21,0.8402990457016962,2.6341121817713535
9875,Cn1ccc2cccc(NC(=O)Nc3ccccc3)c21,0.7265728689012064,1.9583619492375899
9876,Cc1ccc(S(=O)(=O)O)cc1.N/C(=N\O)N/N=C/c1ccc2ccccc2n1,0.17246014751546274,2.5551187872662133
9877,CCCCCCCCCCCCCC[C@H]1C(=O)O[C@@H](CO)[C@@H]1OC(C)=O,0.338246587015819,3.369654598636415
9878,COc1ccc2c(c1)[nH]c1c(C)[n+](Cc3ccccc3)ccc12.[Br-],0.5253987490598682,2.5897678718633212
9879,Cc1cccc(C(=O)N[C@@H](C)C(N)=O)c1Br,0.879798479020254,2.5627317660479108
9880,Cc1cccc(C)c1OCC(=O)N[C@@H](Cc1ccccc1)[C@H](O)CN1CC[C@@H](SCc2cccnc2)C[C@H]1C(=O)NC(C)(C)C,0.24772221121372426,3.9880661814873717
9881,CC(C)=CCc1c(O)n(Cc2ccc(F)cc2)c2nc3c(c(=O)n(C)c(=O)n3C)n2c1=O,0.4850057500810086,2.8648635991598628
9882,COc1ccc(-c2coc3cc(OC)cc(OC)c3c2=O)cc1,0.7378827751976017,2.064563678299278
9883,CC(C)(C)C1(O)CCN2CC3c4ccccc4CCc4cccc(c43)C2C1,0.7253217496691058,3.815583052727688
9885,CCOC(=O)c1cc(-c2cc(O)c(Sc3ccccc3C(C)C)c(=O)o2)ccc1O,0.5249282063004974,2.612247156000471
9886,CC(C)c1ccccc1Sc1c(O)cc(-c2cccc(C(=O)O)c2)oc1=O,0.6466106186881778,2.4751025772226356
9887,CC(C)c1ccc(/N=N/c2ccc(C(=O)O)cc2)c(C(C)C)c1,0.6834180728593315,2.377368344402406
9888,O=C1C(Cl)=C(N2CCCCC2)C(=O)c2c(O)ccc(O)c21,0.7790827131505484,2.542904893641717
9889,Br.CCCCn1c2ccccc2c2cc(C=O)nc(C)c21,0.642040321969709,2.550138315392381
9890,O=C1Nc2cccc3c2C1(CCCN1CCN(c2ccccc2)CC1)CCC3,0.8630530372226313,2.9022881874077857
9891,O=C1NCCN1CCN1CCC(c2c[nH]c3ccc(Cl)cc23)CC1,0.8936816506877922,2.4611398369570505
9892,CCCc1c(O)n(CCc2ccccc2)c2nc3c(c(=O)n(C)c(=O)n3C)n2c1=O,0.5285615068423538,2.6795561458058454
9893,C=C(C)CN(CC)C(=O)c1ccc(N(c2ccccc2)[C@@H]2C[C@H]3CC[C@@H](C2)N3CCc2ccccc2)cc1,0.2738840728542946,4.245756433442277
9894,O=C(O)Cn1c(=O)c(=O)[nH]c2cc(C(F)(F)F)c(-n3ccc(CNC(=O)NCc4ccccc4)c3)cc21,0.28048211516505706,2.821256093238068
9895,CC1(C)Cc2ccccc2C=[N+]1[O-],0.43692091004025635,3.1711243653934407
9896,N=C(N)Nc1nc(CSCC/N=C(\N)NCCCc2c[nH]cn2)cs1,0.20325508426131603,3.3250089284843343
9897,CC(=O)NC(Cc1ccccc1)C(=O)NCC#N,0.7353714622378958,2.352182804603581
9898,Cc1ccccc1CCC(=O)N[C@@H](Cc1ccccc1)[C@H](O)CN1CC[C@@H](OCc2ccncc2)C[C@H]1C(=O)NC(C)(C)C,0.2692549853892986,3.8259821469724695
9899,COC(=O)c1ccccc1OCC(O)CNCCNS(=O)(=O)c1ccc(C)cc1,0.3668512906927227,2.566981667654259
9900,CCN(CCCCC(C)(C)F)CCCC(O)c1ccc(NS(C)(=O)=O)cc1,0.48724186099319017,2.99111080304189
9901,CN1CCc2cccc(-c3ccccc3)c2C1,0.7163936832110539,1.842864120302096
9902,CC(=O)Nc1ccc(CCNC[C@H](O)COc2ccc(O)cc2)cc1,0.5219128934184529,2.3790039278977346
9903,C/N=C(\NC#N)NCCSCc1cc2ccccc2[nH]1,0.2585470964053935,2.866798554012128
9904,CCCCc1nc(CCCC)n(Cc2ccc(-c3ccccc3C(=O)O)cc2)n1,0.5039094776749046,2.2232764136435605
9905,O=S(=O)(CS(=O)(=O)C(F)(F)F)c1ccc(Cl)cc1,0.8533375290521809,2.4043896734835535
9906,CCOC(=O)c1ccc(-c2cc(O)c(Sc3ccccc3C(C)C)c(=O)o2)cc1,0.5436124165596579,2.435350391606695
9907,O=S(=O)(Nc1ccc(CCNC[C@H](O)COc2ccc(O)cc2)cc1)c1cnc2ccccc2c1,0.23662598542340577,2.7473740263210242
9908,CC(C)c1ccc2c(c1)CC[C@H]1[C@]3(CCC[C@]21C)CO3,0.680302194057457,4.0011453378198425
9909,CC(=O)NC(Cc1ccccc1)C(=N)S,0.4047322820089739,2.6874789664587357
9910,O=C(O)CCCNC(=O)N1CCC2(CC1)CCN(c1ccncc1)C2,0.7960751659071632,2.9187177686344636
9911,CC(C)(C)NC(=O)[C@@H]1CCCCN1C[C@@H](O)[C@H](Cc1ccccc1)NC(=O)[C@H](CC(N)=O)NC(=O)c1ccc2ccccc2n1,0.20769892932785003,3.7975744621830536
9912,O=NN(CCF)C(=O)NC1CC2CCC1C2,0.5902228521608064,4.724620969875812
9913,CC(C)N(CCC(CCN(C(C)C)C(C)C)(C(N)=O)c1ccccc1)C(C)C,0.5752829229236686,2.8128426797977983
9914,CN(C)c1ccc(C2CC(c3ccc(N4C(=O)c5ccccc5NC45CCCCC5)cc3)=NN2c2ccccc2)cc1,0.2725696284881507,3.7122655376481166
9915,c1coc(CN2CCc3c([nH]c4ccccc34)C2)c1,0.7584423071109897,2.1706837613382817
9916,CC(C)N(CCC(CCN(C(C)C)C(C)C)(C(N)=O)c1ccc(Cl)c(Cl)c1)C(C)C,0.43496108308076625,2.95197107415831
9917,O=C(c1cccc2ccccc12)c1cn(CCN2CCOCC2)c2ccccc12,0.479716629673805,2.1532810217001153
9918,CCC[C@H]1OC(=O)[C@@H]1CCCc1ccccc1,0.7029900508083444,2.82388156875224
9919,CCCCCCCCCCCCCC[C@]1(C(=O)OC)CO1,0.2566515753215155,2.749205361494944
9920,O=C1c2ccccc2C(=O)c2c(O)c3c(c(O)c21)C(=O)C(C(=O)O)CN3c1ccc(F)cc1,0.31558228640118985,3.2622746319556857
9921,CCCC(=O)N[C@H]1Cc2cccc3ccc(OC)c(c23)C1,0.9352300655926641,2.653658999043836
9922,CCCCCCCCCCCCCCCCOC[C@@H]1C[C@@H](COC(=O)N(Cc2cccc[n+]2CC)C(C)=O)O1.[I-],0.105210521849301,3.8445466085499724
9923,O=NN(CCF)C(=O)NC1CCC(NC(=O)N(CCCl)N=O)CC1,0.3863990174469327,3.3000411955984097
9924,O=S(=O)(CS(=O)(=O)C(F)(F)F)c1c(Cl)cccc1Cl,0.8342297823425885,2.6778720204475945
9925,CCC(C)c1ccc2nc3sc(C(=O)O)cn3c(=O)c2c1,0.806567437758433,2.983361545462934
9926,COC(=O)c1nc2n(c1C(=O)O)-c1ccccc1OC2,0.8286484869611461,2.6935358503364917
9927,CC(C)c1ccc2c(c1)CC[C@H]1[C@@H](CO)CCC[C@]21C,0.8445285099153657,3.4403321020653204
9928,CC(C)N(CCC(CCN(C)C1CCCCC1)(C(N)=O)c1ccccc1F)C(C)C,0.5649194414579882,3.2628846083479823
9929,CC(C)N(CCC(CCCN(C)C)(C(N)=O)c1ccccc1)C(C)C,0.6682969575543651,3.085563262319882
9930,Nc1cc(-c2ccncc2)c[nH]c1=O,0.6996440987416697,2.3446109703075226
9931,CN(C)Cc1ccc(CSCCNC(=NC#N)NCCSCc2ccc(CN(C)C)o2)o1,0.1837310620675803,3.3038795784060806
9932,COc1ccc2cccc3c2c1CC(NC(C)=O)C3,0.8948168969720254,2.6492648349566963
9933,Oc1ccc(CCNC[C@H](O)COc2ccc(O)cc2)cc1,0.5577665983371108,2.379795658875347
9934,O=C(O)COc1ccc(C(=O)N2CCC3(CC2)CCN(c2ccncc2)C3)cc1,0.8381644329503689,2.788417992440584
9935,O=C(O)CC1CCN(C(=O)N2CCC3(CC2)CCN(c2ccncc2)C3)CC1,0.864253664341755,3.064271299342705
9936,COc1ccc(C(CCN(C(C)C)C(C)C)(CCN(C(C)C)C(C)C)C(N)=O)cc1,0.513558829463672,2.82843021579564
9937,O=C(O)c1ccc2c(c1)Nc1ccccc1O2,0.6696214406532558,1.9842496273664594
9938,CNn1cc(C(=O)O)c(=O)c2cc(F)c(N3CCCC3)cc21,0.9009908899423313,2.542408350881587
9939,COC(=O)CCc1ccccc1OCC(O)CNCCNC(=O)C(C)C,0.3755630220208661,2.6630190988445595
9940,C=CCO/N=C(\C(=O)N[C@@H]1C(=O)N2C(C(=O)O)=CCO[C@H]12)c1csc(N)n1,0.18014831504866638,4.161796622219093
9941,O=C(O)CC1CCN1,0.524663669468493,2.9268663462892235
9942,C=CC1CN2CCC1CC2[C@@H](O)c1ccnc2ccc(OC)cc12,0.8776016184783941,4.515548580286903
9943,Cc1cccc(C)c1CCC(=O)N[C@@H](Cc1ccccc1)[C@H](O)CN1CC[C@@H](OCc2ccncc2)C[C@H]1C(=O)NC(C)(C)C,0.25838416858590557,3.919045830185131
9945,CCc1nc(C(=O)O)c2c(O)nc3ccccc3n12,0.7310536689118778,2.613215271536127
9946,c1ccc2c(CN3CCc4c([nH]c5ccccc45)C3)ccnc2c1,0.598986035529272,2.156655880913096
9947,CCCCCCCCCCCc1cc(O)cc(O)n1,0.6093809121159544,2.405564328139901
9948,Cc1ccc(S(=O)(=O)O)cc1.N/C(=N\O)N/N=C/c1ccc(Cl)c([N+](=O)[O-])c1,0.1421875749996039,2.585237083124202
9949,COc1ccc(C(=O)c2c(C)n(CCN)c3ccccc23)cc1,0.7366672779653474,1.9974332640980954
9950,COc1ccc2c(c1)CC1(CCCCC1)[N+]([O-])=C2,0.5630551176874771,3.545646603420151
9951,CC(C)(C)NC(=O)[C@@H]1C[C@H](OCc2ccncc2)CCN1C[C@@H](O)[C@H](Cc1ccccc1)NC(=O)O[C@@H]1CCOC1,0.37843658933463076,4.079974959846201
9952,CN(C)Cc1ccc(CSCCN/C=C(/NCCSCc2ccc(CN(C)C)o2)[N+](=O)[O-])o1,0.19206287906536987,3.4600926583013463
9953,CCS(=O)(=O)CCc1c(O)n(Cc2ccccc2)c2nc3c(c(=O)n(C)c(=O)n3C)n2c1=O,0.4085149675400457,2.872964122321198
9955,CCn1c(=O)c2cc(C(=O)Nc3nn[nH]n3)cn2c2ccccc21,0.5851528661614678,2.6024515330870077
9956,COC(=O)CC(C(=O)Oc1c(OC)cc(C)cc1OC)N1CCCCCC1,0.5325697816654773,2.78042780198815
9957,COC(=O)[C@H](C)NC(=O)CSC1=C(OC)C(=O)c2ccccc2C1=O,0.7614493023412533,2.9727319089059545
9958,O=C(Sc1ccccc1)c1cc2cc(CCl)ccc2oc1=O,0.4037956301407211,2.4045123681757694
9959,CC[C@H](NC(=O)[C@H](CC1CCCCC1)NC(=O)[C@@H](NC(=O)[C@H](CC(C)C)NC(=O)c1cnccn1)[C@@H](C)CC)C(=O)C(=O)N1CCOCC1,0.17772660598339945,4.23112983023139
9960,Cn1nnnc1SCC1=C(C(=O)OC(c2ccccc2)c2ccccc2)N2C(=O)[C@@H](Nc3nc4ccccc4[nH]3)C2SC1,0.1425144833248066,3.719364876097888
9961,COc1ccc(C(=O)c2c(C)n(CCN3CCCC(O)C3)c3ccccc23)cc1,0.6509092569373395,2.6546072880846996
9962,O=C(OCC(O)CO)c1cn2c(ccc3ccccc32)n1,0.6989305338987405,2.8320043836592212
9963,Cc1c(O)n(Cc2ccccc2)c2nc3c(c(=O)n(C)c(=O)n3C)n2c1=O,0.541563470728462,2.589187500299561
9964,COc1cccc(OC)c1OC(=O)C(CCSC)N1CCCCC1,0.5282387736932918,2.74137795635734
9965,O=S(=O)(Nc1ccc(CCNC[C@H](O)COc2ccc(O)cc2)cc1)c1ccc2ccccc2c1,0.23651481603678615,2.642307765848823
9966,CS(=O)(=O)/C=C/C(Cc1ccccc1)NC(=O)CN,0.7814297918774387,2.8858392925503846
9967,COC[C@H]1OC(=O)c2coc3c2[C@@]1(C)C1=C(C3=O)[C@@H]2C[C@@H](Br)C(=O)[C@@]2(C)C[C@H]1OC(C)=O,0.45413829196437083,5.003112874723369
9968,O=C(c1ccc(N(c2ccccc2)[C@@H]2C[C@H]3CC[C@@H](C2)N3CCc2ccccc2)cc1)N1CCCC1,0.39792316979143016,4.01571920859179
9969,CN(C)c1ccc2c(c1)C(c1ccccc1)=NCC(=O)N2C,0.8529174297159657,2.2797605780304284
9970,O=C(O)c1cc2c(ccc3ccccc32)s1,0.688275151485385,1.8780959669871287
9971,O=Cc1cn2c(cnc3ccccc32)n1,0.5575877530558221,2.5856652866360843
9972,Cc1c(O)n(Cc2cccc(F)c2)c2nc3c(c(=O)n(C)c(=O)n3C)n2c1=O,0.5327375271132494,2.698747220776024
9973,COC(=O)c1nc2n(c1CO)-c1ccccc1OC2,0.8167024074783364,2.743038687114261
9974,CCN(C)C(=O)c1ccc(N(c2ccccc2)[C@@H]2C[C@H]3CC[C@@H](C2)N3C)cc1,0.7652141140356518,4.041733500728604
9975,O=C(NCc1cccc2ccccc12)Nc1cccc(NC(=O)NCc2cccc3ccccc23)c1,0.22257180942897148,2.036656489979915
9976,CC(=O)N[C@@H](Cc1ccc(OP(=O)(O)O)cc1)C(=O)N[C@@H](CCC(=O)O)C(=O)N(CCCC(=O)O)CCCc1ccccc1,0.12239572375616597,3.4416917602818
9977,Cc1c(C(=O)c2ccccc2F)c2ccccc2n1C(C)C(=O)O,0.7385551548448148,2.6369379728114755
9978,Cn1c(=O)c2c(nc3n(Cc4ccccc4)c(O)c(C4C=CCCC4)c(=O)n23)n(C)c1=O,0.49478132625031684,3.416566351776834
9979,CC[C@H](C(=O)Oc1c(OC)cc(C)cc1OC)N(CCOC)CCOC,0.4135876173638636,2.9119631129290635
9980,O=C(O)Cc1cn2c(n1)COc1ccccc1-2,0.8463040190771871,2.5498395802706977
9981,CC[C@H](NC(=O)[C@H](CC1CCCCC1)NC(=O)[C@@H](NC(=O)[C@H](CC(C)C)NC(=O)c1cnccn1)[C@@H](C)CC)C(=O)C(=O)NCC(=O)O,0.11533490682908913,4.163272612632736
9982,c1cnoc1,0.4472609802175263,4.227889920749901
9983,CCc1ccc(/N=N/c2ccc(C(=O)O)cc2)cc1CC,0.7905616594551756,2.2703990311231745
9984,O/N=C\c1cn2c(n1)COc1ccccc1-2,0.4459784688237994,3.0065632052992326
9985,Cn1c(=O)c2c(nc3n(Cc4ccccc4)c(O)c(N)c(=O)n23)n(C)c1=O,0.48515257481147733,2.7041667102787716
9986,O=Cc1cn2c(ccc3ccccc32)n1,0.5594954011595428,2.419602699223498
9987,CC(C)n1c(=S)nc(-c2ccc(F)cc2)c2cc3c(cc21)OCO3,0.6219186075783548,2.5957013560262183
9988,OCc1cn2c(cc(Cl)c3ccc(Cl)cc32)n1,0.734182189960708,2.568043504917478
9989,CC(C)Oc1cc2nc(C(=O)O)cn2c2cc(Cl)ccc12,0.802315982485836,2.546428501068773
9990,CCCC(=O)Nc1ccc(S(=O)(=O)Nc2ccc(CCNC[C@H](O)COc3ccc(O)cc3)cc2)cc1,0.20241323233167013,2.705624411143452
9991,CCCCN(CCC)C(=O)c1ccc(N(c2ccccc2)[C@@H]2C[C@H]3CC[C@@H](C2)N3C)cc1,0.47780674574996246,4.092632263679271
9992,COc1ccc2c(c1)OC=C(c1ccc(OC)c(OC)c1)[C@H]2O,0.939078436461024,2.945150299514495
9993,COC(=O)c1ccccc1OCC(O)CNCCNC(=O)C(C)C,0.4263782271114432,2.555176434349937
9994,COc1ccc(CC(=O)c2ccc(OC)cc2)cc1,0.7709208747260936,1.448846379421953
9995,CCCCn1c(=O)c2nc(C(=O)O)cn2c2ccccc21,0.7964692063521678,2.3585333205625467
9996,CC(C)N1C(=O)NC(c2ccc(C(=O)O)cc2)c2cc3c(cc21)OCO3,0.884001571192636,2.9779907268740633
9997,C[C@H](O)CNc1nccc(-n2ccnc2Cc2cccc(NC(=O)c3ccccc3Sc3ccccc3C#N)c2)n1,0.20897056064623593,3.3280852050391942
9998,O=C(Nc1cccc2ccccc12)NC1CCCC(NC(=O)Nc2cccc3ccccc23)C1,0.29524507178155296,2.874578060496395
9999,CC(C)n1c(=O)nc(-c2ccccc2)c2cc3c(cc21)OCO3,0.7281013357991416,2.3261635491976094
10000,O=C(Nc1cccc(NC(=O)c2cc(Cl)cc(Cl)c2)c1)c1cc(Cl)cc(Cl)c1,0.4555666893866823,1.9072020254793163
